region_3,timestep_6,value,scenario_1,parameter,carrier_1
at,h0049,6.053455999376082,scr2004,dem,electricity
at,h0050,5.289080781109847,scr2004,dem,electricity
at,h0051,4.655279173830037,scr2004,dem,electricity
at,h0052,5.526394719338189,scr2004,dem,electricity
at,h0053,6.116573560227588,scr2004,dem,electricity
at,h0054,6.473276223113942,scr2004,dem,electricity
at,h0055,7.163961644469762,scr2004,dem,electricity
at,h0056,7.501741089418033,scr2004,dem,electricity
at,h0057,8.51580617148862,scr2004,dem,electricity
at,h0058,8.097714978253578,scr2004,dem,electricity
at,h0059,8.428623393582257,scr2004,dem,electricity
at,h0060,7.740381120339993,scr2004,dem,electricity
at,h0061,6.556325015891865,scr2004,dem,electricity
at,h0062,5.591192246690728,scr2004,dem,electricity
at,h0063,4.317859210170054,scr2004,dem,electricity
at,h0064,5.367799127353731,scr2004,dem,electricity
at,h0065,5.952863888438767,scr2004,dem,electricity
at,h0066,8.003070311305958,scr2004,dem,electricity
at,h0067,8.407792970743774,scr2004,dem,electricity
at,h0068,9.097306217163059,scr2004,dem,electricity
at,h0069,8.786826458419181,scr2004,dem,electricity
at,h0070,7.794386965954573,scr2004,dem,electricity
at,h0071,7.3058824141861844,scr2004,dem,electricity
at,h0072,6.1269630040021,scr2004,dem,electricity
be,h0049,7.830190196429612,scr2004,dem,electricity
be,h0050,7.311805289806216,scr2004,dem,electricity
be,h0051,6.375754970868002,scr2004,dem,electricity
be,h0052,6.468894492703839,scr2004,dem,electricity
be,h0053,8.039013533052639,scr2004,dem,electricity
be,h0054,8.35555415712588,scr2004,dem,electricity
be,h0055,9.388682966236956,scr2004,dem,electricity
be,h0056,8.7450041443808,scr2004,dem,electricity
be,h0057,9.563971846728236,scr2004,dem,electricity
be,h0058,9.18932127316657,scr2004,dem,electricity
be,h0059,9.391654015038512,scr2004,dem,electricity
be,h0060,9.021286363116815,scr2004,dem,electricity
be,h0061,8.04667457024334,scr2004,dem,electricity
be,h0062,7.407777595872176,scr2004,dem,electricity
be,h0063,6.108529763630941,scr2004,dem,electricity
be,h0064,6.540865552320611,scr2004,dem,electricity
be,h0065,6.506413412877009,scr2004,dem,electricity
be,h0066,7.926156885543605,scr2004,dem,electricity
be,h0067,8.171550774815842,scr2004,dem,electricity
be,h0068,8.750210714511923,scr2004,dem,electricity
be,h0069,8.410966729032225,scr2004,dem,electricity
be,h0070,7.742450849560555,scr2004,dem,electricity
be,h0071,7.432812994957203,scr2004,dem,electricity
be,h0072,6.91509713511914,scr2004,dem,electricity
bg,h0049,3.2478451995702926,scr2004,dem,electricity
bg,h0050,2.7035341227820027,scr2004,dem,electricity
bg,h0051,2.2951423283520853,scr2004,dem,electricity
bg,h0052,2.41043155863008,scr2004,dem,electricity
bg,h0053,3.151213710552838,scr2004,dem,electricity
bg,h0054,3.406112760436372,scr2004,dem,electricity
bg,h0055,3.722407045388536,scr2004,dem,electricity
bg,h0056,3.561104066182452,scr2004,dem,electricity
bg,h0057,3.7951113448216347,scr2004,dem,electricity
bg,h0058,3.65013301349245,scr2004,dem,electricity
bg,h0059,3.7597851174577954,scr2004,dem,electricity
bg,h0060,3.6509563398867613,scr2004,dem,electricity
bg,h0061,3.2530224888323573,scr2004,dem,electricity
bg,h0062,2.8615264787586057,scr2004,dem,electricity
bg,h0063,2.2429734691249905,scr2004,dem,electricity
bg,h0064,2.577946841054654,scr2004,dem,electricity
bg,h0065,2.7948976689585834,scr2004,dem,electricity
bg,h0066,3.505670776918123,scr2004,dem,electricity
bg,h0067,3.767434861212678,scr2004,dem,electricity
bg,h0068,3.9965762084757444,scr2004,dem,electricity
bg,h0069,3.9189702742296504,scr2004,dem,electricity
bg,h0070,3.5159615428128745,scr2004,dem,electricity
bg,h0071,3.4182848526979797,scr2004,dem,electricity
bg,h0072,3.068054799696256,scr2004,dem,electricity
ch,h0049,3.3057887628674507,scr2004,dem,electricity
ch,h0050,3.5904405638575554,scr2004,dem,electricity
ch,h0051,3.5341645628213882,scr2004,dem,electricity
ch,h0052,3.609406590461731,scr2004,dem,electricity
ch,h0053,3.685690090060234,scr2004,dem,electricity
ch,h0054,3.6471893042325974,scr2004,dem,electricity
ch,h0055,4.071112230420113,scr2004,dem,electricity
ch,h0056,4.084333546459675,scr2004,dem,electricity
ch,h0057,4.4615786746144295,scr2004,dem,electricity
ch,h0058,4.2091329246759415,scr2004,dem,electricity
ch,h0059,4.123521909117699,scr2004,dem,electricity
ch,h0060,3.846663184463978,scr2004,dem,electricity
ch,h0061,3.5227466449141502,scr2004,dem,electricity
ch,h0062,3.5336442813277245,scr2004,dem,electricity
ch,h0063,3.3267374262213707,scr2004,dem,electricity
ch,h0064,3.4922749623656273,scr2004,dem,electricity
ch,h0065,3.2216633930802345,scr2004,dem,electricity
ch,h0066,3.6801369339227676,scr2004,dem,electricity
ch,h0067,3.9226603507995605,scr2004,dem,electricity
ch,h0068,4.282027244567871,scr2004,dem,electricity
ch,h0069,4.125279165804386,scr2004,dem,electricity
ch,h0070,3.696552760899067,scr2004,dem,electricity
ch,h0071,3.303079128265381,scr2004,dem,electricity
ch,h0072,2.8489693105220795,scr2004,dem,electricity
cz,h0049,5.779020249843597,scr2004,dem,electricity
cz,h0050,5.611227855086327,scr2004,dem,electricity
cz,h0051,5.123390018939972,scr2004,dem,electricity
cz,h0052,5.780593231320381,scr2004,dem,electricity
cz,h0053,6.654223710298538,scr2004,dem,electricity
cz,h0054,6.965832367539406,scr2004,dem,electricity
cz,h0055,7.388287588953972,scr2004,dem,electricity
cz,h0056,6.808364540338516,scr2004,dem,electricity
cz,h0057,7.237595573067665,scr2004,dem,electricity
cz,h0058,6.831628814339638,scr2004,dem,electricity
cz,h0059,7.073558658361435,scr2004,dem,electricity
cz,h0060,6.604899495840073,scr2004,dem,electricity
cz,h0061,5.867288887500763,scr2004,dem,electricity
cz,h0062,4.987201109528542,scr2004,dem,electricity
cz,h0063,3.895121991634369,scr2004,dem,electricity
cz,h0064,4.633283779025078,scr2004,dem,electricity
cz,h0065,5.085940465331078,scr2004,dem,electricity
cz,h0066,6.533411160111427,scr2004,dem,electricity
cz,h0067,6.869949817657471,scr2004,dem,electricity
cz,h0068,7.33495806157589,scr2004,dem,electricity
cz,h0069,7.035854458808899,scr2004,dem,electricity
cz,h0070,6.282230392098427,scr2004,dem,electricity
cz,h0071,5.922379374504089,scr2004,dem,electricity
cz,h0072,5.048958346247673,scr2004,dem,electricity
de,h0049,47.920348147954,scr2004,dem,electricity
de,h0050,43.52122801230239,scr2004,dem,electricity
de,h0051,38.272539123834875,scr2004,dem,electricity
de,h0052,42.504263087711806,scr2004,dem,electricity
de,h0053,46.10188502071509,scr2004,dem,electricity
de,h0054,47.47398670293349,scr2004,dem,electricity
de,h0055,54.33367962203455,scr2004,dem,electricity
de,h0056,56.16544937169796,scr2004,dem,electricity
de,h0057,63.15404939064909,scr2004,dem,electricity
de,h0058,59.81668711244255,scr2004,dem,electricity
de,h0059,62.89319608862422,scr2004,dem,electricity
de,h0060,58.9757006117802,scr2004,dem,electricity
de,h0061,50.4301281143245,scr2004,dem,electricity
de,h0062,43.81397544763837,scr2004,dem,electricity
de,h0063,34.754291778091755,scr2004,dem,electricity
de,h0064,41.41301942957902,scr2004,dem,electricity
de,h0065,44.12833434591347,scr2004,dem,electricity
de,h0066,57.959426469800746,scr2004,dem,electricity
de,h0067,62.6853901836176,scr2004,dem,electricity
de,h0068,68.71685583627634,scr2004,dem,electricity
de,h0069,66.78395677445228,scr2004,dem,electricity
de,h0070,58.41982030671957,scr2004,dem,electricity
de,h0071,55.188190748846566,scr2004,dem,electricity
de,h0072,47.351237830112765,scr2004,dem,electricity
gr,h0049,5.312945211660281,scr2004,dem,electricity
gr,h0050,4.561060751294271,scr2004,dem,electricity
gr,h0051,3.707073967033268,scr2004,dem,electricity
gr,h0052,3.664837450224876,scr2004,dem,electricity
gr,h0053,3.871372180186935,scr2004,dem,electricity
gr,h0054,4.360562936330465,scr2004,dem,electricity
gr,h0055,5.149842125294409,scr2004,dem,electricity
gr,h0056,5.46567042459371,scr2004,dem,electricity
gr,h0057,5.646908382076781,scr2004,dem,electricity
gr,h0058,5.37998439729522,scr2004,dem,electricity
gr,h0059,5.780441877370489,scr2004,dem,electricity
gr,h0060,6.190497933544517,scr2004,dem,electricity
gr,h0061,5.584010563188275,scr2004,dem,electricity
gr,h0062,4.71777140220213,scr2004,dem,electricity
gr,h0063,3.6794260949093447,scr2004,dem,electricity
gr,h0064,3.8358013580987556,scr2004,dem,electricity
gr,h0065,4.339725132878434,scr2004,dem,electricity
gr,h0066,5.412038868148729,scr2004,dem,electricity
gr,h0067,6.249315146630816,scr2004,dem,electricity
gr,h0068,6.600440724757088,scr2004,dem,electricity
gr,h0069,6.319682585034999,scr2004,dem,electricity
gr,h0070,5.525127459997016,scr2004,dem,electricity
gr,h0071,5.803711670940872,scr2004,dem,electricity
gr,h0072,5.907281835824608,scr2004,dem,electricity
es,h0049,28.057660190272145,scr2004,dem,electricity
0,h0049,28.057660190272145,scr2004,dem,electricity
es,h0050,26.736466824368108,scr2004,dem,electricity
0,h0050,26.736466824368108,scr2004,dem,electricity
es,h0051,22.58362955157645,scr2004,dem,electricity
0,h0051,22.58362955157645,scr2004,dem,electricity
es,h0052,21.054107311472762,scr2004,dem,electricity
0,h0052,21.054107311472762,scr2004,dem,electricity
es,h0053,25.138528315117583,scr2004,dem,electricity
0,h0053,25.138528315117583,scr2004,dem,electricity
es,h0054,25.429595133289695,scr2004,dem,electricity
0,h0054,25.429595133289695,scr2004,dem,electricity
es,h0055,30.174344073515385,scr2004,dem,electricity
0,h0055,30.174344073515385,scr2004,dem,electricity
es,h0056,28.719348618527874,scr2004,dem,electricity
0,h0056,28.719348618527874,scr2004,dem,electricity
es,h0057,31.952588459243998,scr2004,dem,electricity
0,h0057,31.952588459243998,scr2004,dem,electricity
es,h0058,30.063672045478597,scr2004,dem,electricity
0,h0058,30.063672045478597,scr2004,dem,electricity
es,h0059,31.131616671278607,scr2004,dem,electricity
0,h0059,31.131616671278607,scr2004,dem,electricity
es,h0060,31.14209164568456,scr2004,dem,electricity
0,h0060,31.14209164568456,scr2004,dem,electricity
es,h0061,28.8141323843156,scr2004,dem,electricity
0,h0061,28.8141323843156,scr2004,dem,electricity
es,h0062,25.757610209286213,scr2004,dem,electricity
0,h0062,25.757610209286213,scr2004,dem,electricity
es,h0063,20.175656365172472,scr2004,dem,electricity
0,h0063,20.175656365172472,scr2004,dem,electricity
es,h0064,20.855224030441605,scr2004,dem,electricity
0,h0064,20.855224030441605,scr2004,dem,electricity
es,h0065,20.606896660930943,scr2004,dem,electricity
0,h0065,20.606896660930943,scr2004,dem,electricity
es,h0066,27.3606625473476,scr2004,dem,electricity
0,h0066,27.3606625473476,scr2004,dem,electricity
es,h0067,30.924877634388395,scr2004,dem,electricity
0,h0067,30.924877634388395,scr2004,dem,electricity
es,h0068,34.22812424512813,scr2004,dem,electricity
0,h0068,34.22812424512813,scr2004,dem,electricity
es,h0069,32.59082091378514,scr2004,dem,electricity
0,h0069,32.59082091378514,scr2004,dem,electricity
es,h0070,26.499910268525127,scr2004,dem,electricity
0,h0070,26.499910268525127,scr2004,dem,electricity
es,h0071,25.33455843955744,scr2004,dem,electricity
0,h0071,25.33455843955744,scr2004,dem,electricity
es,h0072,23.881755023729056,scr2004,dem,electricity
0,h0072,23.881755023729056,scr2004,dem,electricity
dk_w,h0049,2.9363894553856533,scr2004,dem,electricity
dk_e,h0049,2.9363894553856533,scr2004,dem,electricity
0,h0049,2.9363894553856533,scr2004,dem,electricity
dk_w,h0050,2.666826931214945,scr2004,dem,electricity
dk_e,h0050,2.666826931214945,scr2004,dem,electricity
0,h0050,2.666826931214945,scr2004,dem,electricity
dk_w,h0051,2.3452058393442745,scr2004,dem,electricity
dk_e,h0051,2.3452058393442745,scr2004,dem,electricity
0,h0051,2.3452058393442745,scr2004,dem,electricity
dk_w,h0052,2.6045109172806016,scr2004,dem,electricity
dk_e,h0052,2.6045109172806016,scr2004,dem,electricity
0,h0052,2.6045109172806016,scr2004,dem,electricity
dk_w,h0053,2.8249604657003773,scr2004,dem,electricity
dk_e,h0053,2.8249604657003773,scr2004,dem,electricity
0,h0053,2.8249604657003773,scr2004,dem,electricity
dk_w,h0054,2.9090380043716944,scr2004,dem,electricity
dk_e,h0054,2.9090380043716944,scr2004,dem,electricity
0,h0054,2.9090380043716944,scr2004,dem,electricity
dk_w,h0055,3.329375726062007,scr2004,dem,electricity
dk_e,h0055,3.329375726062007,scr2004,dem,electricity
0,h0055,3.329375726062007,scr2004,dem,electricity
dk_w,h0056,3.4416200982182032,scr2004,dem,electricity
dk_e,h0056,3.4416200982182032,scr2004,dem,electricity
0,h0056,3.4416200982182032,scr2004,dem,electricity
dk_w,h0057,3.869856790422459,scr2004,dem,electricity
dk_e,h0057,3.869856790422459,scr2004,dem,electricity
0,h0057,3.869856790422459,scr2004,dem,electricity
dk_w,h0058,3.6653550331579727,scr2004,dem,electricity
dk_e,h0058,3.6653550331579727,scr2004,dem,electricity
0,h0058,3.6653550331579727,scr2004,dem,electricity
dk_w,h0059,3.8538726226114473,scr2004,dem,electricity
dk_e,h0059,3.8538726226114473,scr2004,dem,electricity
0,h0059,3.8538726226114473,scr2004,dem,electricity
dk_w,h0060,3.61382235450094,scr2004,dem,electricity
dk_e,h0060,3.61382235450094,scr2004,dem,electricity
0,h0060,3.61382235450094,scr2004,dem,electricity
dk_w,h0061,3.0901798945920196,scr2004,dem,electricity
dk_e,h0061,3.0901798945920196,scr2004,dem,electricity
0,h0061,3.0901798945920196,scr2004,dem,electricity
dk_w,h0062,2.684765458859269,scr2004,dem,electricity
dk_e,h0062,2.684765458859269,scr2004,dem,electricity
0,h0062,2.684765458859269,scr2004,dem,electricity
dk_w,h0063,2.129620085549226,scr2004,dem,electricity
dk_e,h0063,2.129620085549226,scr2004,dem,electricity
0,h0063,2.129620085549226,scr2004,dem,electricity
dk_w,h0064,2.5376433661703905,scr2004,dem,electricity
dk_e,h0064,2.5376433661703905,scr2004,dem,electricity
0,h0064,2.5376433661703905,scr2004,dem,electricity
dk_w,h0065,2.70402826062266,scr2004,dem,electricity
dk_e,h0065,2.70402826062266,scr2004,dem,electricity
0,h0065,2.70402826062266,scr2004,dem,electricity
dk_w,h0066,3.551548669810718,scr2004,dem,electricity
dk_e,h0066,3.551548669810718,scr2004,dem,electricity
0,h0066,3.551548669810718,scr2004,dem,electricity
dk_w,h0067,3.841139011899917,scr2004,dem,electricity
dk_e,h0067,3.841139011899917,scr2004,dem,electricity
0,h0067,3.841139011899917,scr2004,dem,electricity
dk_w,h0068,4.210725895321682,scr2004,dem,electricity
dk_e,h0068,4.210725895321682,scr2004,dem,electricity
0,h0068,4.210725895321682,scr2004,dem,electricity
dk_w,h0069,4.092284676263358,scr2004,dem,electricity
dk_e,h0069,4.092284676263358,scr2004,dem,electricity
0,h0069,4.092284676263358,scr2004,dem,electricity
dk_w,h0070,3.579759975158518,scr2004,dem,electricity
dk_e,h0070,3.579759975158518,scr2004,dem,electricity
0,h0070,3.579759975158518,scr2004,dem,electricity
dk_w,h0071,3.38173714553472,scr2004,dem,electricity
dk_e,h0071,3.38173714553472,scr2004,dem,electricity
0,h0071,3.38173714553472,scr2004,dem,electricity
dk_w,h0072,2.9015163880418853,scr2004,dem,electricity
dk_e,h0072,2.9015163880418853,scr2004,dem,electricity
0,h0072,2.9015163880418853,scr2004,dem,electricity
ee,h0049,0.6587196370341324,scr2004,dem,electricity
ee,h0050,0.5670339182125046,scr2004,dem,electricity
ee,h0051,0.517242971933388,scr2004,dem,electricity
ee,h0052,0.6150184602655603,scr2004,dem,electricity
ee,h0053,0.793577970667158,scr2004,dem,electricity
ee,h0054,0.8709231081728552,scr2004,dem,electricity
ee,h0055,0.9311222896782569,scr2004,dem,electricity
ee,h0056,0.8604689066293427,scr2004,dem,electricity
ee,h0057,0.9085009850761951,scr2004,dem,electricity
ee,h0058,0.7919686293309547,scr2004,dem,electricity
ee,h0059,0.7878662276619051,scr2004,dem,electricity
ee,h0060,0.72116978862623,scr2004,dem,electricity
ee,h0061,0.6646751903596751,scr2004,dem,electricity
ee,h0062,0.5603930315120219,scr2004,dem,electricity
ee,h0063,0.46400148943203845,scr2004,dem,electricity
ee,h0064,0.5593327023687701,scr2004,dem,electricity
ee,h0065,0.657261243425526,scr2004,dem,electricity
ee,h0066,0.8445692175772705,scr2004,dem,electricity
ee,h0067,0.9173674646414289,scr2004,dem,electricity
ee,h0068,0.9776405585427701,scr2004,dem,electricity
ee,h0069,0.9537147611215608,scr2004,dem,electricity
ee,h0070,0.8643204106163036,scr2004,dem,electricity
ee,h0071,0.8357733775669172,scr2004,dem,electricity
ee,h0072,0.7487573903887534,scr2004,dem,electricity
fi,h0049,6.679064102674602,scr2004,dem,electricity
fi,h0050,6.31935064746358,scr2004,dem,electricity
fi,h0051,5.78148101583065,scr2004,dem,electricity
fi,h0052,5.952048376057064,scr2004,dem,electricity
fi,h0053,6.751303761499003,scr2004,dem,electricity
fi,h0054,7.083064904960338,scr2004,dem,electricity
fi,h0055,7.4698066915007075,scr2004,dem,electricity
fi,h0056,7.147299770498648,scr2004,dem,electricity
fi,h0057,7.49031940344139,scr2004,dem,electricity
fi,h0058,7.241370318777626,scr2004,dem,electricity
fi,h0059,7.314571732509648,scr2004,dem,electricity
fi,h0060,7.011393421606044,scr2004,dem,electricity
fi,h0061,6.591726613682113,scr2004,dem,electricity
fi,h0062,6.047405846285983,scr2004,dem,electricity
fi,h0063,5.433546874264721,scr2004,dem,electricity
fi,h0064,5.484325218378217,scr2004,dem,electricity
fi,h0065,5.629899156600004,scr2004,dem,electricity
fi,h0066,6.385376626611105,scr2004,dem,electricity
fi,h0067,6.831221825705143,scr2004,dem,electricity
fi,h0068,7.19679309980711,scr2004,dem,electricity
fi,h0069,7.117974996086559,scr2004,dem,electricity
fi,h0070,6.740923646604642,scr2004,dem,electricity
fi,h0071,6.619960999611067,scr2004,dem,electricity
fi,h0072,6.339077538257698,scr2004,dem,electricity
fr,h0049,40.567571512656286,scr2004,dem,electricity
fr_co,h0049,40.567571512656286,scr2004,dem,electricity
0,h0049,40.567571512656286,scr2004,dem,electricity
fr,h0050,38.12734712532256,scr2004,dem,electricity
fr_co,h0050,38.12734712532256,scr2004,dem,electricity
0,h0050,38.12734712532256,scr2004,dem,electricity
fr,h0051,31.208298682700843,scr2004,dem,electricity
fr_co,h0051,31.208298682700843,scr2004,dem,electricity
0,h0051,31.208298682700843,scr2004,dem,electricity
fr,h0052,31.482009097468108,scr2004,dem,electricity
fr_co,h0052,31.482009097468108,scr2004,dem,electricity
0,h0052,31.482009097468108,scr2004,dem,electricity
fr,h0053,39.754513103398494,scr2004,dem,electricity
fr_co,h0053,39.754513103398494,scr2004,dem,electricity
0,h0053,39.754513103398494,scr2004,dem,electricity
fr,h0054,41.586093478719704,scr2004,dem,electricity
fr_co,h0054,41.586093478719704,scr2004,dem,electricity
0,h0054,41.586093478719704,scr2004,dem,electricity
fr,h0055,47.638638854725286,scr2004,dem,electricity
fr_co,h0055,47.638638854725286,scr2004,dem,electricity
0,h0055,47.638638854725286,scr2004,dem,electricity
fr,h0056,43.79796947038267,scr2004,dem,electricity
fr_co,h0056,43.79796947038267,scr2004,dem,electricity
0,h0056,43.79796947038267,scr2004,dem,electricity
fr,h0057,47.94752733130008,scr2004,dem,electricity
fr_co,h0057,47.94752733130008,scr2004,dem,electricity
0,h0057,47.94752733130008,scr2004,dem,electricity
fr,h0058,45.15866936463863,scr2004,dem,electricity
fr_co,h0058,45.15866936463863,scr2004,dem,electricity
0,h0058,45.15866936463863,scr2004,dem,electricity
fr,h0059,46.486051395419054,scr2004,dem,electricity
fr_co,h0059,46.486051395419054,scr2004,dem,electricity
0,h0059,46.486051395419054,scr2004,dem,electricity
fr,h0060,46.70928356971126,scr2004,dem,electricity
fr_co,h0060,46.70928356971126,scr2004,dem,electricity
0,h0060,46.70928356971126,scr2004,dem,electricity
fr,h0061,42.146302808774635,scr2004,dem,electricity
fr_co,h0061,42.146302808774635,scr2004,dem,electricity
0,h0061,42.146302808774635,scr2004,dem,electricity
fr,h0062,38.80861332139466,scr2004,dem,electricity
fr_co,h0062,38.80861332139466,scr2004,dem,electricity
0,h0062,38.80861332139466,scr2004,dem,electricity
fr,h0063,29.063055400154553,scr2004,dem,electricity
fr_co,h0063,29.063055400154553,scr2004,dem,electricity
0,h0063,29.063055400154553,scr2004,dem,electricity
fr,h0064,30.934536744025536,scr2004,dem,electricity
fr_co,h0064,30.934536744025536,scr2004,dem,electricity
0,h0064,30.934536744025536,scr2004,dem,electricity
fr,h0065,32.08892846596427,scr2004,dem,electricity
fr_co,h0065,32.08892846596427,scr2004,dem,electricity
0,h0065,32.08892846596427,scr2004,dem,electricity
fr,h0066,43.25224373443052,scr2004,dem,electricity
fr_co,h0066,43.25224373443052,scr2004,dem,electricity
0,h0066,43.25224373443052,scr2004,dem,electricity
fr,h0067,48.63125411910005,scr2004,dem,electricity
fr_co,h0067,48.63125411910005,scr2004,dem,electricity
0,h0067,48.63125411910005,scr2004,dem,electricity
fr,h0068,52.68102177383844,scr2004,dem,electricity
fr_co,h0068,52.68102177383844,scr2004,dem,electricity
0,h0068,52.68102177383844,scr2004,dem,electricity
fr,h0069,49.81189063296188,scr2004,dem,electricity
fr_co,h0069,49.81189063296188,scr2004,dem,electricity
0,h0069,49.81189063296188,scr2004,dem,electricity
fr,h0070,42.60430730076041,scr2004,dem,electricity
fr_co,h0070,42.60430730076041,scr2004,dem,electricity
0,h0070,42.60430730076041,scr2004,dem,electricity
fr,h0071,38.6487191132037,scr2004,dem,electricity
fr_co,h0071,38.6487191132037,scr2004,dem,electricity
0,h0071,38.6487191132037,scr2004,dem,electricity
fr,h0072,36.407080777338706,scr2004,dem,electricity
fr_co,h0072,36.407080777338706,scr2004,dem,electricity
0,h0072,36.407080777338706,scr2004,dem,electricity
it_sar,h0049,28.748585750697465,scr2004,dem,electricity
it_n,h0049,28.748585750697465,scr2004,dem,electricity
it_cs,h0049,28.748585750697465,scr2004,dem,electricity
it_s,h0049,28.748585750697465,scr2004,dem,electricity
it_cn,h0049,28.748585750697465,scr2004,dem,electricity
it_sic,h0049,28.748585750697465,scr2004,dem,electricity
it_sar,h0050,25.63660156345439,scr2004,dem,electricity
it_n,h0050,25.63660156345439,scr2004,dem,electricity
it_cs,h0050,25.63660156345439,scr2004,dem,electricity
it_s,h0050,25.63660156345439,scr2004,dem,electricity
it_cn,h0050,25.63660156345439,scr2004,dem,electricity
it_sic,h0050,25.63660156345439,scr2004,dem,electricity
it_sar,h0051,20.74092080704734,scr2004,dem,electricity
it_n,h0051,20.74092080704734,scr2004,dem,electricity
it_cs,h0051,20.74092080704734,scr2004,dem,electricity
it_s,h0051,20.74092080704734,scr2004,dem,electricity
it_cn,h0051,20.74092080704734,scr2004,dem,electricity
it_sic,h0051,20.74092080704734,scr2004,dem,electricity
it_sar,h0052,20.246185045696933,scr2004,dem,electricity
it_n,h0052,20.246185045696933,scr2004,dem,electricity
it_cs,h0052,20.246185045696933,scr2004,dem,electricity
it_s,h0052,20.246185045696933,scr2004,dem,electricity
it_cn,h0052,20.246185045696933,scr2004,dem,electricity
it_sic,h0052,20.246185045696933,scr2004,dem,electricity
it_sar,h0053,26.07904337937446,scr2004,dem,electricity
it_n,h0053,26.07904337937446,scr2004,dem,electricity
it_cs,h0053,26.07904337937446,scr2004,dem,electricity
it_s,h0053,26.07904337937446,scr2004,dem,electricity
it_cn,h0053,26.07904337937446,scr2004,dem,electricity
it_sic,h0053,26.07904337937446,scr2004,dem,electricity
it_sar,h0054,28.315702545593275,scr2004,dem,electricity
it_n,h0054,28.315702545593275,scr2004,dem,electricity
it_cs,h0054,28.315702545593275,scr2004,dem,electricity
it_s,h0054,28.315702545593275,scr2004,dem,electricity
it_cn,h0054,28.315702545593275,scr2004,dem,electricity
it_sic,h0054,28.315702545593275,scr2004,dem,electricity
it_sar,h0055,34.12980913282855,scr2004,dem,electricity
it_n,h0055,34.12980913282855,scr2004,dem,electricity
it_cs,h0055,34.12980913282855,scr2004,dem,electricity
it_s,h0055,34.12980913282855,scr2004,dem,electricity
it_cn,h0055,34.12980913282855,scr2004,dem,electricity
it_sic,h0055,34.12980913282855,scr2004,dem,electricity
it_sar,h0056,30.16482271003244,scr2004,dem,electricity
it_n,h0056,30.16482271003244,scr2004,dem,electricity
it_cs,h0056,30.16482271003244,scr2004,dem,electricity
it_s,h0056,30.16482271003244,scr2004,dem,electricity
it_cn,h0056,30.16482271003244,scr2004,dem,electricity
it_sic,h0056,30.16482271003244,scr2004,dem,electricity
it_sar,h0057,35.55678786726121,scr2004,dem,electricity
it_n,h0057,35.55678786726121,scr2004,dem,electricity
it_cs,h0057,35.55678786726121,scr2004,dem,electricity
it_s,h0057,35.55678786726121,scr2004,dem,electricity
it_cn,h0057,35.55678786726121,scr2004,dem,electricity
it_sic,h0057,35.55678786726121,scr2004,dem,electricity
it_sar,h0058,34.2846634322036,scr2004,dem,electricity
it_n,h0058,34.2846634322036,scr2004,dem,electricity
it_cs,h0058,34.2846634322036,scr2004,dem,electricity
it_s,h0058,34.2846634322036,scr2004,dem,electricity
it_cn,h0058,34.2846634322036,scr2004,dem,electricity
it_sic,h0058,34.2846634322036,scr2004,dem,electricity
it_sar,h0059,37.40262702348459,scr2004,dem,electricity
it_n,h0059,37.40262702348459,scr2004,dem,electricity
it_cs,h0059,37.40262702348459,scr2004,dem,electricity
it_s,h0059,37.40262702348459,scr2004,dem,electricity
it_cn,h0059,37.40262702348459,scr2004,dem,electricity
it_sic,h0059,37.40262702348459,scr2004,dem,electricity
it_sar,h0060,35.28058266834462,scr2004,dem,electricity
it_n,h0060,35.28058266834462,scr2004,dem,electricity
it_cs,h0060,35.28058266834462,scr2004,dem,electricity
it_s,h0060,35.28058266834462,scr2004,dem,electricity
it_cn,h0060,35.28058266834462,scr2004,dem,electricity
it_sic,h0060,35.28058266834462,scr2004,dem,electricity
it_sar,h0061,29.994919334529065,scr2004,dem,electricity
it_n,h0061,29.994919334529065,scr2004,dem,electricity
it_cs,h0061,29.994919334529065,scr2004,dem,electricity
it_s,h0061,29.994919334529065,scr2004,dem,electricity
it_cn,h0061,29.994919334529065,scr2004,dem,electricity
it_sic,h0061,29.994919334529065,scr2004,dem,electricity
it_sar,h0062,25.61530495457786,scr2004,dem,electricity
it_n,h0062,25.61530495457786,scr2004,dem,electricity
it_cs,h0062,25.61530495457786,scr2004,dem,electricity
it_s,h0062,25.61530495457786,scr2004,dem,electricity
it_cn,h0062,25.61530495457786,scr2004,dem,electricity
it_sic,h0062,25.61530495457786,scr2004,dem,electricity
it_sar,h0063,20.371173412272157,scr2004,dem,electricity
it_n,h0063,20.371173412272157,scr2004,dem,electricity
it_cs,h0063,20.371173412272157,scr2004,dem,electricity
it_s,h0063,20.371173412272157,scr2004,dem,electricity
it_cn,h0063,20.371173412272157,scr2004,dem,electricity
it_sic,h0063,20.371173412272157,scr2004,dem,electricity
it_sar,h0064,22.311521254823234,scr2004,dem,electricity
it_n,h0064,22.311521254823234,scr2004,dem,electricity
it_cs,h0064,22.311521254823234,scr2004,dem,electricity
it_s,h0064,22.311521254823234,scr2004,dem,electricity
it_cn,h0064,22.311521254823234,scr2004,dem,electricity
it_sic,h0064,22.311521254823234,scr2004,dem,electricity
it_sar,h0065,24.661283583651517,scr2004,dem,electricity
it_n,h0065,24.661283583651517,scr2004,dem,electricity
it_cs,h0065,24.661283583651517,scr2004,dem,electricity
it_s,h0065,24.661283583651517,scr2004,dem,electricity
it_cn,h0065,24.661283583651517,scr2004,dem,electricity
it_sic,h0065,24.661283583651517,scr2004,dem,electricity
it_sar,h0066,33.418935390673916,scr2004,dem,electricity
it_n,h0066,33.418935390673916,scr2004,dem,electricity
it_cs,h0066,33.418935390673916,scr2004,dem,electricity
it_s,h0066,33.418935390673916,scr2004,dem,electricity
it_cn,h0066,33.418935390673916,scr2004,dem,electricity
it_sic,h0066,33.418935390673916,scr2004,dem,electricity
it_sar,h0067,38.25727333653299,scr2004,dem,electricity
it_n,h0067,38.25727333653299,scr2004,dem,electricity
it_cs,h0067,38.25727333653299,scr2004,dem,electricity
it_s,h0067,38.25727333653299,scr2004,dem,electricity
it_cn,h0067,38.25727333653299,scr2004,dem,electricity
it_sic,h0067,38.25727333653299,scr2004,dem,electricity
it_sar,h0068,41.53950979298423,scr2004,dem,electricity
it_n,h0068,41.53950979298423,scr2004,dem,electricity
it_cs,h0068,41.53950979298423,scr2004,dem,electricity
it_s,h0068,41.53950979298423,scr2004,dem,electricity
it_cn,h0068,41.53950979298423,scr2004,dem,electricity
it_sic,h0068,41.53950979298423,scr2004,dem,electricity
it_sar,h0069,40.134562475050245,scr2004,dem,electricity
it_n,h0069,40.134562475050245,scr2004,dem,electricity
it_cs,h0069,40.134562475050245,scr2004,dem,electricity
it_s,h0069,40.134562475050245,scr2004,dem,electricity
it_cn,h0069,40.134562475050245,scr2004,dem,electricity
it_sic,h0069,40.134562475050245,scr2004,dem,electricity
it_sar,h0070,33.3442198077628,scr2004,dem,electricity
it_n,h0070,33.3442198077628,scr2004,dem,electricity
it_cs,h0070,33.3442198077628,scr2004,dem,electricity
it_s,h0070,33.3442198077628,scr2004,dem,electricity
it_cn,h0070,33.3442198077628,scr2004,dem,electricity
it_sic,h0070,33.3442198077628,scr2004,dem,electricity
it_sar,h0071,31.531917034943113,scr2004,dem,electricity
it_n,h0071,31.531917034943113,scr2004,dem,electricity
it_cs,h0071,31.531917034943113,scr2004,dem,electricity
it_s,h0071,31.531917034943113,scr2004,dem,electricity
it_cn,h0071,31.531917034943113,scr2004,dem,electricity
it_sic,h0071,31.531917034943113,scr2004,dem,electricity
it_sar,h0072,26.221089866255888,scr2004,dem,electricity
it_n,h0072,26.221089866255888,scr2004,dem,electricity
it_cs,h0072,26.221089866255888,scr2004,dem,electricity
it_s,h0072,26.221089866255888,scr2004,dem,electricity
it_cn,h0072,26.221089866255888,scr2004,dem,electricity
it_sic,h0072,26.221089866255888,scr2004,dem,electricity
nl,h0049,11.466993658425054,scr2004,dem,electricity
nl,h0050,10.707840142102214,scr2004,dem,electricity
nl,h0051,9.337032689189073,scr2004,dem,electricity
nl,h0052,9.473431711958256,scr2004,dem,electricity
nl,h0053,11.772806904802565,scr2004,dem,electricity
nl,h0054,12.236367716570385,scr2004,dem,electricity
nl,h0055,13.749342651368352,scr2004,dem,electricity
nl,h0056,12.806701311143115,scr2004,dem,electricity
nl,h0057,14.006046052032616,scr2004,dem,electricity
nl,h0058,13.457385591609636,scr2004,dem,electricity
nl,h0059,13.753693627979374,scr2004,dem,electricity
nl,h0060,13.21130533280666,scr2004,dem,electricity
nl,h0061,11.784026175853796,scr2004,dem,electricity
nl,h0062,10.848387652862584,scr2004,dem,electricity
nl,h0063,8.945692281209631,scr2004,dem,electricity
nl,h0064,9.578830384940375,scr2004,dem,electricity
nl,h0065,9.528376635280438,scr2004,dem,electricity
nl,h0066,11.60753295145696,scr2004,dem,electricity
nl,h0067,11.966902278538328,scr2004,dem,electricity
nl,h0068,12.81432612039498,scr2004,dem,electricity
nl,h0069,12.317517161514843,scr2004,dem,electricity
nl,h0070,11.33850296336459,scr2004,dem,electricity
nl,h0071,10.885050976969069,scr2004,dem,electricity
nl,h0072,10.126877253031125,scr2004,dem,electricity
ie,h0049,2.641645814798782,scr2004,dem,electricity
ie,h0050,2.300096139467191,scr2004,dem,electricity
ie,h0051,1.9504238113359829,scr2004,dem,electricity
ie,h0052,1.7319418600944556,scr2004,dem,electricity
ie,h0053,2.0777242405101988,scr2004,dem,electricity
ie,h0054,2.298814926778781,scr2004,dem,electricity
ie,h0055,2.919180760023735,scr2004,dem,electricity
ie,h0056,2.9683275555100685,scr2004,dem,electricity
ie,h0057,3.354737456427625,scr2004,dem,electricity
ie,h0058,3.317550438729878,scr2004,dem,electricity
ie,h0059,3.329972798544484,scr2004,dem,electricity
ie,h0060,3.034373567957413,scr2004,dem,electricity
ie,h0061,2.571520706774495,scr2004,dem,electricity
ie,h0062,2.1833487042873014,scr2004,dem,electricity
ie,h0063,1.8435906846980696,scr2004,dem,electricity
ie,h0064,1.768524567279813,scr2004,dem,electricity
ie,h0065,1.845301254413384,scr2004,dem,electricity
ie,h0066,2.396787601192867,scr2004,dem,electricity
ie,h0067,2.9574825546131183,scr2004,dem,electricity
ie,h0068,3.431142043910363,scr2004,dem,electricity
ie,h0069,3.4505024807209796,scr2004,dem,electricity
ie,h0070,3.146883205731314,scr2004,dem,electricity
ie,h0071,3.020202441500881,scr2004,dem,electricity
ie,h0072,2.6810833436883867,scr2004,dem,electricity
hr,h0049,1.9546386468304544,scr2004,dem,electricity
hr,h0050,1.6780194900098888,scr2004,dem,electricity
hr,h0051,1.3638367708538224,scr2004,dem,electricity
hr,h0052,1.348297908101303,scr2004,dem,electricity
hr,h0053,1.4242822724777733,scr2004,dem,electricity
hr,h0054,1.6042561134359126,scr2004,dem,electricity
hr,h0055,1.8946328335212814,scr2004,dem,electricity
hr,h0056,2.010826427687565,scr2004,dem,electricity
hr,h0057,2.0775040805116216,scr2004,dem,electricity
hr,h0058,1.9793024395290422,scr2004,dem,electricity
hr,h0059,2.126631206390801,scr2004,dem,electricity
hr,h0060,2.277491300923068,scr2004,dem,electricity
hr,h0061,2.0543639009395234,scr2004,dem,electricity
hr,h0062,1.7356735186927201,scr2004,dem,electricity
hr,h0063,1.3536650870928562,scr2004,dem,electricity
hr,h0064,1.4111957261829637,scr2004,dem,electricity
hr,h0065,1.5965898619393506,scr2004,dem,electricity
hr,h0066,1.991095316872874,scr2004,dem,electricity
hr,h0067,2.299130221423672,scr2004,dem,electricity
hr,h0068,2.4283097245069927,scr2004,dem,electricity
hr,h0069,2.325018482318505,scr2004,dem,electricity
hr,h0070,2.032700738866935,scr2004,dem,electricity
hr,h0071,2.135192190270293,scr2004,dem,electricity
hr,h0072,2.1732957731252682,scr2004,dem,electricity
hu,h0049,4.137747778593621,scr2004,dem,electricity
hu,h0050,3.444296641013352,scr2004,dem,electricity
hu,h0051,2.9240063752877177,scr2004,dem,electricity
hu,h0052,3.0708846057459596,scr2004,dem,electricity
hu,h0053,4.014639469445683,scr2004,dem,electricity
hu,h0054,4.339380309240369,scr2004,dem,electricity
hu,h0055,4.74233854591148,scr2004,dem,electricity
hu,h0056,4.536838898166025,scr2004,dem,electricity
hu,h0057,4.834963666326075,scr2004,dem,electricity
hu,h0058,4.6502615852296,scr2004,dem,electricity
hu,h0059,4.789958129178558,scr2004,dem,electricity
hu,h0060,4.651310501882108,scr2004,dem,electricity
hu,h0061,4.144343633619428,scr2004,dem,electricity
hu,h0062,3.6455785610887688,scr2004,dem,electricity
hu,h0063,2.857543360310956,scr2004,dem,electricity
hu,h0064,3.2842987135009025,scr2004,dem,electricity
hu,h0065,3.5606936007534387,scr2004,dem,electricity
hu,h0066,4.466217007859086,scr2004,dem,electricity
hu,h0067,4.799703887256328,scr2004,dem,electricity
hu,h0068,5.091629469330655,scr2004,dem,electricity
hu,h0069,4.992759676402784,scr2004,dem,electricity
hu,h0070,4.4793274219482555,scr2004,dem,electricity
hu,h0071,4.354887529290863,scr2004,dem,electricity
hu,h0072,3.908695197045745,scr2004,dem,electricity
mk,h0049,0.6128239963103733,scr2004,dem,electricity
mk,h0050,0.5260975532927277,scr2004,dem,electricity
mk,h0051,0.4275940726282615,scr2004,dem,electricity
mk,h0052,0.4227222829967996,scr2004,dem,electricity
mk,h0053,0.44654512208555414,scr2004,dem,electricity
mk,h0054,0.5029710446624418,scr2004,dem,electricity
mk,h0055,0.5940107990000645,scr2004,dem,electricity
mk,h0056,0.6304401527682625,scr2004,dem,electricity
mk,h0057,0.6513451246656891,scr2004,dem,electricity
mk,h0058,0.6205566603451731,scr2004,dem,electricity
mk,h0059,0.6667476041287768,scr2004,dem,electricity
mk,h0060,0.7140456997890172,scr2004,dem,electricity
mk,h0061,0.6440901481694917,scr2004,dem,electricity
mk,h0062,0.544173411873616,scr2004,dem,electricity
mk,h0063,0.4244050167540839,scr2004,dem,electricity
mk,h0064,0.44244218999637225,scr2004,dem,electricity
mk,h0065,0.5005674989568707,scr2004,dem,electricity
mk,h0066,0.6242539974379876,scr2004,dem,electricity
mk,h0067,0.7208299969168104,scr2004,dem,electricity
mk,h0068,0.7613307310123801,scr2004,dem,electricity
mk,h0069,0.7289465599168353,scr2004,dem,electricity
mk,h0070,0.6372982507328772,scr2004,dem,electricity
mk,h0071,0.669431668347257,scr2004,dem,electricity
mk,h0072,0.6813780142924527,scr2004,dem,electricity
lv,h0049,0.5651306506148511,scr2004,dem,electricity
lv,h0050,0.4864713742070744,scr2004,dem,electricity
lv,h0051,0.44375458198447304,scr2004,dem,electricity
lv,h0052,0.5276384107913262,scr2004,dem,electricity
lv,h0053,0.6808287008646333,scr2004,dem,electricity
lv,h0054,0.7471848645656664,scr2004,dem,electricity
lv,h0055,0.7988311200629109,scr2004,dem,electricity
lv,h0056,0.7382159661181722,scr2004,dem,electricity
lv,h0057,0.7794237849803248,scr2004,dem,electricity
lv,h0058,0.6794480105436371,scr2004,dem,electricity
lv,h0059,0.6759284661839574,scr2004,dem,electricity
lv,h0060,0.6187080648131784,scr2004,dem,electricity
lv,h0061,0.5702400555527204,scr2004,dem,electricity
lv,h0062,0.48077400527447844,scr2004,dem,electricity
lv,h0063,0.3980774958182465,scr2004,dem,electricity
lv,h0064,0.4798643250268977,scr2004,dem,electricity
lv,h0065,0.5638794609376345,scr2004,dem,electricity
lv,h0066,0.7245752581687446,scr2004,dem,electricity
lv,h0067,0.7870305408714838,scr2004,dem,electricity
lv,h0068,0.8387402076165286,scr2004,dem,electricity
lv,h0069,0.8182137184113777,scr2004,dem,electricity
lv,h0070,0.741520259071551,scr2004,dem,electricity
lv,h0071,0.7170291063947205,scr2004,dem,electricity
lv,h0072,0.642376099628422,scr2004,dem,electricity
me,h0049,0.3331459246915243,scr2004,dem,electricity
me,h0050,0.28599933588559273,scr2004,dem,electricity
me,h0051,0.23245046491905635,scr2004,dem,electricity
me,h0052,0.2298020425032868,scr2004,dem,electricity
me,h0053,0.2427527131436545,scr2004,dem,electricity
me,h0054,0.2734272072172675,scr2004,dem,electricity
me,h0055,0.32291861618364653,scr2004,dem,electricity
me,h0056,0.3427224929949795,scr2004,dem,electricity
me,h0057,0.3540869407448987,scr2004,dem,electricity
me,h0058,0.3373495881335287,scr2004,dem,electricity
me,h0059,0.3624601006990574,scr2004,dem,electricity
me,h0060,0.3881724875481339,scr2004,dem,electricity
me,h0061,0.3501429601471511,scr2004,dem,electricity
me,h0062,0.2958258092198103,scr2004,dem,electricity
me,h0063,0.2307168171176759,scr2004,dem,electricity
me,h0064,0.24052226007263597,scr2004,dem,electricity
me,h0065,0.272120581479481,scr2004,dem,electricity
me,h0066,0.33935954907304294,scr2004,dem,electricity
me,h0067,0.3918605948546999,scr2004,dem,electricity
me,h0068,0.4138777722241877,scr2004,dem,electricity
me,h0069,0.3962729549554071,scr2004,dem,electricity
me,h0070,0.34645072061693577,scr2004,dem,electricity
me,h0071,0.3639192227064197,scr2004,dem,electricity
me,h0072,0.37041354499610674,scr2004,dem,electricity
lt,h0049,1.0626932148248367,scr2004,dem,electricity
lt,h0050,0.9147793138072258,scr2004,dem,electricity
lt,h0051,0.8344530305168496,scr2004,dem,electricity
lt,h0052,0.9921913795623092,scr2004,dem,electricity
lt,h0053,1.2802562391903705,scr2004,dem,electricity
lt,h0054,1.4050348976662748,scr2004,dem,electricity
lt,h0055,1.5021524845677685,scr2004,dem,electricity
lt,h0056,1.388169438770677,scr2004,dem,electricity
lt,h0057,1.4656581922516025,scr2004,dem,electricity
lt,h0058,1.277659935399351,scr2004,dem,electricity
lt,h0059,1.2710416500413877,scr2004,dem,electricity
lt,h0060,1.1634422267241689,scr2004,dem,electricity
lt,h0061,1.0723011357770984,scr2004,dem,electricity
lt,h0062,0.9040657648719699,scr2004,dem,electricity
lt,h0063,0.7485600963655112,scr2004,dem,electricity
lt,h0064,0.9023551667460616,scr2004,dem,electricity
lt,h0065,1.0603404309120257,scr2004,dem,electricity
lt,h0066,1.362518932549944,scr2004,dem,electricity
lt,h0067,1.4799622258952971,scr2004,dem,electricity
lt,h0068,1.5771990534661133,scr2004,dem,electricity
lt,h0069,1.5386002610615266,scr2004,dem,electricity
lt,h0070,1.394382957658975,scr2004,dem,electricity
lt,h0071,1.3483288607724961,scr2004,dem,electricity
lt,h0072,1.2079485014753215,scr2004,dem,electricity
lu,h0049,0.5564136334966713,scr2004,dem,electricity
lu,h0050,0.4776703474863147,scr2004,dem,electricity
lu,h0051,0.3882340986974844,scr2004,dem,electricity
lu,h0052,0.3838107566093711,scr2004,dem,electricity
lu,h0053,0.40544070684062283,scr2004,dem,electricity
lu,h0054,0.45667263081803333,scr2004,dem,electricity
lu,h0055,0.5393321886844321,scr2004,dem,electricity
lu,h0056,0.572408225324038,scr2004,dem,electricity
lu,h0057,0.5913888972626008,scr2004,dem,electricity
lu,h0058,0.5634345070787333,scr2004,dem,electricity
lu,h0059,0.6053735812337919,scr2004,dem,electricity
lu,h0060,0.6483178938903685,scr2004,dem,electricity
lu,h0061,0.5848017404214663,scr2004,dem,electricity
lu,h0062,0.4940823255704901,scr2004,dem,electricity
lu,h0063,0.38533859461425285,scr2004,dem,electricity
lu,h0064,0.4017154488709603,scr2004,dem,electricity
lu,h0065,0.45449033155679186,scr2004,dem,electricity
lu,h0066,0.5667915049463412,scr2004,dem,electricity
lu,h0067,0.6544776976386354,scr2004,dem,electricity
lu,h0068,0.6912503441323037,scr2004,dem,electricity
lu,h0069,0.6618471317101552,scr2004,dem,electricity
lu,h0070,0.578635035844707,scr2004,dem,electricity
lu,h0071,0.6078105773305255,scr2004,dem,electricity
lu,h0072,0.61865726410954,scr2004,dem,electricity
no_n,h0049,10.832069332915125,scr2004,dem,electricity
no_m,h0049,10.832069332915125,scr2004,dem,electricity
no_s,h0049,10.832069332915125,scr2004,dem,electricity
no_n,h0050,10.248688034480438,scr2004,dem,electricity
no_m,h0050,10.248688034480438,scr2004,dem,electricity
no_s,h0050,10.248688034480438,scr2004,dem,electricity
no_n,h0051,9.376374032057356,scr2004,dem,electricity
no_m,h0051,9.376374032057356,scr2004,dem,electricity
no_s,h0051,9.376374032057356,scr2004,dem,electricity
no_n,h0052,9.652999236044707,scr2004,dem,electricity
no_m,h0052,9.652999236044707,scr2004,dem,electricity
no_s,h0052,9.652999236044707,scr2004,dem,electricity
no_n,h0053,10.949227212142432,scr2004,dem,electricity
no_m,h0053,10.949227212142432,scr2004,dem,electricity
no_s,h0053,10.949227212142432,scr2004,dem,electricity
no_n,h0054,11.487275604304159,scr2004,dem,electricity
no_m,h0054,11.487275604304159,scr2004,dem,electricity
no_s,h0054,11.487275604304159,scr2004,dem,electricity
no_n,h0055,12.114491300424561,scr2004,dem,electricity
no_m,h0055,12.114491300424561,scr2004,dem,electricity
no_s,h0055,12.114491300424561,scr2004,dem,electricity
no_n,h0056,11.591451354586752,scr2004,dem,electricity
no_m,h0056,11.591451354586752,scr2004,dem,electricity
no_s,h0056,11.591451354586752,scr2004,dem,electricity
no_n,h0057,12.147758703591535,scr2004,dem,electricity
no_m,h0057,12.147758703591535,scr2004,dem,electricity
no_s,h0057,12.147758703591535,scr2004,dem,electricity
no_n,h0058,11.74401445192052,scr2004,dem,electricity
no_m,h0058,11.74401445192052,scr2004,dem,electricity
no_s,h0058,11.74401445192052,scr2004,dem,electricity
no_n,h0059,11.862732101348229,scr2004,dem,electricity
no_m,h0059,11.862732101348229,scr2004,dem,electricity
no_s,h0059,11.862732101348229,scr2004,dem,electricity
no_n,h0060,11.371039189514704,scr2004,dem,electricity
no_m,h0060,11.371039189514704,scr2004,dem,electricity
no_s,h0060,11.371039189514704,scr2004,dem,electricity
no_n,h0061,10.690425873181084,scr2004,dem,electricity
no_m,h0061,10.690425873181084,scr2004,dem,electricity
no_s,h0061,10.690425873181084,scr2004,dem,electricity
no_n,h0062,9.807649454596685,scr2004,dem,electricity
no_m,h0062,9.807649454596685,scr2004,dem,electricity
no_s,h0062,9.807649454596685,scr2004,dem,electricity
no_n,h0063,8.812096358189592,scr2004,dem,electricity
no_m,h0063,8.812096358189592,scr2004,dem,electricity
no_s,h0063,8.812096358189592,scr2004,dem,electricity
no_n,h0064,8.894448397069937,scr2004,dem,electricity
no_m,h0064,8.894448397069937,scr2004,dem,electricity
no_s,h0064,8.894448397069937,scr2004,dem,electricity
no_n,h0065,9.130539407080505,scr2004,dem,electricity
no_m,h0065,9.130539407080505,scr2004,dem,electricity
no_s,h0065,9.130539407080505,scr2004,dem,electricity
no_n,h0066,10.355768602224998,scr2004,dem,electricity
no_m,h0066,10.355768602224998,scr2004,dem,electricity
no_s,h0066,10.355768602224998,scr2004,dem,electricity
no_n,h0067,11.078837888286216,scr2004,dem,electricity
no_m,h0067,11.078837888286216,scr2004,dem,electricity
no_s,h0067,11.078837888286216,scr2004,dem,electricity
no_n,h0068,11.671719364647288,scr2004,dem,electricity
no_m,h0068,11.671719364647288,scr2004,dem,electricity
no_s,h0068,11.671719364647288,scr2004,dem,electricity
no_n,h0069,11.543892597372178,scr2004,dem,electricity
no_m,h0069,11.543892597372178,scr2004,dem,electricity
no_s,h0069,11.543892597372178,scr2004,dem,electricity
no_n,h0070,10.932392797956709,scr2004,dem,electricity
no_m,h0070,10.932392797956709,scr2004,dem,electricity
no_s,h0070,10.932392797956709,scr2004,dem,electricity
no_n,h0071,10.736216244928073,scr2004,dem,electricity
no_m,h0071,10.736216244928073,scr2004,dem,electricity
no_s,h0071,10.736216244928073,scr2004,dem,electricity
no_n,h0072,10.280680998170283,scr2004,dem,electricity
no_m,h0072,10.280680998170283,scr2004,dem,electricity
no_s,h0072,10.280680998170283,scr2004,dem,electricity
pl,h0049,16.16420310200192,scr2004,dem,electricity
pl,h0050,14.902335907099769,scr2004,dem,electricity
pl,h0051,12.910413162026089,scr2004,dem,electricity
pl,h0052,13.110904265224235,scr2004,dem,electricity
pl,h0053,12.964091602625558,scr2004,dem,electricity
pl,h0054,13.727589086425724,scr2004,dem,electricity
pl,h0055,15.96043680247385,scr2004,dem,electricity
pl,h0056,17.355922883900348,scr2004,dem,electricity
pl,h0057,18.88282662484562,scr2004,dem,electricity
pl,h0058,18.238494060729863,scr2004,dem,electricity
pl,h0059,18.773539740475826,scr2004,dem,electricity
pl,h0060,18.305759812676115,scr2004,dem,electricity
pl,h0061,16.055976303847274,scr2004,dem,electricity
pl,h0062,14.023182635195553,scr2004,dem,electricity
pl,h0063,10.728438675752841,scr2004,dem,electricity
pl,h0064,12.05900140866288,scr2004,dem,electricity
pl,h0065,13.133266379212728,scr2004,dem,electricity
pl,h0066,16.717310120293405,scr2004,dem,electricity
pl,h0067,18.399418676330242,scr2004,dem,electricity
pl,h0068,19.528510138741694,scr2004,dem,electricity
pl,h0069,19.286562011548085,scr2004,dem,electricity
pl,h0070,17.283546943450347,scr2004,dem,electricity
pl,h0071,17.119302505685482,scr2004,dem,electricity
pl,h0072,15.694765871274285,scr2004,dem,electricity
ro,h0049,6.12551686471852,scr2004,dem,electricity
ro,h0050,5.098932629232877,scr2004,dem,electricity
ro,h0051,4.328695542164496,scr2004,dem,electricity
ro,h0052,4.546133898489643,scr2004,dem,electricity
ro,h0053,5.9432674706185935,scr2004,dem,electricity
ro,h0054,6.424013422059943,scr2004,dem,electricity
ro,h0055,7.020552314148517,scr2004,dem,electricity
ro,h0056,6.716330881085014,scr2004,dem,electricity
ro,h0057,7.157674431669875,scr2004,dem,electricity
ro,h0058,6.884241691295756,scr2004,dem,electricity
ro,h0059,7.091048288202728,scr2004,dem,electricity
ro,h0060,6.885794505928061,scr2004,dem,electricity
ro,h0061,6.135281360591762,scr2004,dem,electricity
ro,h0062,5.396910143768764,scr2004,dem,electricity
ro,h0063,4.230303774937056,scr2004,dem,electricity
ro,h0064,4.862071890369407,scr2004,dem,electricity
ro,h0065,5.2712465505319415,scr2004,dem,electricity
ro,h0066,6.611782318839687,scr2004,dem,electricity
ro,h0067,7.10547589547059,scr2004,dem,electricity
ro,h0068,7.537642178096576,scr2004,dem,electricity
ro,h0069,7.3912754552438855,scr2004,dem,electricity
ro,h0070,6.631190959466039,scr2004,dem,electricity
ro,h0071,6.446970291653997,scr2004,dem,electricity
ro,h0072,5.786427696730243,scr2004,dem,electricity
0,h0049,5.396535298059462,scr2004,dem,electricity
pt,h0049,5.396535298059462,scr2004,dem,electricity
0,h0050,5.142420500604203,scr2004,dem,electricity
pt,h0050,5.142420500604203,scr2004,dem,electricity
0,h0051,4.343674890100374,scr2004,dem,electricity
pt,h0051,4.343674890100374,scr2004,dem,electricity
0,h0052,4.049490674209665,scr2004,dem,electricity
pt,h0052,4.049490674209665,scr2004,dem,electricity
0,h0053,4.835077282652492,scr2004,dem,electricity
pt,h0053,4.835077282652492,scr2004,dem,electricity
0,h0054,4.8910602958349045,scr2004,dem,electricity
pt,h0054,4.8910602958349045,scr2004,dem,electricity
0,h0055,5.803652613598388,scr2004,dem,electricity
pt,h0055,5.803652613598388,scr2004,dem,electricity
0,h0056,5.523802680108929,scr2004,dem,electricity
pt,h0056,5.523802680108929,scr2004,dem,electricity
0,h0057,6.145675380830653,scr2004,dem,electricity
pt,h0057,6.145675380830653,scr2004,dem,electricity
0,h0058,5.782366251281928,scr2004,dem,electricity
pt,h0058,5.782366251281928,scr2004,dem,electricity
0,h0059,5.987771863961825,scr2004,dem,electricity
pt,h0059,5.987771863961825,scr2004,dem,electricity
0,h0060,5.989786592879682,scr2004,dem,electricity
pt,h0060,5.989786592879682,scr2004,dem,electricity
0,h0061,5.542033136487589,scr2004,dem,electricity
pt,h0061,5.542033136487589,scr2004,dem,electricity
0,h0062,4.954149838828016,scr2004,dem,electricity
pt,h0062,4.954149838828016,scr2004,dem,electricity
0,h0063,3.8805317698715953,scr2004,dem,electricity
pt,h0063,3.8805317698715953,scr2004,dem,electricity
0,h0064,4.011237996441196,scr2004,dem,electricity
pt,h0064,4.011237996441196,scr2004,dem,electricity
0,h0065,3.9634753736609127,scr2004,dem,electricity
pt,h0065,3.9634753736609127,scr2004,dem,electricity
0,h0066,5.26247663590766,scr2004,dem,electricity
pt,h0066,5.26247663590766,scr2004,dem,electricity
0,h0067,5.948008230261621,scr2004,dem,electricity
pt,h0067,5.948008230261621,scr2004,dem,electricity
0,h0068,6.583345846724114,scr2004,dem,electricity
pt,h0068,6.583345846724114,scr2004,dem,electricity
0,h0069,6.268431303848047,scr2004,dem,electricity
pt,h0069,6.268431303848047,scr2004,dem,electricity
0,h0070,5.096921845615725,scr2004,dem,electricity
pt,h0070,5.096921845615725,scr2004,dem,electricity
0,h0071,4.872781192156253,scr2004,dem,electricity
pt,h0071,4.872781192156253,scr2004,dem,electricity
0,h0072,4.593352870142553,scr2004,dem,electricity
pt,h0072,4.593352870142553,scr2004,dem,electricity
sk,h0049,2.8259790297732934,scr2004,dem,electricity
sk,h0050,2.6190140693963713,scr2004,dem,electricity
sk,h0051,2.3593651265218796,scr2004,dem,electricity
sk,h0052,2.4731107297167227,scr2004,dem,electricity
sk,h0053,2.8530817903661045,scr2004,dem,electricity
sk,h0054,3.062915658232498,scr2004,dem,electricity
sk,h0055,3.281218002979699,scr2004,dem,electricity
sk,h0056,3.103149780637011,scr2004,dem,electricity
sk,h0057,3.210462892553437,scr2004,dem,electricity
sk,h0058,3.0920056770654014,scr2004,dem,electricity
sk,h0059,3.2352980726031433,scr2004,dem,electricity
sk,h0060,3.159071469144749,scr2004,dem,electricity
sk,h0061,2.886789231368141,scr2004,dem,electricity
sk,h0062,2.554642478715209,scr2004,dem,electricity
sk,h0063,2.1145490050379294,scr2004,dem,electricity
sk,h0064,2.326357042986274,scr2004,dem,electricity
sk,h0065,2.4572850161488304,scr2004,dem,electricity
sk,h0066,2.9773515401871578,scr2004,dem,electricity
sk,h0067,3.1647580387270864,scr2004,dem,electricity
sk,h0068,3.321972532817256,scr2004,dem,electricity
sk,h0069,3.2010860792203175,scr2004,dem,electricity
sk,h0070,2.8802478919888586,scr2004,dem,electricity
sk,h0071,2.830735114078607,scr2004,dem,electricity
sk,h0072,2.640975127642662,scr2004,dem,electricity
si,h0049,1.1857189837247395,scr2004,dem,electricity
si,h0050,1.0359972037576717,scr2004,dem,electricity
si,h0051,0.9118514928128136,scr2004,dem,electricity
si,h0052,1.0824810041203694,scr2004,dem,electricity
si,h0053,1.1980821181293115,scr2004,dem,electricity
si,h0054,1.2679511514253736,scr2004,dem,electricity
si,h0055,1.403238963388656,scr2004,dem,electricity
si,h0056,1.4694014164649132,scr2004,dem,electricity
si,h0057,1.66803112800079,scr2004,dem,electricity
si,h0058,1.586137633561279,scr2004,dem,electricity
si,h0059,1.6509542260409567,scr2004,dem,electricity
si,h0060,1.5161449653907635,scr2004,dem,electricity
si,h0061,1.284218310220313,scr2004,dem,electricity
si,h0062,1.0951732013762139,scr2004,dem,electricity
si,h0063,0.8457594522625422,scr2004,dem,electricity
si,h0064,1.0514161373269904,scr2004,dem,electricity
si,h0065,1.166015532368398,scr2004,dem,electricity
si,h0066,1.56759913651611,scr2004,dem,electricity
si,h0067,1.6468740728218325,scr2004,dem,electricity
si,h0068,1.7819322851964592,scr2004,dem,electricity
si,h0069,1.72111714988249,scr2004,dem,electricity
si,h0070,1.5267233450179205,scr2004,dem,electricity
si,h0071,1.431037654019598,scr2004,dem,electricity
si,h0072,1.2001171480732706,scr2004,dem,electricity
se_4,h0049,10.63559068259201,scr2004,dem,electricity
se_3,h0049,10.63559068259201,scr2004,dem,electricity
se_2,h0049,10.63559068259201,scr2004,dem,electricity
se_1,h0049,10.63559068259201,scr2004,dem,electricity
se_4,h0050,10.062791108852252,scr2004,dem,electricity
se_3,h0050,10.062791108852252,scr2004,dem,electricity
se_2,h0050,10.062791108852252,scr2004,dem,electricity
se_1,h0050,10.062791108852252,scr2004,dem,electricity
se_4,h0051,9.206299667566782,scr2004,dem,electricity
se_3,h0051,9.206299667566782,scr2004,dem,electricity
se_2,h0051,9.206299667566782,scr2004,dem,electricity
se_1,h0051,9.206299667566782,scr2004,dem,electricity
se_4,h0052,9.477907276392216,scr2004,dem,electricity
se_3,h0052,9.477907276392216,scr2004,dem,electricity
se_2,h0052,9.477907276392216,scr2004,dem,electricity
se_1,h0052,9.477907276392216,scr2004,dem,electricity
se_4,h0053,10.75062348312349,scr2004,dem,electricity
se_3,h0053,10.75062348312349,scr2004,dem,electricity
se_2,h0053,10.75062348312349,scr2004,dem,electricity
se_1,h0053,10.75062348312349,scr2004,dem,electricity
se_4,h0054,11.278912427369505,scr2004,dem,electricity
se_3,h0054,11.278912427369505,scr2004,dem,electricity
se_2,h0054,11.278912427369505,scr2004,dem,electricity
se_1,h0054,11.278912427369505,scr2004,dem,electricity
se_4,h0055,11.894751305051614,scr2004,dem,electricity
se_3,h0055,11.894751305051614,scr2004,dem,electricity
se_2,h0055,11.894751305051614,scr2004,dem,electricity
se_1,h0055,11.894751305051614,scr2004,dem,electricity
se_4,h0056,11.381198574468726,scr2004,dem,electricity
se_3,h0056,11.381198574468726,scr2004,dem,electricity
se_2,h0056,11.381198574468726,scr2004,dem,electricity
se_1,h0056,11.381198574468726,scr2004,dem,electricity
se_4,h0057,11.92741528301849,scr2004,dem,electricity
se_3,h0057,11.92741528301849,scr2004,dem,electricity
se_2,h0057,11.92741528301849,scr2004,dem,electricity
se_1,h0057,11.92741528301849,scr2004,dem,electricity
se_4,h0058,11.53099438821664,scr2004,dem,electricity
se_3,h0058,11.53099438821664,scr2004,dem,electricity
se_2,h0058,11.53099438821664,scr2004,dem,electricity
se_1,h0058,11.53099438821664,scr2004,dem,electricity
se_4,h0059,11.647558665456017,scr2004,dem,electricity
se_3,h0059,11.647558665456017,scr2004,dem,electricity
se_2,h0059,11.647558665456017,scr2004,dem,electricity
se_1,h0059,11.647558665456017,scr2004,dem,electricity
se_4,h0060,11.16478437796468,scr2004,dem,electricity
se_3,h0060,11.16478437796468,scr2004,dem,electricity
se_2,h0060,11.16478437796468,scr2004,dem,electricity
se_1,h0060,11.16478437796468,scr2004,dem,electricity
se_4,h0061,10.49651643980178,scr2004,dem,electricity
se_3,h0061,10.49651643980178,scr2004,dem,electricity
se_2,h0061,10.49651643980178,scr2004,dem,electricity
se_1,h0061,10.49651643980178,scr2004,dem,electricity
se_4,h0062,9.629752355744131,scr2004,dem,electricity
se_3,h0062,9.629752355744131,scr2004,dem,electricity
se_2,h0062,9.629752355744131,scr2004,dem,electricity
se_1,h0062,9.629752355744131,scr2004,dem,electricity
se_4,h0063,8.65225720521994,scr2004,dem,electricity
se_3,h0063,8.65225720521994,scr2004,dem,electricity
se_2,h0063,8.65225720521994,scr2004,dem,electricity
se_1,h0063,8.65225720521994,scr2004,dem,electricity
se_4,h0064,8.733115493290825,scr2004,dem,electricity
se_3,h0064,8.733115493290825,scr2004,dem,electricity
se_2,h0064,8.733115493290825,scr2004,dem,electricity
se_1,h0064,8.733115493290825,scr2004,dem,electricity
se_4,h0065,8.96492414030945,scr2004,dem,electricity
se_3,h0065,8.96492414030945,scr2004,dem,electricity
se_2,h0065,8.96492414030945,scr2004,dem,electricity
se_1,h0065,8.96492414030945,scr2004,dem,electricity
se_4,h0066,10.167929385323077,scr2004,dem,electricity
se_3,h0066,10.167929385323077,scr2004,dem,electricity
se_2,h0066,10.167929385323077,scr2004,dem,electricity
se_1,h0066,10.167929385323077,scr2004,dem,electricity
se_4,h0067,10.877883201144869,scr2004,dem,electricity
se_3,h0067,10.877883201144869,scr2004,dem,electricity
se_2,h0067,10.877883201144869,scr2004,dem,electricity
se_1,h0067,10.877883201144869,scr2004,dem,electricity
se_4,h0068,11.460010633338243,scr2004,dem,electricity
se_3,h0068,11.460010633338243,scr2004,dem,electricity
se_2,h0068,11.460010633338243,scr2004,dem,electricity
se_1,h0068,11.460010633338243,scr2004,dem,electricity
se_4,h0069,11.334502466372214,scr2004,dem,electricity
se_3,h0069,11.334502466372214,scr2004,dem,electricity
se_2,h0069,11.334502466372214,scr2004,dem,electricity
se_1,h0069,11.334502466372214,scr2004,dem,electricity
se_4,h0070,10.73409442146658,scr2004,dem,electricity
se_3,h0070,10.73409442146658,scr2004,dem,electricity
se_2,h0070,10.73409442146658,scr2004,dem,electricity
se_1,h0070,10.73409442146658,scr2004,dem,electricity
se_4,h0071,10.54147623712197,scr2004,dem,electricity
se_3,h0071,10.54147623712197,scr2004,dem,electricity
se_2,h0071,10.54147623712197,scr2004,dem,electricity
se_1,h0071,10.54147623712197,scr2004,dem,electricity
se_4,h0072,10.094203763495898,scr2004,dem,electricity
se_3,h0072,10.094203763495898,scr2004,dem,electricity
se_2,h0072,10.094203763495898,scr2004,dem,electricity
se_1,h0072,10.094203763495898,scr2004,dem,electricity
uk,h0049,28.72617056057557,scr2004,dem,electricity
ni,h0049,28.72617056057557,scr2004,dem,electricity
uk,h0050,25.11489983838099,scr2004,dem,electricity
ni,h0050,25.11489983838099,scr2004,dem,electricity
uk,h0051,19.839149400765233,scr2004,dem,electricity
ni,h0051,19.839149400765233,scr2004,dem,electricity
uk,h0052,17.47562977450878,scr2004,dem,electricity
ni,h0052,17.47562977450878,scr2004,dem,electricity
uk,h0053,22.52831307352181,scr2004,dem,electricity
ni,h0053,22.52831307352181,scr2004,dem,electricity
uk,h0054,24.84746967264805,scr2004,dem,electricity
ni,h0054,24.84746967264805,scr2004,dem,electricity
uk,h0055,30.75601857505229,scr2004,dem,electricity
ni,h0055,30.75601857505229,scr2004,dem,electricity
uk,h0056,29.020062542434683,scr2004,dem,electricity
ni,h0056,29.020062542434683,scr2004,dem,electricity
uk,h0057,32.17940325285349,scr2004,dem,electricity
ni,h0057,32.17940325285349,scr2004,dem,electricity
uk,h0058,31.890423162737758,scr2004,dem,electricity
ni,h0058,31.890423162737758,scr2004,dem,electricity
uk,h0059,34.39815948542987,scr2004,dem,electricity
ni,h0059,34.39815948542987,scr2004,dem,electricity
uk,h0060,33.56219668537193,scr2004,dem,electricity
ni,h0060,33.56219668537193,scr2004,dem,electricity
uk,h0061,29.509890366371085,scr2004,dem,electricity
ni,h0061,29.509890366371085,scr2004,dem,electricity
uk,h0062,24.44437158247501,scr2004,dem,electricity
ni,h0062,24.44437158247501,scr2004,dem,electricity
uk,h0063,18.69850171691054,scr2004,dem,electricity
ni,h0063,18.69850171691054,scr2004,dem,electricity
uk,h0064,17.44838241104215,scr2004,dem,electricity
ni,h0064,17.44838241104215,scr2004,dem,electricity
uk,h0065,18.531370397998327,scr2004,dem,electricity
ni,h0065,18.531370397998327,scr2004,dem,electricity
uk,h0066,25.266259484105984,scr2004,dem,electricity
ni,h0066,25.266259484105984,scr2004,dem,electricity
uk,h0067,30.548670529705642,scr2004,dem,electricity
ni,h0067,30.548670529705642,scr2004,dem,electricity
uk,h0068,34.018738675599366,scr2004,dem,electricity
ni,h0068,34.018738675599366,scr2004,dem,electricity
uk,h0069,33.48199753535313,scr2004,dem,electricity
ni,h0069,33.48199753535313,scr2004,dem,electricity
uk,h0070,31.00659506175442,scr2004,dem,electricity
ni,h0070,31.00659506175442,scr2004,dem,electricity
uk,h0071,31.146847674847255,scr2004,dem,electricity
ni,h0071,31.146847674847255,scr2004,dem,electricity
uk,h0072,29.40072790585558,scr2004,dem,electricity
ni,h0072,29.40072790585558,scr2004,dem,electricity
rs,h0049,3.841041641475059,scr2004,dem,electricity
rs,h0050,3.2974599922725574,scr2004,dem,electricity
rs,h0051,2.6800625477734314,scr2004,dem,electricity
rs,h0052,2.6495272776860146,scr2004,dem,electricity
rs,h0053,2.7988434226755494,scr2004,dem,electricity
rs,h0054,3.152508289749134,scr2004,dem,electricity
rs,h0055,3.723124794654924,scr2004,dem,electricity
rs,h0056,3.951455710826585,scr2004,dem,electricity
rs,h0057,4.082483326196457,scr2004,dem,electricity
rs,h0058,3.8895082248561956,scr2004,dem,electricity
rs,h0059,4.179022570497122,scr2004,dem,electricity
rs,h0060,4.475476293095633,scr2004,dem,electricity
rs,h0061,4.0370107807297995,scr2004,dem,electricity
rs,h0062,3.4107553700091904,scr2004,dem,electricity
rs,h0063,2.6600742689856944,scr2004,dem,electricity
rs,h0064,2.77312717583375,scr2004,dem,electricity
rs,h0065,3.137443411774261,scr2004,dem,electricity
rs,h0066,3.9126822939359647,scr2004,dem,electricity
rs,h0067,4.517998727232136,scr2004,dem,electricity
rs,h0068,4.7718481292560275,scr2004,dem,electricity
rs,h0069,4.568871500834943,scr2004,dem,electricity
rs,h0070,3.994440709946912,scr2004,dem,electricity
rs,h0071,4.195845676608944,scr2004,dem,electricity
rs,h0072,4.270722660866477,scr2004,dem,electricity
ba,h0049,1.1233438353722547,scr2004,dem,electricity
ba,h0050,0.964368965767453,scr2004,dem,electricity
ba,h0051,0.7838060665987494,scr2004,dem,electricity
ba,h0052,0.7748757786824467,scr2004,dem,electricity
ba,h0053,0.8185444985745474,scr2004,dem,electricity
ba,h0054,0.921976662600844,scr2004,dem,electricity
ba,h0055,1.088858096173729,scr2004,dem,electricity
ba,h0056,1.1556353274502968,scr2004,dem,electricity
ba,h0057,1.1939554179766585,scr2004,dem,electricity
ba,h0058,1.1375182812786466,scr2004,dem,electricity
ba,h0059,1.2221891041204058,scr2004,dem,electricity
ba,h0060,1.3088894041874557,scr2004,dem,electricity
ba,h0061,1.1806566029006405,scr2004,dem,electricity
ba,h0062,0.997503119747072,scr2004,dem,electricity
ba,h0063,0.7779603322078957,scr2004,dem,electricity
ba,h0064,0.8110235733008525,scr2004,dem,electricity
ba,h0065,0.9175708165476905,scr2004,dem,electricity
ba,h0066,1.1442957268549585,scr2004,dem,electricity
ba,h0067,1.321325435850401,scr2004,dem,electricity
ba,h0068,1.3955657558455123,scr2004,dem,electricity
ba,h0069,1.336203591474586,scr2004,dem,electricity
ba,h0070,1.1682066396470607,scr2004,dem,electricity
ba,h0071,1.227109158627524,scr2004,dem,electricity
ba,h0072,1.2490075411394295,scr2004,dem,electricity
al,h0049,0.5408198188448381,scr2004,dem,electricity
al,h0050,0.46428335883257693,scr2004,dem,electricity
al,h0051,0.37735361310925825,scr2004,dem,electricity
al,h0052,0.3730542376643808,scr2004,dem,electricity
al,h0053,0.39407799570198526,scr2004,dem,electricity
al,h0054,0.4438741153663381,scr2004,dem,electricity
al,h0055,0.5242170907833708,scr2004,dem,electricity
al,h0056,0.5563661526145287,scr2004,dem,electricity
al,h0057,0.574814879901856,scr2004,dem,electricity
al,h0058,0.5476439278445808,scr2004,dem,electricity
al,h0059,0.5884076349248715,scr2004,dem,electricity
al,h0060,0.6301484086260223,scr2004,dem,electricity
al,h0061,0.568412332204693,scr2004,dem,electricity
al,h0062,0.48023538173856695,scr2004,dem,electricity
al,h0063,0.37453925702732616,scr2004,dem,electricity
al,h0064,0.39045714056731934,scr2004,dem,electricity
al,h0065,0.441752976216629,scr2004,dem,electricity
al,h0066,0.550906843674932,scr2004,dem,electricity
al,h0067,0.636135579714258,scr2004,dem,electricity
al,h0068,0.6718776522001111,scr2004,dem,electricity
al,h0069,0.6432984822575489,scr2004,dem,electricity
al,h0070,0.5624184538235761,scr2004,dem,electricity
al,h0071,0.5907763333203915,scr2004,dem,electricity
al,h0072,0.601319035212762,scr2004,dem,electricity
