region_2,timestep_5,value,scenario_1,parameter,carrier_1
AT,hh0043,0.1512271008704891,scr1994,mustOut,spaceHeat
AT,hh0044,0.4452345496142938,scr1994,mustOut,spaceHeat
AT,hh0045,0.4288165290577963,scr1994,mustOut,spaceHeat
AT,hh0046,0.2609058142953551,scr1994,mustOut,spaceHeat
AT,hh0047,0.35322797766821534,scr1994,mustOut,spaceHeat
AT,hh0048,0.3712676827463466,scr1994,mustOut,spaceHeat
AT,hh0049,0.1889840868891205,scr1994,mustOut,spaceHeat
AT,hh0050,0.37765358667578164,scr1994,mustOut,spaceHeat
AT,hh0051,0.3515382684925738,scr1994,mustOut,spaceHeat
AT,hh0052,0.12573119607413386,scr1994,mustOut,spaceHeat
AT,hh0053,0.13372482682663783,scr1994,mustOut,spaceHeat
AT,hh0054,0.13499115938760528,scr1994,mustOut,spaceHeat
AT,hh0055,0.08426618258721458,scr1994,mustOut,spaceHeat
AT,hh0056,0.17306031860030222,scr1994,mustOut,spaceHeat
AT,hh0057,0.08934781879708911,scr1994,mustOut,spaceHeat
AT,hh0058,0.04761408153047425,scr1994,mustOut,spaceHeat
AT,hh0059,0.08538636369908718,scr1994,mustOut,spaceHeat
AT,hh0060,0.15922072198765014,scr1994,mustOut,spaceHeat
AT,hh0061,0.10593904666082968,scr1994,mustOut,spaceHeat
AT,hh0062,0.209445479615825,scr1994,mustOut,spaceHeat
AT,hh0063,0.06677557870880614,scr1994,mustOut,spaceHeat
AT,hh0064,0.033832757174659514,scr1994,mustOut,spaceHeat
AT,hh0065,0.06111890071762038,scr1994,mustOut,spaceHeat
AT,hh0066,0.12075463937327255,scr1994,mustOut,spaceHeat
AT,hh0067,0.05315830379795551,scr1994,mustOut,spaceHeat
AT,hh0068,0.1351133195484651,scr1994,mustOut,spaceHeat
AT,hh0069,0.11691662206305017,scr1994,mustOut,spaceHeat
AT,hh0070,0.07402421394058095,scr1994,mustOut,spaceHeat
AT,hh0071,0.08443427804875046,scr1994,mustOut,spaceHeat
AT,hh0072,0.033164400606777944,scr1994,mustOut,spaceHeat
AT,hh0073,0.0922014538285571,scr1994,mustOut,spaceHeat
AT,hh0074,0.22328760624328198,scr1994,mustOut,spaceHeat
AT,hh0075,0.10257763697584682,scr1994,mustOut,spaceHeat
AT,hh0076,0.09166701313774164,scr1994,mustOut,spaceHeat
AT,hh0077,0.0946477147089112,scr1994,mustOut,spaceHeat
AT,hh0078,0.06008552987214716,scr1994,mustOut,spaceHeat
AT,hh0079,0.037673490841488286,scr1994,mustOut,spaceHeat
AT,hh0080,0.06588016265115491,scr1994,mustOut,spaceHeat
AT,hh0081,0.037654642237578195,scr1994,mustOut,spaceHeat
AT,hh0082,0.026003377240599944,scr1994,mustOut,spaceHeat
AT,hh0083,0.028077508310344605,scr1994,mustOut,spaceHeat
AT,hh0084,0.030443458589983142,scr1994,mustOut,spaceHeat
BE,hh0043,0.1722111470236296,scr1994,mustOut,spaceHeat
BE,hh0044,0.46135283814692374,scr1994,mustOut,spaceHeat
BE,hh0045,0.45637299446158747,scr1994,mustOut,spaceHeat
BE,hh0046,0.2822650654026892,scr1994,mustOut,spaceHeat
BE,hh0047,0.2951031615285017,scr1994,mustOut,spaceHeat
BE,hh0048,0.23898732898996297,scr1994,mustOut,spaceHeat
BE,hh0049,0.2113992888523818,scr1994,mustOut,spaceHeat
BE,hh0050,0.4597412235541855,scr1994,mustOut,spaceHeat
BE,hh0051,0.38459416425141024,scr1994,mustOut,spaceHeat
BE,hh0052,0.1484420028594243,scr1994,mustOut,spaceHeat
BE,hh0053,0.15660025321655938,scr1994,mustOut,spaceHeat
BE,hh0054,0.14780603485208582,scr1994,mustOut,spaceHeat
BE,hh0055,0.06588302215060961,scr1994,mustOut,spaceHeat
BE,hh0056,0.20722729903109155,scr1994,mustOut,spaceHeat
BE,hh0057,0.23578194856163318,scr1994,mustOut,spaceHeat
BE,hh0058,0.12143102469414296,scr1994,mustOut,spaceHeat
BE,hh0059,0.13910560421339432,scr1994,mustOut,spaceHeat
BE,hh0060,0.047319033689561904,scr1994,mustOut,spaceHeat
BE,hh0061,0.10532157638910837,scr1994,mustOut,spaceHeat
BE,hh0062,0.23884725182664523,scr1994,mustOut,spaceHeat
BE,hh0063,0.07024554737282851,scr1994,mustOut,spaceHeat
BE,hh0064,0.05342485254796936,scr1994,mustOut,spaceHeat
BE,hh0065,0.08511068114133832,scr1994,mustOut,spaceHeat
BE,hh0066,0.11892095792314594,scr1994,mustOut,spaceHeat
BE,hh0067,0.09888964233987915,scr1994,mustOut,spaceHeat
BE,hh0068,0.26133062847554656,scr1994,mustOut,spaceHeat
BE,hh0069,0.26964195423038134,scr1994,mustOut,spaceHeat
BE,hh0070,0.12051103338602742,scr1994,mustOut,spaceHeat
BE,hh0071,0.11830797253316008,scr1994,mustOut,spaceHeat
BE,hh0072,0.09753571002799181,scr1994,mustOut,spaceHeat
BE,hh0073,0.10506535119773475,scr1994,mustOut,spaceHeat
BE,hh0074,0.2646353667930451,scr1994,mustOut,spaceHeat
BE,hh0075,0.16859620685641938,scr1994,mustOut,spaceHeat
BE,hh0076,0.05938094453689563,scr1994,mustOut,spaceHeat
BE,hh0077,0.05831454157033324,scr1994,mustOut,spaceHeat
BE,hh0078,0.07279484830158264,scr1994,mustOut,spaceHeat
BE,hh0079,0.053856404312083564,scr1994,mustOut,spaceHeat
BE,hh0080,0.1317317289941956,scr1994,mustOut,spaceHeat
BE,hh0081,0.059906074709900614,scr1994,mustOut,spaceHeat
BE,hh0082,0.0301957941340327,scr1994,mustOut,spaceHeat
BE,hh0083,0.02891371576476542,scr1994,mustOut,spaceHeat
BE,hh0084,0.02244684869971173,scr1994,mustOut,spaceHeat
BG,hh0043,0.2289237142262392,scr1994,mustOut,spaceHeat
BG,hh0044,0.35680488290780693,scr1994,mustOut,spaceHeat
BG,hh0045,0.19078754053706143,scr1994,mustOut,spaceHeat
BG,hh0046,0.1911974475970254,scr1994,mustOut,spaceHeat
BG,hh0047,0.28961326057469683,scr1994,mustOut,spaceHeat
BG,hh0048,0.15783809780389374,scr1994,mustOut,spaceHeat
BG,hh0049,0.15240765888473173,scr1994,mustOut,spaceHeat
BG,hh0050,0.27897572596972064,scr1994,mustOut,spaceHeat
BG,hh0051,0.07305518479890975,scr1994,mustOut,spaceHeat
BG,hh0052,0.07974041060582227,scr1994,mustOut,spaceHeat
BG,hh0053,0.1842251258700141,scr1994,mustOut,spaceHeat
BG,hh0054,0.17399416450649402,scr1994,mustOut,spaceHeat
BG,hh0055,0.12806663532699386,scr1994,mustOut,spaceHeat
BG,hh0056,0.24792065831318233,scr1994,mustOut,spaceHeat
BG,hh0057,0.06702772873372224,scr1994,mustOut,spaceHeat
BG,hh0058,0.10530805491629505,scr1994,mustOut,spaceHeat
BG,hh0059,0.25103137724819685,scr1994,mustOut,spaceHeat
BG,hh0060,0.16158822521156765,scr1994,mustOut,spaceHeat
BG,hh0061,0.14813423795629038,scr1994,mustOut,spaceHeat
BG,hh0062,0.21560144616844984,scr1994,mustOut,spaceHeat
BG,hh0063,0.05257045019543655,scr1994,mustOut,spaceHeat
BG,hh0064,0.029835545771642064,scr1994,mustOut,spaceHeat
BG,hh0065,0.053532642918737716,scr1994,mustOut,spaceHeat
BG,hh0066,0.07439058981781958,scr1994,mustOut,spaceHeat
BG,hh0067,0.044799423077663145,scr1994,mustOut,spaceHeat
BG,hh0068,0.0699841744186197,scr1994,mustOut,spaceHeat
BG,hh0069,0.03454266852493373,scr1994,mustOut,spaceHeat
BG,hh0070,0.02932135807045903,scr1994,mustOut,spaceHeat
BG,hh0071,0.05153566980829685,scr1994,mustOut,spaceHeat
BG,hh0072,0.06762673619788263,scr1994,mustOut,spaceHeat
BG,hh0073,0.0879217937056887,scr1994,mustOut,spaceHeat
BG,hh0074,0.21289490574180042,scr1994,mustOut,spaceHeat
BG,hh0075,0.05207154656029016,scr1994,mustOut,spaceHeat
BG,hh0076,0.03696169325151588,scr1994,mustOut,spaceHeat
BG,hh0077,0.07336722799965031,scr1994,mustOut,spaceHeat
BG,hh0078,0.08760289483416456,scr1994,mustOut,spaceHeat
BG,hh0079,0.07369858625911196,scr1994,mustOut,spaceHeat
BG,hh0080,0.1038207204133879,scr1994,mustOut,spaceHeat
BG,hh0081,0.05402395462345433,scr1994,mustOut,spaceHeat
BG,hh0082,0.029802948065437665,scr1994,mustOut,spaceHeat
BG,hh0083,0.039916609747978976,scr1994,mustOut,spaceHeat
BG,hh0084,0.031757496313399525,scr1994,mustOut,spaceHeat
CH,hh0043,0.21064960300914684,scr1994,mustOut,spaceHeat
CH,hh0044,0.4661614353121433,scr1994,mustOut,spaceHeat
CH,hh0045,0.4388930003277529,scr1994,mustOut,spaceHeat
CH,hh0046,0.33894821432891886,scr1994,mustOut,spaceHeat
CH,hh0047,0.3996798043356886,scr1994,mustOut,spaceHeat
CH,hh0048,0.35077866564561616,scr1994,mustOut,spaceHeat
CH,hh0049,0.2519283498640583,scr1994,mustOut,spaceHeat
CH,hh0050,0.4240628162395642,scr1994,mustOut,spaceHeat
CH,hh0051,0.32940041578061197,scr1994,mustOut,spaceHeat
CH,hh0052,0.19014577564816607,scr1994,mustOut,spaceHeat
CH,hh0053,0.2005368412794074,scr1994,mustOut,spaceHeat
CH,hh0054,0.1637401450416125,scr1994,mustOut,spaceHeat
CH,hh0055,0.12873534328798864,scr1994,mustOut,spaceHeat
CH,hh0056,0.2392462613610948,scr1994,mustOut,spaceHeat
CH,hh0057,0.09677513897810161,scr1994,mustOut,spaceHeat
CH,hh0058,0.10746136155547112,scr1994,mustOut,spaceHeat
CH,hh0059,0.15725049017961235,scr1994,mustOut,spaceHeat
CH,hh0060,0.10650280679953643,scr1994,mustOut,spaceHeat
CH,hh0061,0.12411777855288625,scr1994,mustOut,spaceHeat
CH,hh0062,0.24823973881681496,scr1994,mustOut,spaceHeat
CH,hh0063,0.1416211956882633,scr1994,mustOut,spaceHeat
CH,hh0064,0.08188945809843308,scr1994,mustOut,spaceHeat
CH,hh0065,0.1165259927663995,scr1994,mustOut,spaceHeat
CH,hh0066,0.17341647541934507,scr1994,mustOut,spaceHeat
CH,hh0067,0.07851032888876408,scr1994,mustOut,spaceHeat
CH,hh0068,0.1660179191708572,scr1994,mustOut,spaceHeat
CH,hh0069,0.16460370859172152,scr1994,mustOut,spaceHeat
CH,hh0070,0.0803043654332459,scr1994,mustOut,spaceHeat
CH,hh0071,0.09452034681035815,scr1994,mustOut,spaceHeat
CH,hh0072,0.07641349784609465,scr1994,mustOut,spaceHeat
CH,hh0073,0.13843372250170688,scr1994,mustOut,spaceHeat
CH,hh0074,0.29655510465163953,scr1994,mustOut,spaceHeat
CH,hh0075,0.2287903265012785,scr1994,mustOut,spaceHeat
CH,hh0076,0.11258162037647504,scr1994,mustOut,spaceHeat
CH,hh0077,0.10366743582616861,scr1994,mustOut,spaceHeat
CH,hh0078,0.06405193489485353,scr1994,mustOut,spaceHeat
CH,hh0079,0.040784227830500834,scr1994,mustOut,spaceHeat
CH,hh0080,0.09139828354347312,scr1994,mustOut,spaceHeat
CH,hh0081,0.05209614710595791,scr1994,mustOut,spaceHeat
CH,hh0082,0.029834872432548374,scr1994,mustOut,spaceHeat
CH,hh0083,0.03763188432155477,scr1994,mustOut,spaceHeat
CH,hh0084,0.040077968187578125,scr1994,mustOut,spaceHeat
CZ,hh0043,0.10755920609242338,scr1994,mustOut,spaceHeat
CZ,hh0044,0.36454011562190103,scr1994,mustOut,spaceHeat
CZ,hh0045,0.36193953978605836,scr1994,mustOut,spaceHeat
CZ,hh0046,0.19277704049777394,scr1994,mustOut,spaceHeat
CZ,hh0047,0.2939691852699192,scr1994,mustOut,spaceHeat
CZ,hh0048,0.3375052134419644,scr1994,mustOut,spaceHeat
CZ,hh0049,0.18031916070708445,scr1994,mustOut,spaceHeat
CZ,hh0050,0.39939911483334295,scr1994,mustOut,spaceHeat
CZ,hh0051,0.4026513749390336,scr1994,mustOut,spaceHeat
CZ,hh0052,0.10684193924689525,scr1994,mustOut,spaceHeat
CZ,hh0053,0.09738797079166112,scr1994,mustOut,spaceHeat
CZ,hh0054,0.11632274042185106,scr1994,mustOut,spaceHeat
CZ,hh0055,0.06945416545234995,scr1994,mustOut,spaceHeat
CZ,hh0056,0.19528270279870896,scr1994,mustOut,spaceHeat
CZ,hh0057,0.1628193178362704,scr1994,mustOut,spaceHeat
CZ,hh0058,0.06387650110564504,scr1994,mustOut,spaceHeat
CZ,hh0059,0.10425214993114566,scr1994,mustOut,spaceHeat
CZ,hh0060,0.1563049423730004,scr1994,mustOut,spaceHeat
CZ,hh0061,0.09141083298716585,scr1994,mustOut,spaceHeat
CZ,hh0062,0.17808999817676424,scr1994,mustOut,spaceHeat
CZ,hh0063,0.04051335956690487,scr1994,mustOut,spaceHeat
CZ,hh0064,0.024348309043007436,scr1994,mustOut,spaceHeat
CZ,hh0065,0.06780704862160825,scr1994,mustOut,spaceHeat
CZ,hh0066,0.14707672034265773,scr1994,mustOut,spaceHeat
CZ,hh0067,0.056221354942628095,scr1994,mustOut,spaceHeat
CZ,hh0068,0.14309748400411287,scr1994,mustOut,spaceHeat
CZ,hh0069,0.10863458095929511,scr1994,mustOut,spaceHeat
CZ,hh0070,0.0877522514434263,scr1994,mustOut,spaceHeat
CZ,hh0071,0.09082482865931638,scr1994,mustOut,spaceHeat
CZ,hh0072,0.023676904651906534,scr1994,mustOut,spaceHeat
CZ,hh0073,0.07025513022292751,scr1994,mustOut,spaceHeat
CZ,hh0074,0.21754943441180835,scr1994,mustOut,spaceHeat
CZ,hh0075,0.1002295352041935,scr1994,mustOut,spaceHeat
CZ,hh0076,0.04369542015864911,scr1994,mustOut,spaceHeat
CZ,hh0077,0.05119661108601715,scr1994,mustOut,spaceHeat
CZ,hh0078,0.09479156887661233,scr1994,mustOut,spaceHeat
CZ,hh0079,0.030245523733914058,scr1994,mustOut,spaceHeat
CZ,hh0080,0.05301420448853662,scr1994,mustOut,spaceHeat
CZ,hh0081,0.02908611164099574,scr1994,mustOut,spaceHeat
CZ,hh0082,0.019401866357352505,scr1994,mustOut,spaceHeat
CZ,hh0083,0.0211104198193631,scr1994,mustOut,spaceHeat
CZ,hh0084,0.019061591807051234,scr1994,mustOut,spaceHeat
DE,hh0043,0.15566318628536246,scr1994,mustOut,spaceHeat
DE,hh0044,0.4572185042217611,scr1994,mustOut,spaceHeat
DE,hh0045,0.4421497291150497,scr1994,mustOut,spaceHeat
DE,hh0046,0.25455902614679154,scr1994,mustOut,spaceHeat
DE,hh0047,0.30418322908699735,scr1994,mustOut,spaceHeat
DE,hh0048,0.26548512811665764,scr1994,mustOut,spaceHeat
DE,hh0049,0.22127821885304705,scr1994,mustOut,spaceHeat
DE,hh0050,0.5091970960792878,scr1994,mustOut,spaceHeat
DE,hh0051,0.39118374436284037,scr1994,mustOut,spaceHeat
DE,hh0052,0.10628226306478489,scr1994,mustOut,spaceHeat
DE,hh0053,0.0884845453996505,scr1994,mustOut,spaceHeat
DE,hh0054,0.08512665534197994,scr1994,mustOut,spaceHeat
DE,hh0055,0.0625150975399092,scr1994,mustOut,spaceHeat
DE,hh0056,0.19606613352210273,scr1994,mustOut,spaceHeat
DE,hh0057,0.21848613638974454,scr1994,mustOut,spaceHeat
DE,hh0058,0.09577641908177471,scr1994,mustOut,spaceHeat
DE,hh0059,0.10421044332579477,scr1994,mustOut,spaceHeat
DE,hh0060,0.07384271544321533,scr1994,mustOut,spaceHeat
DE,hh0061,0.089838473105923,scr1994,mustOut,spaceHeat
DE,hh0062,0.20672240710847778,scr1994,mustOut,spaceHeat
DE,hh0063,0.05768377977558251,scr1994,mustOut,spaceHeat
DE,hh0064,0.035214451969342905,scr1994,mustOut,spaceHeat
DE,hh0065,0.06445150528212053,scr1994,mustOut,spaceHeat
DE,hh0066,0.1242685914177529,scr1994,mustOut,spaceHeat
DE,hh0067,0.07520252787567136,scr1994,mustOut,spaceHeat
DE,hh0068,0.2093425862443274,scr1994,mustOut,spaceHeat
DE,hh0069,0.20141297732723884,scr1994,mustOut,spaceHeat
DE,hh0070,0.08961985486269136,scr1994,mustOut,spaceHeat
DE,hh0071,0.08075713864145055,scr1994,mustOut,spaceHeat
DE,hh0072,0.046130228652130706,scr1994,mustOut,spaceHeat
DE,hh0073,0.10060493606747896,scr1994,mustOut,spaceHeat
DE,hh0074,0.28280606477124537,scr1994,mustOut,spaceHeat
DE,hh0075,0.1928029942068049,scr1994,mustOut,spaceHeat
DE,hh0076,0.05824947545346098,scr1994,mustOut,spaceHeat
DE,hh0077,0.05742491077296874,scr1994,mustOut,spaceHeat
DE,hh0078,0.07605208381395721,scr1994,mustOut,spaceHeat
DE,hh0079,0.035384493181805615,scr1994,mustOut,spaceHeat
DE,hh0080,0.07503452098979745,scr1994,mustOut,spaceHeat
DE,hh0081,0.0452827791717656,scr1994,mustOut,spaceHeat
DE,hh0082,0.026405276066476076,scr1994,mustOut,spaceHeat
DE,hh0083,0.026459466744592607,scr1994,mustOut,spaceHeat
DE,hh0084,0.024538545410579673,scr1994,mustOut,spaceHeat
GR,hh0043,0.23413367715560235,scr1994,mustOut,spaceHeat
GR,hh0044,0.48032265120974876,scr1994,mustOut,spaceHeat
GR,hh0045,0.2072899115438684,scr1994,mustOut,spaceHeat
GR,hh0046,0.20680042739918106,scr1994,mustOut,spaceHeat
GR,hh0047,0.289951150148162,scr1994,mustOut,spaceHeat
GR,hh0048,0.1544222795251744,scr1994,mustOut,spaceHeat
GR,hh0049,0.15729438827284994,scr1994,mustOut,spaceHeat
GR,hh0050,0.34820879871577715,scr1994,mustOut,spaceHeat
GR,hh0051,0.07798639558898827,scr1994,mustOut,spaceHeat
GR,hh0052,0.0777080873916421,scr1994,mustOut,spaceHeat
GR,hh0053,0.17146065032246355,scr1994,mustOut,spaceHeat
GR,hh0054,0.16545696581645092,scr1994,mustOut,spaceHeat
GR,hh0055,0.10239776918748814,scr1994,mustOut,spaceHeat
GR,hh0056,0.2274383625968353,scr1994,mustOut,spaceHeat
GR,hh0057,0.09516049759301215,scr1994,mustOut,spaceHeat
GR,hh0058,0.10285570197999169,scr1994,mustOut,spaceHeat
GR,hh0059,0.20875379355720386,scr1994,mustOut,spaceHeat
GR,hh0060,0.1563166500084753,scr1994,mustOut,spaceHeat
GR,hh0061,0.12611221931069216,scr1994,mustOut,spaceHeat
GR,hh0062,0.267868227479107,scr1994,mustOut,spaceHeat
GR,hh0063,0.06958009188595161,scr1994,mustOut,spaceHeat
GR,hh0064,0.046405094181101884,scr1994,mustOut,spaceHeat
GR,hh0065,0.07612653934219976,scr1994,mustOut,spaceHeat
GR,hh0066,0.07846800399781675,scr1994,mustOut,spaceHeat
GR,hh0067,0.04266914081790263,scr1994,mustOut,spaceHeat
GR,hh0068,0.0856151294501091,scr1994,mustOut,spaceHeat
GR,hh0069,0.04758701317950393,scr1994,mustOut,spaceHeat
GR,hh0070,0.03924946863068933,scr1994,mustOut,spaceHeat
GR,hh0071,0.061429772408746766,scr1994,mustOut,spaceHeat
GR,hh0072,0.056127362897880874,scr1994,mustOut,spaceHeat
GR,hh0073,0.041634102263392356,scr1994,mustOut,spaceHeat
GR,hh0074,0.11395163151492296,scr1994,mustOut,spaceHeat
GR,hh0075,0.06126342456121146,scr1994,mustOut,spaceHeat
GR,hh0076,0.043901986137022876,scr1994,mustOut,spaceHeat
GR,hh0077,0.06697454235097072,scr1994,mustOut,spaceHeat
GR,hh0078,0.06337659962615161,scr1994,mustOut,spaceHeat
GR,hh0079,0.04432693950726378,scr1994,mustOut,spaceHeat
GR,hh0080,0.0900756395635025,scr1994,mustOut,spaceHeat
GR,hh0081,0.05350521970668501,scr1994,mustOut,spaceHeat
GR,hh0082,0.03833528635018931,scr1994,mustOut,spaceHeat
GR,hh0083,0.04838897241876515,scr1994,mustOut,spaceHeat
GR,hh0084,0.0382578020284251,scr1994,mustOut,spaceHeat
ES,hh0043,0.20259682597201348,scr1994,mustOut,spaceHeat
ES,hh0044,0.6312509366964494,scr1994,mustOut,spaceHeat
ES,hh0045,0.4458493471728321,scr1994,mustOut,spaceHeat
ES,hh0046,0.25261389484830143,scr1994,mustOut,spaceHeat
ES,hh0047,0.3067244920009243,scr1994,mustOut,spaceHeat
ES,hh0048,0.3881403027671181,scr1994,mustOut,spaceHeat
ES,hh0049,0.2585024146497754,scr1994,mustOut,spaceHeat
ES,hh0050,0.6442426313269095,scr1994,mustOut,spaceHeat
ES,hh0051,0.4876066481421497,scr1994,mustOut,spaceHeat
ES,hh0052,0.28310058646406183,scr1994,mustOut,spaceHeat
ES,hh0053,0.3272788882525321,scr1994,mustOut,spaceHeat
ES,hh0054,0.3643147434271111,scr1994,mustOut,spaceHeat
ES,hh0055,0.15786530498379783,scr1994,mustOut,spaceHeat
ES,hh0056,0.459495760407181,scr1994,mustOut,spaceHeat
ES,hh0057,0.20359693026116124,scr1994,mustOut,spaceHeat
ES,hh0058,0.15008888040779048,scr1994,mustOut,spaceHeat
ES,hh0059,0.21098661444262964,scr1994,mustOut,spaceHeat
ES,hh0060,0.2558689941380645,scr1994,mustOut,spaceHeat
ES,hh0061,0.14986895569621375,scr1994,mustOut,spaceHeat
ES,hh0062,0.4777474035227981,scr1994,mustOut,spaceHeat
ES,hh0063,0.34436335096044945,scr1994,mustOut,spaceHeat
ES,hh0064,0.23304901122487204,scr1994,mustOut,spaceHeat
ES,hh0065,0.27644652351937726,scr1994,mustOut,spaceHeat
ES,hh0066,0.2188729196656241,scr1994,mustOut,spaceHeat
ES,hh0067,0.11638132480476038,scr1994,mustOut,spaceHeat
ES,hh0068,0.3808142382964488,scr1994,mustOut,spaceHeat
ES,hh0069,0.23590720201049367,scr1994,mustOut,spaceHeat
ES,hh0070,0.11731611030672881,scr1994,mustOut,spaceHeat
ES,hh0071,0.1355700088334723,scr1994,mustOut,spaceHeat
ES,hh0072,0.17242056712316162,scr1994,mustOut,spaceHeat
ES,hh0073,0.09855109352707989,scr1994,mustOut,spaceHeat
ES,hh0074,0.3391555571393727,scr1994,mustOut,spaceHeat
ES,hh0075,0.23188994415238948,scr1994,mustOut,spaceHeat
ES,hh0076,0.14552490068397295,scr1994,mustOut,spaceHeat
ES,hh0077,0.1552043225543056,scr1994,mustOut,spaceHeat
ES,hh0078,0.12397787687620182,scr1994,mustOut,spaceHeat
ES,hh0079,0.08820254957805526,scr1994,mustOut,spaceHeat
ES,hh0080,0.292488983515903,scr1994,mustOut,spaceHeat
ES,hh0081,0.16162876186063974,scr1994,mustOut,spaceHeat
ES,hh0082,0.1348639986951689,scr1994,mustOut,spaceHeat
ES,hh0083,0.14989535574297408,scr1994,mustOut,spaceHeat
ES,hh0084,0.1100793025541657,scr1994,mustOut,spaceHeat
DK,hh0043,0.17383800967455648,scr1994,mustOut,spaceHeat
DK,hh0044,0.3931745130152725,scr1994,mustOut,spaceHeat
DK,hh0045,0.40252847579002066,scr1994,mustOut,spaceHeat
DK,hh0046,0.29871294126753545,scr1994,mustOut,spaceHeat
DK,hh0047,0.33260864009174385,scr1994,mustOut,spaceHeat
DK,hh0048,0.2814155615294826,scr1994,mustOut,spaceHeat
DK,hh0049,0.18702722677915185,scr1994,mustOut,spaceHeat
DK,hh0050,0.4040258585889084,scr1994,mustOut,spaceHeat
DK,hh0051,0.380910495147063,scr1994,mustOut,spaceHeat
DK,hh0052,0.2022999335460038,scr1994,mustOut,spaceHeat
DK,hh0053,0.21563642748413508,scr1994,mustOut,spaceHeat
DK,hh0054,0.17551565441396835,scr1994,mustOut,spaceHeat
DK,hh0055,0.09629312911887561,scr1994,mustOut,spaceHeat
DK,hh0056,0.24879307117727184,scr1994,mustOut,spaceHeat
DK,hh0057,0.2507338518006041,scr1994,mustOut,spaceHeat
DK,hh0058,0.18371818408402973,scr1994,mustOut,spaceHeat
DK,hh0059,0.22101994714572254,scr1994,mustOut,spaceHeat
DK,hh0060,0.17799201476709217,scr1994,mustOut,spaceHeat
DK,hh0061,0.11867905998551392,scr1994,mustOut,spaceHeat
DK,hh0062,0.250096995782051,scr1994,mustOut,spaceHeat
DK,hh0063,0.15027020658193765,scr1994,mustOut,spaceHeat
DK,hh0064,0.13726505574197678,scr1994,mustOut,spaceHeat
DK,hh0065,0.18058431408255052,scr1994,mustOut,spaceHeat
DK,hh0066,0.18304075338062994,scr1994,mustOut,spaceHeat
DK,hh0067,0.10114727193261036,scr1994,mustOut,spaceHeat
DK,hh0068,0.24659032467810632,scr1994,mustOut,spaceHeat
DK,hh0069,0.17680698441327675,scr1994,mustOut,spaceHeat
DK,hh0070,0.11863423331981288,scr1994,mustOut,spaceHeat
DK,hh0071,0.1492382375868861,scr1994,mustOut,spaceHeat
DK,hh0072,0.0935404200683815,scr1994,mustOut,spaceHeat
DK,hh0073,0.08977590606468483,scr1994,mustOut,spaceHeat
DK,hh0074,0.2416162434784879,scr1994,mustOut,spaceHeat
DK,hh0075,0.1853914179959349,scr1994,mustOut,spaceHeat
DK,hh0076,0.09059088718896571,scr1994,mustOut,spaceHeat
DK,hh0077,0.13375889171148575,scr1994,mustOut,spaceHeat
DK,hh0078,0.19027082284964894,scr1994,mustOut,spaceHeat
DK,hh0079,0.07325985224594785,scr1994,mustOut,spaceHeat
DK,hh0080,0.16392633791310254,scr1994,mustOut,spaceHeat
DK,hh0081,0.1181324578535148,scr1994,mustOut,spaceHeat
DK,hh0082,0.05189596834968538,scr1994,mustOut,spaceHeat
DK,hh0083,0.05125952094083038,scr1994,mustOut,spaceHeat
DK,hh0084,0.05310965118933759,scr1994,mustOut,spaceHeat
EE,hh0043,0.12654666705810602,scr1994,mustOut,spaceHeat
EE,hh0044,0.19264316366325238,scr1994,mustOut,spaceHeat
EE,hh0045,0.1359150154188846,scr1994,mustOut,spaceHeat
EE,hh0046,0.20266237971545648,scr1994,mustOut,spaceHeat
EE,hh0047,0.30936324592069475,scr1994,mustOut,spaceHeat
EE,hh0048,0.20792875654827433,scr1994,mustOut,spaceHeat
EE,hh0049,0.1385925745472335,scr1994,mustOut,spaceHeat
EE,hh0050,0.24422366155842645,scr1994,mustOut,spaceHeat
EE,hh0051,0.2845710540162634,scr1994,mustOut,spaceHeat
EE,hh0052,0.1722772326994115,scr1994,mustOut,spaceHeat
EE,hh0053,0.17150985207932645,scr1994,mustOut,spaceHeat
EE,hh0054,0.10893078442852155,scr1994,mustOut,spaceHeat
EE,hh0055,0.08549857349139411,scr1994,mustOut,spaceHeat
EE,hh0056,0.15284314942015997,scr1994,mustOut,spaceHeat
EE,hh0057,0.14130056953767223,scr1994,mustOut,spaceHeat
EE,hh0058,0.12355985985878276,scr1994,mustOut,spaceHeat
EE,hh0059,0.16081383231995378,scr1994,mustOut,spaceHeat
EE,hh0060,0.12332462489401354,scr1994,mustOut,spaceHeat
EE,hh0061,0.07469955822821928,scr1994,mustOut,spaceHeat
EE,hh0062,0.07560020470293219,scr1994,mustOut,spaceHeat
EE,hh0063,0.06756741095599483,scr1994,mustOut,spaceHeat
EE,hh0064,0.06990789786560514,scr1994,mustOut,spaceHeat
EE,hh0065,0.13639567114563586,scr1994,mustOut,spaceHeat
EE,hh0066,0.13043791008591343,scr1994,mustOut,spaceHeat
EE,hh0067,0.12310562901545219,scr1994,mustOut,spaceHeat
EE,hh0068,0.15603953187803601,scr1994,mustOut,spaceHeat
EE,hh0069,0.08551316279659334,scr1994,mustOut,spaceHeat
EE,hh0070,0.08255409801889872,scr1994,mustOut,spaceHeat
EE,hh0071,0.10542501949853816,scr1994,mustOut,spaceHeat
EE,hh0072,0.06028406567010926,scr1994,mustOut,spaceHeat
EE,hh0073,0.06097027302283708,scr1994,mustOut,spaceHeat
EE,hh0074,0.06716095659330251,scr1994,mustOut,spaceHeat
EE,hh0075,0.04237287246800441,scr1994,mustOut,spaceHeat
EE,hh0076,0.03824662977437864,scr1994,mustOut,spaceHeat
EE,hh0077,0.0689867700389693,scr1994,mustOut,spaceHeat
EE,hh0078,0.08456833445057095,scr1994,mustOut,spaceHeat
EE,hh0079,0.06974133796448233,scr1994,mustOut,spaceHeat
EE,hh0080,0.06481501611121324,scr1994,mustOut,spaceHeat
EE,hh0081,0.04520386324846343,scr1994,mustOut,spaceHeat
EE,hh0082,0.024879161987172063,scr1994,mustOut,spaceHeat
EE,hh0083,0.028634784014463004,scr1994,mustOut,spaceHeat
EE,hh0084,0.02050352782264906,scr1994,mustOut,spaceHeat
FI,hh0043,0.18496519250525062,scr1994,mustOut,spaceHeat
FI,hh0044,0.30180934820716937,scr1994,mustOut,spaceHeat
FI,hh0045,0.23225237350607764,scr1994,mustOut,spaceHeat
FI,hh0046,0.25764848475117097,scr1994,mustOut,spaceHeat
FI,hh0047,0.31929224433085057,scr1994,mustOut,spaceHeat
FI,hh0048,0.27347719445415714,scr1994,mustOut,spaceHeat
FI,hh0049,0.19845860298674245,scr1994,mustOut,spaceHeat
FI,hh0050,0.32890942147026037,scr1994,mustOut,spaceHeat
FI,hh0051,0.28865977334402226,scr1994,mustOut,spaceHeat
FI,hh0052,0.21467057612764975,scr1994,mustOut,spaceHeat
FI,hh0053,0.26597921411747305,scr1994,mustOut,spaceHeat
FI,hh0054,0.2122819454614105,scr1994,mustOut,spaceHeat
FI,hh0055,0.13607087055228922,scr1994,mustOut,spaceHeat
FI,hh0056,0.2375438513520573,scr1994,mustOut,spaceHeat
FI,hh0057,0.20418305349090393,scr1994,mustOut,spaceHeat
FI,hh0058,0.1359516520794565,scr1994,mustOut,spaceHeat
FI,hh0059,0.17545794775195206,scr1994,mustOut,spaceHeat
FI,hh0060,0.13651897074075642,scr1994,mustOut,spaceHeat
FI,hh0061,0.11594798156572288,scr1994,mustOut,spaceHeat
FI,hh0062,0.15768178901493593,scr1994,mustOut,spaceHeat
FI,hh0063,0.20115106322377177,scr1994,mustOut,spaceHeat
FI,hh0064,0.19439700048215536,scr1994,mustOut,spaceHeat
FI,hh0065,0.22219981530925717,scr1994,mustOut,spaceHeat
FI,hh0066,0.14487651364517085,scr1994,mustOut,spaceHeat
FI,hh0067,0.16684889670712985,scr1994,mustOut,spaceHeat
FI,hh0068,0.22038399210669918,scr1994,mustOut,spaceHeat
FI,hh0069,0.15965051238794878,scr1994,mustOut,spaceHeat
FI,hh0070,0.11102666710132625,scr1994,mustOut,spaceHeat
FI,hh0071,0.1299046279325654,scr1994,mustOut,spaceHeat
FI,hh0072,0.10705562660609366,scr1994,mustOut,spaceHeat
FI,hh0073,0.08839606549833241,scr1994,mustOut,spaceHeat
FI,hh0074,0.1186061574019293,scr1994,mustOut,spaceHeat
FI,hh0075,0.07776264977420881,scr1994,mustOut,spaceHeat
FI,hh0076,0.06392781053509822,scr1994,mustOut,spaceHeat
FI,hh0077,0.10365281176684821,scr1994,mustOut,spaceHeat
FI,hh0078,0.12695322669441217,scr1994,mustOut,spaceHeat
FI,hh0079,0.09700669397493737,scr1994,mustOut,spaceHeat
FI,hh0080,0.09900452481805785,scr1994,mustOut,spaceHeat
FI,hh0081,0.048612073464423325,scr1994,mustOut,spaceHeat
FI,hh0082,0.037696754874855444,scr1994,mustOut,spaceHeat
FI,hh0083,0.05509230664630041,scr1994,mustOut,spaceHeat
FI,hh0084,0.04787742182325548,scr1994,mustOut,spaceHeat
FR,hh0043,0.20049759035207473,scr1994,mustOut,spaceHeat
FR,hh0044,0.5034838928754328,scr1994,mustOut,spaceHeat
FR,hh0045,0.42227360317723794,scr1994,mustOut,spaceHeat
FR,hh0046,0.2688683013841617,scr1994,mustOut,spaceHeat
FR,hh0047,0.33441212749181204,scr1994,mustOut,spaceHeat
FR,hh0048,0.3126203431409061,scr1994,mustOut,spaceHeat
FR,hh0049,0.2739930976526739,scr1994,mustOut,spaceHeat
FR,hh0050,0.5518383710756708,scr1994,mustOut,spaceHeat
FR,hh0051,0.3993038821765361,scr1994,mustOut,spaceHeat
FR,hh0052,0.16204816959834076,scr1994,mustOut,spaceHeat
FR,hh0053,0.18073579891330388,scr1994,mustOut,spaceHeat
FR,hh0054,0.2028000611253785,scr1994,mustOut,spaceHeat
FR,hh0055,0.10498442944911668,scr1994,mustOut,spaceHeat
FR,hh0056,0.24187157209418908,scr1994,mustOut,spaceHeat
FR,hh0057,0.10642850971009626,scr1994,mustOut,spaceHeat
FR,hh0058,0.10465727878911213,scr1994,mustOut,spaceHeat
FR,hh0059,0.14870624352050676,scr1994,mustOut,spaceHeat
FR,hh0060,0.11595699485706887,scr1994,mustOut,spaceHeat
FR,hh0061,0.11337824232770165,scr1994,mustOut,spaceHeat
FR,hh0062,0.26006387892690497,scr1994,mustOut,spaceHeat
FR,hh0063,0.10945846499117626,scr1994,mustOut,spaceHeat
FR,hh0064,0.05291084639528496,scr1994,mustOut,spaceHeat
FR,hh0065,0.08382226566049905,scr1994,mustOut,spaceHeat
FR,hh0066,0.12234322260652665,scr1994,mustOut,spaceHeat
FR,hh0067,0.06349382231742438,scr1994,mustOut,spaceHeat
FR,hh0068,0.17788860571782247,scr1994,mustOut,spaceHeat
FR,hh0069,0.16042278660802636,scr1994,mustOut,spaceHeat
FR,hh0070,0.060094017543822875,scr1994,mustOut,spaceHeat
FR,hh0071,0.06495418820102794,scr1994,mustOut,spaceHeat
FR,hh0072,0.08490628089991009,scr1994,mustOut,spaceHeat
FR,hh0073,0.09689755211729703,scr1994,mustOut,spaceHeat
FR,hh0074,0.24838874462418625,scr1994,mustOut,spaceHeat
FR,hh0075,0.14770451740887458,scr1994,mustOut,spaceHeat
FR,hh0076,0.05599862672440389,scr1994,mustOut,spaceHeat
FR,hh0077,0.055843318351172996,scr1994,mustOut,spaceHeat
FR,hh0078,0.059125492908564156,scr1994,mustOut,spaceHeat
FR,hh0079,0.042672601882867305,scr1994,mustOut,spaceHeat
FR,hh0080,0.10081791852534819,scr1994,mustOut,spaceHeat
FR,hh0081,0.0477742998614383,scr1994,mustOut,spaceHeat
FR,hh0082,0.03348306329499126,scr1994,mustOut,spaceHeat
FR,hh0083,0.036589139241583635,scr1994,mustOut,spaceHeat
FR,hh0084,0.026137941586763268,scr1994,mustOut,spaceHeat
IT,hh0043,0.13454319265122863,scr1994,mustOut,spaceHeat
IT,hh0044,0.3214805059567939,scr1994,mustOut,spaceHeat
IT,hh0045,0.2925194442484864,scr1994,mustOut,spaceHeat
IT,hh0046,0.23675161671469405,scr1994,mustOut,spaceHeat
IT,hh0047,0.34424296003905397,scr1994,mustOut,spaceHeat
IT,hh0048,0.33025599641055703,scr1994,mustOut,spaceHeat
IT,hh0049,0.18073518855327217,scr1994,mustOut,spaceHeat
IT,hh0050,0.37262318200304867,scr1994,mustOut,spaceHeat
IT,hh0051,0.22368064333149856,scr1994,mustOut,spaceHeat
IT,hh0052,0.14361255294304362,scr1994,mustOut,spaceHeat
IT,hh0053,0.19743484358836055,scr1994,mustOut,spaceHeat
IT,hh0054,0.17286415546631542,scr1994,mustOut,spaceHeat
IT,hh0055,0.10352608404869965,scr1994,mustOut,spaceHeat
IT,hh0056,0.2282367384343456,scr1994,mustOut,spaceHeat
IT,hh0057,0.08663494681490021,scr1994,mustOut,spaceHeat
IT,hh0058,0.05598400025113586,scr1994,mustOut,spaceHeat
IT,hh0059,0.1054420771349064,scr1994,mustOut,spaceHeat
IT,hh0060,0.16264903595407115,scr1994,mustOut,spaceHeat
IT,hh0061,0.11841343320511338,scr1994,mustOut,spaceHeat
IT,hh0062,0.2416837200967108,scr1994,mustOut,spaceHeat
IT,hh0063,0.07331951996600947,scr1994,mustOut,spaceHeat
IT,hh0064,0.04020599618778897,scr1994,mustOut,spaceHeat
IT,hh0065,0.0553857490941851,scr1994,mustOut,spaceHeat
IT,hh0066,0.09168874125260729,scr1994,mustOut,spaceHeat
IT,hh0067,0.032933220949351236,scr1994,mustOut,spaceHeat
IT,hh0068,0.07301033768118198,scr1994,mustOut,spaceHeat
IT,hh0069,0.05386254223137832,scr1994,mustOut,spaceHeat
IT,hh0070,0.031165718724095456,scr1994,mustOut,spaceHeat
IT,hh0071,0.036745134534641136,scr1994,mustOut,spaceHeat
IT,hh0072,0.043351911922423464,scr1994,mustOut,spaceHeat
IT,hh0073,0.05211345906070056,scr1994,mustOut,spaceHeat
IT,hh0074,0.1293378350444287,scr1994,mustOut,spaceHeat
IT,hh0075,0.06038838190745961,scr1994,mustOut,spaceHeat
IT,hh0076,0.06616551383577021,scr1994,mustOut,spaceHeat
IT,hh0077,0.08680626635834915,scr1994,mustOut,spaceHeat
IT,hh0078,0.06796214744374607,scr1994,mustOut,spaceHeat
IT,hh0079,0.03485754666065424,scr1994,mustOut,spaceHeat
IT,hh0080,0.07476337393323645,scr1994,mustOut,spaceHeat
IT,hh0081,0.041895622728584186,scr1994,mustOut,spaceHeat
IT,hh0082,0.025967564120325016,scr1994,mustOut,spaceHeat
IT,hh0083,0.03082627297934446,scr1994,mustOut,spaceHeat
IT,hh0084,0.03990793153760464,scr1994,mustOut,spaceHeat
NL,hh0043,0.15983688338331514,scr1994,mustOut,spaceHeat
NL,hh0044,0.40692065532298893,scr1994,mustOut,spaceHeat
NL,hh0045,0.4164481289014778,scr1994,mustOut,spaceHeat
NL,hh0046,0.2569231336664374,scr1994,mustOut,spaceHeat
NL,hh0047,0.2714263433109919,scr1994,mustOut,spaceHeat
NL,hh0048,0.2125870043949999,scr1994,mustOut,spaceHeat
NL,hh0049,0.1769847279490187,scr1994,mustOut,spaceHeat
NL,hh0050,0.3750832347032871,scr1994,mustOut,spaceHeat
NL,hh0051,0.32619573778731054,scr1994,mustOut,spaceHeat
NL,hh0052,0.140700885305937,scr1994,mustOut,spaceHeat
NL,hh0053,0.1585400431270814,scr1994,mustOut,spaceHeat
NL,hh0054,0.12198527301528242,scr1994,mustOut,spaceHeat
NL,hh0055,0.05597303935552262,scr1994,mustOut,spaceHeat
NL,hh0056,0.17413342999490827,scr1994,mustOut,spaceHeat
NL,hh0057,0.2465849875274447,scr1994,mustOut,spaceHeat
NL,hh0058,0.10787515220738751,scr1994,mustOut,spaceHeat
NL,hh0059,0.09806592353510273,scr1994,mustOut,spaceHeat
NL,hh0060,0.03677615463208447,scr1994,mustOut,spaceHeat
NL,hh0061,0.08688321371320368,scr1994,mustOut,spaceHeat
NL,hh0062,0.2003384962396857,scr1994,mustOut,spaceHeat
NL,hh0063,0.046174562197487876,scr1994,mustOut,spaceHeat
NL,hh0064,0.04740828537414619,scr1994,mustOut,spaceHeat
NL,hh0065,0.07691398965063316,scr1994,mustOut,spaceHeat
NL,hh0066,0.07862247468503633,scr1994,mustOut,spaceHeat
NL,hh0067,0.08373146118319141,scr1994,mustOut,spaceHeat
NL,hh0068,0.22434554432771767,scr1994,mustOut,spaceHeat
NL,hh0069,0.18362291350243296,scr1994,mustOut,spaceHeat
NL,hh0070,0.10173278267608235,scr1994,mustOut,spaceHeat
NL,hh0071,0.11451258409497181,scr1994,mustOut,spaceHeat
NL,hh0072,0.07743440928980469,scr1994,mustOut,spaceHeat
NL,hh0073,0.07648025232261373,scr1994,mustOut,spaceHeat
NL,hh0074,0.1778089610753243,scr1994,mustOut,spaceHeat
NL,hh0075,0.12591559209921427,scr1994,mustOut,spaceHeat
NL,hh0076,0.05114301953538783,scr1994,mustOut,spaceHeat
NL,hh0077,0.06443181936333016,scr1994,mustOut,spaceHeat
NL,hh0078,0.05977751591386315,scr1994,mustOut,spaceHeat
NL,hh0079,0.03254054627588336,scr1994,mustOut,spaceHeat
NL,hh0080,0.07365047860738162,scr1994,mustOut,spaceHeat
NL,hh0081,0.04702514487657608,scr1994,mustOut,spaceHeat
NL,hh0082,0.024429152437807675,scr1994,mustOut,spaceHeat
NL,hh0083,0.025027404516822095,scr1994,mustOut,spaceHeat
NL,hh0084,0.020091451045262936,scr1994,mustOut,spaceHeat
IE,hh0043,0.26939433812047037,scr1994,mustOut,spaceHeat
IE,hh0044,0.5605070888942397,scr1994,mustOut,spaceHeat
IE,hh0045,0.42018339381504966,scr1994,mustOut,spaceHeat
IE,hh0046,0.3553248247297169,scr1994,mustOut,spaceHeat
IE,hh0047,0.41969714413347886,scr1994,mustOut,spaceHeat
IE,hh0048,0.20329106095464933,scr1994,mustOut,spaceHeat
IE,hh0049,0.21326683758498072,scr1994,mustOut,spaceHeat
IE,hh0050,0.48887385652227855,scr1994,mustOut,spaceHeat
IE,hh0051,0.3097848840833412,scr1994,mustOut,spaceHeat
IE,hh0052,0.24134036703344214,scr1994,mustOut,spaceHeat
IE,hh0053,0.31617901465535014,scr1994,mustOut,spaceHeat
IE,hh0054,0.2699545488465265,scr1994,mustOut,spaceHeat
IE,hh0055,0.07458024639258032,scr1994,mustOut,spaceHeat
IE,hh0056,0.1701681121061548,scr1994,mustOut,spaceHeat
IE,hh0057,0.17586123953992897,scr1994,mustOut,spaceHeat
IE,hh0058,0.15543418724194874,scr1994,mustOut,spaceHeat
IE,hh0059,0.22164312083319157,scr1994,mustOut,spaceHeat
IE,hh0060,0.2411158273155483,scr1994,mustOut,spaceHeat
IE,hh0061,0.10563997699444067,scr1994,mustOut,spaceHeat
IE,hh0062,0.19462243368483706,scr1994,mustOut,spaceHeat
IE,hh0063,0.11788453106571713,scr1994,mustOut,spaceHeat
IE,hh0064,0.13166791406030737,scr1994,mustOut,spaceHeat
IE,hh0065,0.1985172033096238,scr1994,mustOut,spaceHeat
IE,hh0066,0.17914257935103933,scr1994,mustOut,spaceHeat
IE,hh0067,0.10389438143044406,scr1994,mustOut,spaceHeat
IE,hh0068,0.24973771730685262,scr1994,mustOut,spaceHeat
IE,hh0069,0.18432614662332378,scr1994,mustOut,spaceHeat
IE,hh0070,0.06419255454421151,scr1994,mustOut,spaceHeat
IE,hh0071,0.07718337222042956,scr1994,mustOut,spaceHeat
IE,hh0072,0.11044131066882108,scr1994,mustOut,spaceHeat
IE,hh0073,0.0471068724048024,scr1994,mustOut,spaceHeat
IE,hh0074,0.12560174749213449,scr1994,mustOut,spaceHeat
IE,hh0075,0.11903060911437063,scr1994,mustOut,spaceHeat
IE,hh0076,0.05304608503787328,scr1994,mustOut,spaceHeat
IE,hh0077,0.055901008073573386,scr1994,mustOut,spaceHeat
IE,hh0078,0.07600300742054227,scr1994,mustOut,spaceHeat
IE,hh0079,0.037981722618130265,scr1994,mustOut,spaceHeat
IE,hh0080,0.11550847707653827,scr1994,mustOut,spaceHeat
IE,hh0081,0.09339165937416422,scr1994,mustOut,spaceHeat
IE,hh0082,0.06270985226624091,scr1994,mustOut,spaceHeat
IE,hh0083,0.07868185831277053,scr1994,mustOut,spaceHeat
IE,hh0084,0.07917858908989062,scr1994,mustOut,spaceHeat
HR,hh0043,0.09356964206961388,scr1994,mustOut,spaceHeat
HR,hh0044,0.380232131316663,scr1994,mustOut,spaceHeat
HR,hh0045,0.36964050665434334,scr1994,mustOut,spaceHeat
HR,hh0046,0.21332870863683978,scr1994,mustOut,spaceHeat
HR,hh0047,0.2934458522336383,scr1994,mustOut,spaceHeat
HR,hh0048,0.24034874557585553,scr1994,mustOut,spaceHeat
HR,hh0049,0.1213513409023872,scr1994,mustOut,spaceHeat
HR,hh0050,0.39549279515679925,scr1994,mustOut,spaceHeat
HR,hh0051,0.26670376483152625,scr1994,mustOut,spaceHeat
HR,hh0052,0.12145740149545359,scr1994,mustOut,spaceHeat
HR,hh0053,0.1482187947247676,scr1994,mustOut,spaceHeat
HR,hh0054,0.15828808500250824,scr1994,mustOut,spaceHeat
HR,hh0055,0.06712864388837722,scr1994,mustOut,spaceHeat
HR,hh0056,0.2365755642283543,scr1994,mustOut,spaceHeat
HR,hh0057,0.060246637947577876,scr1994,mustOut,spaceHeat
HR,hh0058,0.03886140551408587,scr1994,mustOut,spaceHeat
HR,hh0059,0.11093986206533711,scr1994,mustOut,spaceHeat
HR,hh0060,0.21507476002877166,scr1994,mustOut,spaceHeat
HR,hh0061,0.08376626805687133,scr1994,mustOut,spaceHeat
HR,hh0062,0.23724756693198149,scr1994,mustOut,spaceHeat
HR,hh0063,0.0670534457773104,scr1994,mustOut,spaceHeat
HR,hh0064,0.022582355320103713,scr1994,mustOut,spaceHeat
HR,hh0065,0.039865504612630026,scr1994,mustOut,spaceHeat
HR,hh0066,0.0856734516073096,scr1994,mustOut,spaceHeat
HR,hh0067,0.027026179885479236,scr1994,mustOut,spaceHeat
HR,hh0068,0.09207617106712265,scr1994,mustOut,spaceHeat
HR,hh0069,0.09337782471662195,scr1994,mustOut,spaceHeat
HR,hh0070,0.06159044445129945,scr1994,mustOut,spaceHeat
HR,hh0071,0.07152775284195875,scr1994,mustOut,spaceHeat
HR,hh0072,0.03359955762963273,scr1994,mustOut,spaceHeat
HR,hh0073,0.053090160606508396,scr1994,mustOut,spaceHeat
HR,hh0074,0.19405953291227498,scr1994,mustOut,spaceHeat
HR,hh0075,0.03626590668545799,scr1994,mustOut,spaceHeat
HR,hh0076,0.08532644607085839,scr1994,mustOut,spaceHeat
HR,hh0077,0.107357112894343,scr1994,mustOut,spaceHeat
HR,hh0078,0.07160293430349086,scr1994,mustOut,spaceHeat
HR,hh0079,0.02704995944318709,scr1994,mustOut,spaceHeat
HR,hh0080,0.059799921973875084,scr1994,mustOut,spaceHeat
HR,hh0081,0.031531633204881684,scr1994,mustOut,spaceHeat
HR,hh0082,0.019101335498047788,scr1994,mustOut,spaceHeat
HR,hh0083,0.021373053112416968,scr1994,mustOut,spaceHeat
HR,hh0084,0.025834852979981487,scr1994,mustOut,spaceHeat
HU,hh0043,0.08636528123475821,scr1994,mustOut,spaceHeat
HU,hh0044,0.29150627261519646,scr1994,mustOut,spaceHeat
HU,hh0045,0.27214434470082915,scr1994,mustOut,spaceHeat
HU,hh0046,0.1718248217408288,scr1994,mustOut,spaceHeat
HU,hh0047,0.24802593729637726,scr1994,mustOut,spaceHeat
HU,hh0048,0.1693520676105994,scr1994,mustOut,spaceHeat
HU,hh0049,0.12036356885390563,scr1994,mustOut,spaceHeat
HU,hh0050,0.2918952307554107,scr1994,mustOut,spaceHeat
HU,hh0051,0.23371300613148932,scr1994,mustOut,spaceHeat
HU,hh0052,0.09698250702047814,scr1994,mustOut,spaceHeat
HU,hh0053,0.10871101894255109,scr1994,mustOut,spaceHeat
HU,hh0054,0.13672074820868857,scr1994,mustOut,spaceHeat
HU,hh0055,0.08843436757714766,scr1994,mustOut,spaceHeat
HU,hh0056,0.17489442834130747,scr1994,mustOut,spaceHeat
HU,hh0057,0.03658708355759797,scr1994,mustOut,spaceHeat
HU,hh0058,0.04563818996223482,scr1994,mustOut,spaceHeat
HU,hh0059,0.12237500977547279,scr1994,mustOut,spaceHeat
HU,hh0060,0.22497556273914704,scr1994,mustOut,spaceHeat
HU,hh0061,0.10865995039939823,scr1994,mustOut,spaceHeat
HU,hh0062,0.18019124032383904,scr1994,mustOut,spaceHeat
HU,hh0063,0.03591547890501945,scr1994,mustOut,spaceHeat
HU,hh0064,0.012746066205120612,scr1994,mustOut,spaceHeat
HU,hh0065,0.02515024344843022,scr1994,mustOut,spaceHeat
HU,hh0066,0.06649234359562807,scr1994,mustOut,spaceHeat
HU,hh0067,0.02313333171677863,scr1994,mustOut,spaceHeat
HU,hh0068,0.060019384073335236,scr1994,mustOut,spaceHeat
HU,hh0069,0.05552462913937767,scr1994,mustOut,spaceHeat
HU,hh0070,0.03993220145689659,scr1994,mustOut,spaceHeat
HU,hh0071,0.05932035445524508,scr1994,mustOut,spaceHeat
HU,hh0072,0.025971906404687398,scr1994,mustOut,spaceHeat
HU,hh0073,0.06316685040263874,scr1994,mustOut,spaceHeat
HU,hh0074,0.16339810825436513,scr1994,mustOut,spaceHeat
HU,hh0075,0.02341690387796424,scr1994,mustOut,spaceHeat
HU,hh0076,0.02552619938220161,scr1994,mustOut,spaceHeat
HU,hh0077,0.0406064697260008,scr1994,mustOut,spaceHeat
HU,hh0078,0.05991545562926914,scr1994,mustOut,spaceHeat
HU,hh0079,0.02925015406115478,scr1994,mustOut,spaceHeat
HU,hh0080,0.05205644192951437,scr1994,mustOut,spaceHeat
HU,hh0081,0.020457335858368238,scr1994,mustOut,spaceHeat
HU,hh0082,0.01243990890626246,scr1994,mustOut,spaceHeat
HU,hh0083,0.013565382637831715,scr1994,mustOut,spaceHeat
HU,hh0084,0.01360728755879048,scr1994,mustOut,spaceHeat
MK,hh0043,0.1916965194762013,scr1994,mustOut,spaceHeat
MK,hh0044,0.31701272338296044,scr1994,mustOut,spaceHeat
MK,hh0045,0.252834237130951,scr1994,mustOut,spaceHeat
MK,hh0046,0.25060156396004535,scr1994,mustOut,spaceHeat
MK,hh0047,0.33751907388770913,scr1994,mustOut,spaceHeat
MK,hh0048,0.20754381433244717,scr1994,mustOut,spaceHeat
MK,hh0049,0.15974231097532543,scr1994,mustOut,spaceHeat
MK,hh0050,0.31910538396191795,scr1994,mustOut,spaceHeat
MK,hh0051,0.12572474308793496,scr1994,mustOut,spaceHeat
MK,hh0052,0.06841412249104288,scr1994,mustOut,spaceHeat
MK,hh0053,0.15920030529060653,scr1994,mustOut,spaceHeat
MK,hh0054,0.20126764660489202,scr1994,mustOut,spaceHeat
MK,hh0055,0.11971717623843245,scr1994,mustOut,spaceHeat
MK,hh0056,0.2387263671290156,scr1994,mustOut,spaceHeat
MK,hh0057,0.09935707556912085,scr1994,mustOut,spaceHeat
MK,hh0058,0.0695663786723407,scr1994,mustOut,spaceHeat
MK,hh0059,0.16922292002973763,scr1994,mustOut,spaceHeat
MK,hh0060,0.22416999714895336,scr1994,mustOut,spaceHeat
MK,hh0061,0.14464661062610776,scr1994,mustOut,spaceHeat
MK,hh0062,0.21492060363461965,scr1994,mustOut,spaceHeat
MK,hh0063,0.06204979723663228,scr1994,mustOut,spaceHeat
MK,hh0064,0.02335395379322073,scr1994,mustOut,spaceHeat
MK,hh0065,0.04203592066861317,scr1994,mustOut,spaceHeat
MK,hh0066,0.10741589953645411,scr1994,mustOut,spaceHeat
MK,hh0067,0.042009942361781905,scr1994,mustOut,spaceHeat
MK,hh0068,0.0703137305479348,scr1994,mustOut,spaceHeat
MK,hh0069,0.03504464346998434,scr1994,mustOut,spaceHeat
MK,hh0070,0.02263522701947382,scr1994,mustOut,spaceHeat
MK,hh0071,0.033849636307464986,scr1994,mustOut,spaceHeat
MK,hh0072,0.07030153619803195,scr1994,mustOut,spaceHeat
MK,hh0073,0.07461573999264291,scr1994,mustOut,spaceHeat
MK,hh0074,0.16592574919449454,scr1994,mustOut,spaceHeat
MK,hh0075,0.05236768166266768,scr1994,mustOut,spaceHeat
MK,hh0076,0.029678230221582946,scr1994,mustOut,spaceHeat
MK,hh0077,0.059778184856643546,scr1994,mustOut,spaceHeat
MK,hh0078,0.12128621251132485,scr1994,mustOut,spaceHeat
MK,hh0079,0.06484868006564584,scr1994,mustOut,spaceHeat
MK,hh0080,0.10474482103183265,scr1994,mustOut,spaceHeat
MK,hh0081,0.055531590183592695,scr1994,mustOut,spaceHeat
MK,hh0082,0.02510410846177258,scr1994,mustOut,spaceHeat
MK,hh0083,0.026582058092169333,scr1994,mustOut,spaceHeat
MK,hh0084,0.034858339536078205,scr1994,mustOut,spaceHeat
LV,hh0043,0.12052232080464945,scr1994,mustOut,spaceHeat
LV,hh0044,0.20955968572279474,scr1994,mustOut,spaceHeat
LV,hh0045,0.1879273500519843,scr1994,mustOut,spaceHeat
LV,hh0046,0.2851394512384312,scr1994,mustOut,spaceHeat
LV,hh0047,0.31636950950397735,scr1994,mustOut,spaceHeat
LV,hh0048,0.16621092242485414,scr1994,mustOut,spaceHeat
LV,hh0049,0.13887226531209818,scr1994,mustOut,spaceHeat
LV,hh0050,0.2762632219660984,scr1994,mustOut,spaceHeat
LV,hh0051,0.3056233129191801,scr1994,mustOut,spaceHeat
LV,hh0052,0.14248434932154422,scr1994,mustOut,spaceHeat
LV,hh0053,0.12818940067549026,scr1994,mustOut,spaceHeat
LV,hh0054,0.07471712171177503,scr1994,mustOut,spaceHeat
LV,hh0055,0.09582224538665467,scr1994,mustOut,spaceHeat
LV,hh0056,0.1831133758366268,scr1994,mustOut,spaceHeat
LV,hh0057,0.20851869837802348,scr1994,mustOut,spaceHeat
LV,hh0058,0.15887332543960003,scr1994,mustOut,spaceHeat
LV,hh0059,0.18770170377337167,scr1994,mustOut,spaceHeat
LV,hh0060,0.1290609581687422,scr1994,mustOut,spaceHeat
LV,hh0061,0.09114793513013397,scr1994,mustOut,spaceHeat
LV,hh0062,0.09200587557750999,scr1994,mustOut,spaceHeat
LV,hh0063,0.06809925854788165,scr1994,mustOut,spaceHeat
LV,hh0064,0.06481211540812368,scr1994,mustOut,spaceHeat
LV,hh0065,0.09862723869149925,scr1994,mustOut,spaceHeat
LV,hh0066,0.08868300873050909,scr1994,mustOut,spaceHeat
LV,hh0067,0.08808335525489712,scr1994,mustOut,spaceHeat
LV,hh0068,0.13577752928060122,scr1994,mustOut,spaceHeat
LV,hh0069,0.15615522710490298,scr1994,mustOut,spaceHeat
LV,hh0070,0.10961509855785068,scr1994,mustOut,spaceHeat
LV,hh0071,0.12484069899838485,scr1994,mustOut,spaceHeat
LV,hh0072,0.05847334724176627,scr1994,mustOut,spaceHeat
LV,hh0073,0.07119489026157619,scr1994,mustOut,spaceHeat
LV,hh0074,0.09923380317033256,scr1994,mustOut,spaceHeat
LV,hh0075,0.029956966915678732,scr1994,mustOut,spaceHeat
LV,hh0076,0.02844452560232788,scr1994,mustOut,spaceHeat
LV,hh0077,0.060994939420681626,scr1994,mustOut,spaceHeat
LV,hh0078,0.08534306950369196,scr1994,mustOut,spaceHeat
LV,hh0079,0.07939173315970055,scr1994,mustOut,spaceHeat
LV,hh0080,0.120005105512383,scr1994,mustOut,spaceHeat
LV,hh0081,0.05699436380467547,scr1994,mustOut,spaceHeat
LV,hh0082,0.030862749947498186,scr1994,mustOut,spaceHeat
LV,hh0083,0.03988794212338273,scr1994,mustOut,spaceHeat
LV,hh0084,0.03697481042731411,scr1994,mustOut,spaceHeat
ME,hh0043,0.15008231001602088,scr1994,mustOut,spaceHeat
ME,hh0044,0.2640469685779913,scr1994,mustOut,spaceHeat
ME,hh0045,0.28825803421820173,scr1994,mustOut,spaceHeat
ME,hh0046,0.38259363262108226,scr1994,mustOut,spaceHeat
ME,hh0047,0.4551477659445855,scr1994,mustOut,spaceHeat
ME,hh0048,0.24731009419872912,scr1994,mustOut,spaceHeat
ME,hh0049,0.19423139129202233,scr1994,mustOut,spaceHeat
ME,hh0050,0.4230860616504295,scr1994,mustOut,spaceHeat
ME,hh0051,0.25071215332235525,scr1994,mustOut,spaceHeat
ME,hh0052,0.12077230570222142,scr1994,mustOut,spaceHeat
ME,hh0053,0.18144107117844174,scr1994,mustOut,spaceHeat
ME,hh0054,0.1928308336950787,scr1994,mustOut,spaceHeat
ME,hh0055,0.09784907935035198,scr1994,mustOut,spaceHeat
ME,hh0056,0.23714763742886558,scr1994,mustOut,spaceHeat
ME,hh0057,0.09057122869631964,scr1994,mustOut,spaceHeat
ME,hh0058,0.06078775039268593,scr1994,mustOut,spaceHeat
ME,hh0059,0.15935062301477504,scr1994,mustOut,spaceHeat
ME,hh0060,0.20698344231207458,scr1994,mustOut,spaceHeat
ME,hh0061,0.11587126257193295,scr1994,mustOut,spaceHeat
ME,hh0062,0.20632618377297188,scr1994,mustOut,spaceHeat
ME,hh0063,0.06450486125134042,scr1994,mustOut,spaceHeat
ME,hh0064,0.02568503483864021,scr1994,mustOut,spaceHeat
ME,hh0065,0.05036845538134961,scr1994,mustOut,spaceHeat
ME,hh0066,0.10406762217402095,scr1994,mustOut,spaceHeat
ME,hh0067,0.029418844705524035,scr1994,mustOut,spaceHeat
ME,hh0068,0.06521796172000084,scr1994,mustOut,spaceHeat
ME,hh0069,0.04253620136951158,scr1994,mustOut,spaceHeat
ME,hh0070,0.029285369880255048,scr1994,mustOut,spaceHeat
ME,hh0071,0.04434951460240715,scr1994,mustOut,spaceHeat
ME,hh0072,0.07223997701865341,scr1994,mustOut,spaceHeat
ME,hh0073,0.0823649444414353,scr1994,mustOut,spaceHeat
ME,hh0074,0.190401920027311,scr1994,mustOut,spaceHeat
ME,hh0075,0.053651860276322176,scr1994,mustOut,spaceHeat
ME,hh0076,0.047614217095254444,scr1994,mustOut,spaceHeat
ME,hh0077,0.08627614034843331,scr1994,mustOut,spaceHeat
ME,hh0078,0.11439647557431525,scr1994,mustOut,spaceHeat
ME,hh0079,0.06616538821037712,scr1994,mustOut,spaceHeat
ME,hh0080,0.139170038316777,scr1994,mustOut,spaceHeat
ME,hh0081,0.05615205592876543,scr1994,mustOut,spaceHeat
ME,hh0082,0.0255166058623296,scr1994,mustOut,spaceHeat
ME,hh0083,0.02805598707292209,scr1994,mustOut,spaceHeat
ME,hh0084,0.036096157955168226,scr1994,mustOut,spaceHeat
LT,hh0043,0.13505496124824762,scr1994,mustOut,spaceHeat
LT,hh0044,0.2549308022832557,scr1994,mustOut,spaceHeat
LT,hh0045,0.22289433095063055,scr1994,mustOut,spaceHeat
LT,hh0046,0.31549751946727145,scr1994,mustOut,spaceHeat
LT,hh0047,0.3507327562699205,scr1994,mustOut,spaceHeat
LT,hh0048,0.1561527352113126,scr1994,mustOut,spaceHeat
LT,hh0049,0.1577242916617819,scr1994,mustOut,spaceHeat
LT,hh0050,0.3615789623070862,scr1994,mustOut,spaceHeat
LT,hh0051,0.387818842833077,scr1994,mustOut,spaceHeat
LT,hh0052,0.16243768094328456,scr1994,mustOut,spaceHeat
LT,hh0053,0.17406824614062366,scr1994,mustOut,spaceHeat
LT,hh0054,0.10840653953179556,scr1994,mustOut,spaceHeat
LT,hh0055,0.11903205523362467,scr1994,mustOut,spaceHeat
LT,hh0056,0.23173749489078857,scr1994,mustOut,spaceHeat
LT,hh0057,0.18594175319249343,scr1994,mustOut,spaceHeat
LT,hh0058,0.1686747764201149,scr1994,mustOut,spaceHeat
LT,hh0059,0.22069226188942404,scr1994,mustOut,spaceHeat
LT,hh0060,0.1493251331439721,scr1994,mustOut,spaceHeat
LT,hh0061,0.10673406486541745,scr1994,mustOut,spaceHeat
LT,hh0062,0.14017768725197083,scr1994,mustOut,spaceHeat
LT,hh0063,0.07964935908842391,scr1994,mustOut,spaceHeat
LT,hh0064,0.05608234055463704,scr1994,mustOut,spaceHeat
LT,hh0065,0.0921843134840685,scr1994,mustOut,spaceHeat
LT,hh0066,0.08725518184937317,scr1994,mustOut,spaceHeat
LT,hh0067,0.09760601190970797,scr1994,mustOut,spaceHeat
LT,hh0068,0.20250665839051918,scr1994,mustOut,spaceHeat
LT,hh0069,0.1950169425760846,scr1994,mustOut,spaceHeat
LT,hh0070,0.16697667499653135,scr1994,mustOut,spaceHeat
LT,hh0071,0.18991355547723823,scr1994,mustOut,spaceHeat
LT,hh0072,0.06880530921363631,scr1994,mustOut,spaceHeat
LT,hh0073,0.08751772955073525,scr1994,mustOut,spaceHeat
LT,hh0074,0.14056337304300984,scr1994,mustOut,spaceHeat
LT,hh0075,0.037264275923940625,scr1994,mustOut,spaceHeat
LT,hh0076,0.03862119765065179,scr1994,mustOut,spaceHeat
LT,hh0077,0.09756249157055241,scr1994,mustOut,spaceHeat
LT,hh0078,0.13562331375883602,scr1994,mustOut,spaceHeat
LT,hh0079,0.1083482068227016,scr1994,mustOut,spaceHeat
LT,hh0080,0.20110842818660446,scr1994,mustOut,spaceHeat
LT,hh0081,0.07256405451054193,scr1994,mustOut,spaceHeat
LT,hh0082,0.04087918650398703,scr1994,mustOut,spaceHeat
LT,hh0083,0.05476957730971528,scr1994,mustOut,spaceHeat
LT,hh0084,0.05453900787709813,scr1994,mustOut,spaceHeat
LU,hh0043,0.18753289389692263,scr1994,mustOut,spaceHeat
LU,hh0044,0.513118071721798,scr1994,mustOut,spaceHeat
LU,hh0045,0.45587117286882195,scr1994,mustOut,spaceHeat
LU,hh0046,0.3397218952293082,scr1994,mustOut,spaceHeat
LU,hh0047,0.3998145177751274,scr1994,mustOut,spaceHeat
LU,hh0048,0.32335911415646595,scr1994,mustOut,spaceHeat
LU,hh0049,0.26646413038179,scr1994,mustOut,spaceHeat
LU,hh0050,0.5573371106666348,scr1994,mustOut,spaceHeat
LU,hh0051,0.4088166391422115,scr1994,mustOut,spaceHeat
LU,hh0052,0.13119097981546082,scr1994,mustOut,spaceHeat
LU,hh0053,0.13408615853210487,scr1994,mustOut,spaceHeat
LU,hh0054,0.13282235543073548,scr1994,mustOut,spaceHeat
LU,hh0055,0.08945878933038975,scr1994,mustOut,spaceHeat
LU,hh0056,0.23032745366467278,scr1994,mustOut,spaceHeat
LU,hh0057,0.12860697531623977,scr1994,mustOut,spaceHeat
LU,hh0058,0.1139095840501338,scr1994,mustOut,spaceHeat
LU,hh0059,0.13502696666984385,scr1994,mustOut,spaceHeat
LU,hh0060,0.05745256477484203,scr1994,mustOut,spaceHeat
LU,hh0061,0.09989199944298466,scr1994,mustOut,spaceHeat
LU,hh0062,0.2607159043352191,scr1994,mustOut,spaceHeat
LU,hh0063,0.10412755300807121,scr1994,mustOut,spaceHeat
LU,hh0064,0.0335154460892286,scr1994,mustOut,spaceHeat
LU,hh0065,0.06394615862930117,scr1994,mustOut,spaceHeat
LU,hh0066,0.13662927080821244,scr1994,mustOut,spaceHeat
LU,hh0067,0.07544019074661301,scr1994,mustOut,spaceHeat
LU,hh0068,0.2008397124814053,scr1994,mustOut,spaceHeat
LU,hh0069,0.1927079016482068,scr1994,mustOut,spaceHeat
LU,hh0070,0.06822341842041102,scr1994,mustOut,spaceHeat
LU,hh0071,0.07130912719533541,scr1994,mustOut,spaceHeat
LU,hh0072,0.0858907650965447,scr1994,mustOut,spaceHeat
LU,hh0073,0.113350925195077,scr1994,mustOut,spaceHeat
LU,hh0074,0.3150720946711632,scr1994,mustOut,spaceHeat
LU,hh0075,0.2064371638938148,scr1994,mustOut,spaceHeat
LU,hh0076,0.05602314204571564,scr1994,mustOut,spaceHeat
LU,hh0077,0.04642740438126313,scr1994,mustOut,spaceHeat
LU,hh0078,0.05983886988472436,scr1994,mustOut,spaceHeat
LU,hh0079,0.032893296623681054,scr1994,mustOut,spaceHeat
LU,hh0080,0.06476111126903097,scr1994,mustOut,spaceHeat
LU,hh0081,0.04026423864075792,scr1994,mustOut,spaceHeat
LU,hh0082,0.019426631423555375,scr1994,mustOut,spaceHeat
LU,hh0083,0.019373431879164172,scr1994,mustOut,spaceHeat
LU,hh0084,0.02009025075363253,scr1994,mustOut,spaceHeat
NO,hh0043,0.187497279772545,scr1994,mustOut,spaceHeat
NO,hh0044,0.3448159711220255,scr1994,mustOut,spaceHeat
NO,hh0045,0.3554600378123926,scr1994,mustOut,spaceHeat
NO,hh0046,0.2734273540081839,scr1994,mustOut,spaceHeat
NO,hh0047,0.2963053944359061,scr1994,mustOut,spaceHeat
NO,hh0048,0.2605632000359609,scr1994,mustOut,spaceHeat
NO,hh0049,0.20818947789368605,scr1994,mustOut,spaceHeat
NO,hh0050,0.37363620847532436,scr1994,mustOut,spaceHeat
NO,hh0051,0.34742784499049856,scr1994,mustOut,spaceHeat
NO,hh0052,0.272565539896792,scr1994,mustOut,spaceHeat
NO,hh0053,0.2694410881647469,scr1994,mustOut,spaceHeat
NO,hh0054,0.18370220379571964,scr1994,mustOut,spaceHeat
NO,hh0055,0.14849870123544362,scr1994,mustOut,spaceHeat
NO,hh0056,0.2710989464062048,scr1994,mustOut,spaceHeat
NO,hh0057,0.2866202135483892,scr1994,mustOut,spaceHeat
NO,hh0058,0.15346316536206372,scr1994,mustOut,spaceHeat
NO,hh0059,0.15679413835935807,scr1994,mustOut,spaceHeat
NO,hh0060,0.1602923004635387,scr1994,mustOut,spaceHeat
NO,hh0061,0.12443333784529953,scr1994,mustOut,spaceHeat
NO,hh0062,0.21134522269126774,scr1994,mustOut,spaceHeat
NO,hh0063,0.15821969633963917,scr1994,mustOut,spaceHeat
NO,hh0064,0.16536626405707402,scr1994,mustOut,spaceHeat
NO,hh0065,0.19054568256188503,scr1994,mustOut,spaceHeat
NO,hh0066,0.18386566190734502,scr1994,mustOut,spaceHeat
NO,hh0067,0.15788197933620327,scr1994,mustOut,spaceHeat
NO,hh0068,0.2503046431477517,scr1994,mustOut,spaceHeat
NO,hh0069,0.20822234639819723,scr1994,mustOut,spaceHeat
NO,hh0070,0.14419317189356917,scr1994,mustOut,spaceHeat
NO,hh0071,0.14806428749406816,scr1994,mustOut,spaceHeat
NO,hh0072,0.12197433249684675,scr1994,mustOut,spaceHeat
NO,hh0073,0.09701291144712729,scr1994,mustOut,spaceHeat
NO,hh0074,0.18407344428789418,scr1994,mustOut,spaceHeat
NO,hh0075,0.14113414804693333,scr1994,mustOut,spaceHeat
NO,hh0076,0.09387886039527385,scr1994,mustOut,spaceHeat
NO,hh0077,0.1297237875034415,scr1994,mustOut,spaceHeat
NO,hh0078,0.1900258515188218,scr1994,mustOut,spaceHeat
NO,hh0079,0.10452987145603598,scr1994,mustOut,spaceHeat
NO,hh0080,0.15645909225101326,scr1994,mustOut,spaceHeat
NO,hh0081,0.11643622685267462,scr1994,mustOut,spaceHeat
NO,hh0082,0.08494201055876019,scr1994,mustOut,spaceHeat
NO,hh0083,0.10147203077539713,scr1994,mustOut,spaceHeat
NO,hh0084,0.062899862530824,scr1994,mustOut,spaceHeat
PL,hh0043,0.0894521638624821,scr1994,mustOut,spaceHeat
PL,hh0044,0.2719540534407195,scr1994,mustOut,spaceHeat
PL,hh0045,0.29221789486047556,scr1994,mustOut,spaceHeat
PL,hh0046,0.20823281634889074,scr1994,mustOut,spaceHeat
PL,hh0047,0.2564262676790596,scr1994,mustOut,spaceHeat
PL,hh0048,0.17030208136363195,scr1994,mustOut,spaceHeat
PL,hh0049,0.14988826636109814,scr1994,mustOut,spaceHeat
PL,hh0050,0.35420843315640127,scr1994,mustOut,spaceHeat
PL,hh0051,0.3776382102688891,scr1994,mustOut,spaceHeat
PL,hh0052,0.10776314386965044,scr1994,mustOut,spaceHeat
PL,hh0053,0.11120038706123862,scr1994,mustOut,spaceHeat
PL,hh0054,0.1680787262365221,scr1994,mustOut,spaceHeat
PL,hh0055,0.09705046284247826,scr1994,mustOut,spaceHeat
PL,hh0056,0.2278080601512496,scr1994,mustOut,spaceHeat
PL,hh0057,0.20047339928866315,scr1994,mustOut,spaceHeat
PL,hh0058,0.10860461017982016,scr1994,mustOut,spaceHeat
PL,hh0059,0.14921770044251437,scr1994,mustOut,spaceHeat
PL,hh0060,0.18860168892642265,scr1994,mustOut,spaceHeat
PL,hh0061,0.10601056008180278,scr1994,mustOut,spaceHeat
PL,hh0062,0.15753640400468386,scr1994,mustOut,spaceHeat
PL,hh0063,0.040607771715401454,scr1994,mustOut,spaceHeat
PL,hh0064,0.023358444634959466,scr1994,mustOut,spaceHeat
PL,hh0065,0.06430070225479455,scr1994,mustOut,spaceHeat
PL,hh0066,0.147183107899535,scr1994,mustOut,spaceHeat
PL,hh0067,0.0572431061389554,scr1994,mustOut,spaceHeat
PL,hh0068,0.14248158320878768,scr1994,mustOut,spaceHeat
PL,hh0069,0.1378949397631071,scr1994,mustOut,spaceHeat
PL,hh0070,0.12206090184017748,scr1994,mustOut,spaceHeat
PL,hh0071,0.12982899237535722,scr1994,mustOut,spaceHeat
PL,hh0072,0.031445318860205525,scr1994,mustOut,spaceHeat
PL,hh0073,0.06403371732115566,scr1994,mustOut,spaceHeat
PL,hh0074,0.16220196317203614,scr1994,mustOut,spaceHeat
PL,hh0075,0.03999537773512124,scr1994,mustOut,spaceHeat
PL,hh0076,0.02926900054401128,scr1994,mustOut,spaceHeat
PL,hh0077,0.05629148100094096,scr1994,mustOut,spaceHeat
PL,hh0078,0.1301878230625844,scr1994,mustOut,spaceHeat
PL,hh0079,0.055647086790272755,scr1994,mustOut,spaceHeat
PL,hh0080,0.10071515543602358,scr1994,mustOut,spaceHeat
PL,hh0081,0.0319938930957257,scr1994,mustOut,spaceHeat
PL,hh0082,0.020203145319380486,scr1994,mustOut,spaceHeat
PL,hh0083,0.022546589073459165,scr1994,mustOut,spaceHeat
PL,hh0084,0.022926130869435048,scr1994,mustOut,spaceHeat
RO,hh0043,0.1914136969126134,scr1994,mustOut,spaceHeat
RO,hh0044,0.3248812702404564,scr1994,mustOut,spaceHeat
RO,hh0045,0.19054996133970326,scr1994,mustOut,spaceHeat
RO,hh0046,0.24274747726859175,scr1994,mustOut,spaceHeat
RO,hh0047,0.31690230208800196,scr1994,mustOut,spaceHeat
RO,hh0048,0.12721095498152996,scr1994,mustOut,spaceHeat
RO,hh0049,0.1736419145444852,scr1994,mustOut,spaceHeat
RO,hh0050,0.3086477769217325,scr1994,mustOut,spaceHeat
RO,hh0051,0.12214096184583861,scr1994,mustOut,spaceHeat
RO,hh0052,0.11345136434261113,scr1994,mustOut,spaceHeat
RO,hh0053,0.1959986503472315,scr1994,mustOut,spaceHeat
RO,hh0054,0.17983192113814475,scr1994,mustOut,spaceHeat
RO,hh0055,0.13639664728491283,scr1994,mustOut,spaceHeat
RO,hh0056,0.23708945110923668,scr1994,mustOut,spaceHeat
RO,hh0057,0.04444083239141275,scr1994,mustOut,spaceHeat
RO,hh0058,0.13155117849082737,scr1994,mustOut,spaceHeat
RO,hh0059,0.28348163713899455,scr1994,mustOut,spaceHeat
RO,hh0060,0.1991536150895053,scr1994,mustOut,spaceHeat
RO,hh0061,0.144825582849649,scr1994,mustOut,spaceHeat
RO,hh0062,0.21913745416250557,scr1994,mustOut,spaceHeat
RO,hh0063,0.0495772497517027,scr1994,mustOut,spaceHeat
RO,hh0064,0.029552578352922576,scr1994,mustOut,spaceHeat
RO,hh0065,0.05276713978100019,scr1994,mustOut,spaceHeat
RO,hh0066,0.0657167386609922,scr1994,mustOut,spaceHeat
RO,hh0067,0.03953506203487643,scr1994,mustOut,spaceHeat
RO,hh0068,0.0729216134599823,scr1994,mustOut,spaceHeat
RO,hh0069,0.04173321181199181,scr1994,mustOut,spaceHeat
RO,hh0070,0.05685760956827508,scr1994,mustOut,spaceHeat
RO,hh0071,0.09732420859556173,scr1994,mustOut,spaceHeat
RO,hh0072,0.08411504227198997,scr1994,mustOut,spaceHeat
RO,hh0073,0.0783273949125616,scr1994,mustOut,spaceHeat
RO,hh0074,0.17671238878719306,scr1994,mustOut,spaceHeat
RO,hh0075,0.04522126492674744,scr1994,mustOut,spaceHeat
RO,hh0076,0.04540810119887337,scr1994,mustOut,spaceHeat
RO,hh0077,0.07523368662864587,scr1994,mustOut,spaceHeat
RO,hh0078,0.07890660864553052,scr1994,mustOut,spaceHeat
RO,hh0079,0.08662491102322847,scr1994,mustOut,spaceHeat
RO,hh0080,0.1582369473030042,scr1994,mustOut,spaceHeat
RO,hh0081,0.03913629938905542,scr1994,mustOut,spaceHeat
RO,hh0082,0.03070587714218731,scr1994,mustOut,spaceHeat
RO,hh0083,0.041603526227192184,scr1994,mustOut,spaceHeat
RO,hh0084,0.030541542186890036,scr1994,mustOut,spaceHeat
PT,hh0043,0.2730676834956297,scr1994,mustOut,spaceHeat
PT,hh0044,0.6673865117656529,scr1994,mustOut,spaceHeat
PT,hh0045,0.4199757057324671,scr1994,mustOut,spaceHeat
PT,hh0046,0.25910114733976086,scr1994,mustOut,spaceHeat
PT,hh0047,0.3350551542268124,scr1994,mustOut,spaceHeat
PT,hh0048,0.27537586843605605,scr1994,mustOut,spaceHeat
PT,hh0049,0.2674172301644081,scr1994,mustOut,spaceHeat
PT,hh0050,0.6717543734701049,scr1994,mustOut,spaceHeat
PT,hh0051,0.4071797113018153,scr1994,mustOut,spaceHeat
PT,hh0052,0.3044486068370921,scr1994,mustOut,spaceHeat
PT,hh0053,0.3872978778554329,scr1994,mustOut,spaceHeat
PT,hh0054,0.31022187995126066,scr1994,mustOut,spaceHeat
PT,hh0055,0.18529776503912493,scr1994,mustOut,spaceHeat
PT,hh0056,0.4220206778357003,scr1994,mustOut,spaceHeat
PT,hh0057,0.17070497110327904,scr1994,mustOut,spaceHeat
PT,hh0058,0.17858705338445852,scr1994,mustOut,spaceHeat
PT,hh0059,0.29946978512263606,scr1994,mustOut,spaceHeat
PT,hh0060,0.2862294436046936,scr1994,mustOut,spaceHeat
PT,hh0061,0.27275745441099913,scr1994,mustOut,spaceHeat
PT,hh0062,0.6343338832473477,scr1994,mustOut,spaceHeat
PT,hh0063,0.3675079279046583,scr1994,mustOut,spaceHeat
PT,hh0064,0.30291604254113785,scr1994,mustOut,spaceHeat
PT,hh0065,0.35458524658023377,scr1994,mustOut,spaceHeat
PT,hh0066,0.21046383003680025,scr1994,mustOut,spaceHeat
PT,hh0067,0.2296216557820491,scr1994,mustOut,spaceHeat
PT,hh0068,0.5830945431483006,scr1994,mustOut,spaceHeat
PT,hh0069,0.26040089307748115,scr1994,mustOut,spaceHeat
PT,hh0070,0.17367759095306812,scr1994,mustOut,spaceHeat
PT,hh0071,0.24032438619949886,scr1994,mustOut,spaceHeat
PT,hh0072,0.21177320371777963,scr1994,mustOut,spaceHeat
PT,hh0073,0.10031951033388767,scr1994,mustOut,spaceHeat
PT,hh0074,0.2856741357897656,scr1994,mustOut,spaceHeat
PT,hh0075,0.17573079711749,scr1994,mustOut,spaceHeat
PT,hh0076,0.12169549098527797,scr1994,mustOut,spaceHeat
PT,hh0077,0.15831051376722527,scr1994,mustOut,spaceHeat
PT,hh0078,0.132230263253057,scr1994,mustOut,spaceHeat
PT,hh0079,0.16538377842545848,scr1994,mustOut,spaceHeat
PT,hh0080,0.382525212931631,scr1994,mustOut,spaceHeat
PT,hh0081,0.15409401739189055,scr1994,mustOut,spaceHeat
PT,hh0082,0.1555477223238265,scr1994,mustOut,spaceHeat
PT,hh0083,0.20666972560120844,scr1994,mustOut,spaceHeat
PT,hh0084,0.13454309759115385,scr1994,mustOut,spaceHeat
SK,hh0043,0.08261383680711623,scr1994,mustOut,spaceHeat
SK,hh0044,0.2700475735447444,scr1994,mustOut,spaceHeat
SK,hh0045,0.2741336303045241,scr1994,mustOut,spaceHeat
SK,hh0046,0.17472680611916871,scr1994,mustOut,spaceHeat
SK,hh0047,0.24837918251390217,scr1994,mustOut,spaceHeat
SK,hh0048,0.18632707356615913,scr1994,mustOut,spaceHeat
SK,hh0049,0.1289196195956246,scr1994,mustOut,spaceHeat
SK,hh0050,0.2604789983261413,scr1994,mustOut,spaceHeat
SK,hh0051,0.25692798474610895,scr1994,mustOut,spaceHeat
SK,hh0052,0.08814760208552058,scr1994,mustOut,spaceHeat
SK,hh0053,0.09381869859647182,scr1994,mustOut,spaceHeat
SK,hh0054,0.1332219559194945,scr1994,mustOut,spaceHeat
SK,hh0055,0.07617263128456864,scr1994,mustOut,spaceHeat
SK,hh0056,0.13830873740434504,scr1994,mustOut,spaceHeat
SK,hh0057,0.061673777174570725,scr1994,mustOut,spaceHeat
SK,hh0058,0.056841000758625485,scr1994,mustOut,spaceHeat
SK,hh0059,0.126665466081393,scr1994,mustOut,spaceHeat
SK,hh0060,0.2116245567787135,scr1994,mustOut,spaceHeat
SK,hh0061,0.10750909674161813,scr1994,mustOut,spaceHeat
SK,hh0062,0.15387638348270244,scr1994,mustOut,spaceHeat
SK,hh0063,0.03505164740908377,scr1994,mustOut,spaceHeat
SK,hh0064,0.01760191459823239,scr1994,mustOut,spaceHeat
SK,hh0065,0.03262041246203805,scr1994,mustOut,spaceHeat
SK,hh0066,0.07279899704837445,scr1994,mustOut,spaceHeat
SK,hh0067,0.03002971894994712,scr1994,mustOut,spaceHeat
SK,hh0068,0.0718533026202265,scr1994,mustOut,spaceHeat
SK,hh0069,0.05857090113147402,scr1994,mustOut,spaceHeat
SK,hh0070,0.057711992416029784,scr1994,mustOut,spaceHeat
SK,hh0071,0.08429336269570989,scr1994,mustOut,spaceHeat
SK,hh0072,0.027600604529007484,scr1994,mustOut,spaceHeat
SK,hh0073,0.05659461455079831,scr1994,mustOut,spaceHeat
SK,hh0074,0.14314192420406785,scr1994,mustOut,spaceHeat
SK,hh0075,0.0264430701888917,scr1994,mustOut,spaceHeat
SK,hh0076,0.024767656755309602,scr1994,mustOut,spaceHeat
SK,hh0077,0.03917521259889875,scr1994,mustOut,spaceHeat
SK,hh0078,0.06260512697922423,scr1994,mustOut,spaceHeat
SK,hh0079,0.0333420570251078,scr1994,mustOut,spaceHeat
SK,hh0080,0.060113291075509445,scr1994,mustOut,spaceHeat
SK,hh0081,0.02475179747221733,scr1994,mustOut,spaceHeat
SK,hh0082,0.017066943887161148,scr1994,mustOut,spaceHeat
SK,hh0083,0.01960718750778975,scr1994,mustOut,spaceHeat
SK,hh0084,0.018639904530209934,scr1994,mustOut,spaceHeat
SI,hh0043,0.11855313405786273,scr1994,mustOut,spaceHeat
SI,hh0044,0.474892875514519,scr1994,mustOut,spaceHeat
SI,hh0045,0.46464894927611805,scr1994,mustOut,spaceHeat
SI,hh0046,0.19797116436965195,scr1994,mustOut,spaceHeat
SI,hh0047,0.2562147725890909,scr1994,mustOut,spaceHeat
SI,hh0048,0.28392509631830115,scr1994,mustOut,spaceHeat
SI,hh0049,0.13410581567117094,scr1994,mustOut,spaceHeat
SI,hh0050,0.3088175026601541,scr1994,mustOut,spaceHeat
SI,hh0051,0.20116974708496457,scr1994,mustOut,spaceHeat
SI,hh0052,0.08218752551809747,scr1994,mustOut,spaceHeat
SI,hh0053,0.11886473647127868,scr1994,mustOut,spaceHeat
SI,hh0054,0.13742729002701592,scr1994,mustOut,spaceHeat
SI,hh0055,0.06458489567176492,scr1994,mustOut,spaceHeat
SI,hh0056,0.15971052068405095,scr1994,mustOut,spaceHeat
SI,hh0057,0.042318561327717184,scr1994,mustOut,spaceHeat
SI,hh0058,0.028224358629167168,scr1994,mustOut,spaceHeat
SI,hh0059,0.0687797829213075,scr1994,mustOut,spaceHeat
SI,hh0060,0.14078814259069858,scr1994,mustOut,spaceHeat
SI,hh0061,0.07284035787684623,scr1994,mustOut,spaceHeat
SI,hh0062,0.2001184612564501,scr1994,mustOut,spaceHeat
SI,hh0063,0.061342808753951414,scr1994,mustOut,spaceHeat
SI,hh0064,0.024125978588566348,scr1994,mustOut,spaceHeat
SI,hh0065,0.04335323614798024,scr1994,mustOut,spaceHeat
SI,hh0066,0.08779418925512379,scr1994,mustOut,spaceHeat
SI,hh0067,0.030452287418156414,scr1994,mustOut,spaceHeat
SI,hh0068,0.1067112553814557,scr1994,mustOut,spaceHeat
SI,hh0069,0.10762026581287164,scr1994,mustOut,spaceHeat
SI,hh0070,0.05723077273390515,scr1994,mustOut,spaceHeat
SI,hh0071,0.06922616900317143,scr1994,mustOut,spaceHeat
SI,hh0072,0.02635755823928229,scr1994,mustOut,spaceHeat
SI,hh0073,0.05954298644746782,scr1994,mustOut,spaceHeat
SI,hh0074,0.15321766908689854,scr1994,mustOut,spaceHeat
SI,hh0075,0.0330773900994649,scr1994,mustOut,spaceHeat
SI,hh0076,0.08479213803348254,scr1994,mustOut,spaceHeat
SI,hh0077,0.10092858206623821,scr1994,mustOut,spaceHeat
SI,hh0078,0.04793287171553453,scr1994,mustOut,spaceHeat
SI,hh0079,0.022956972546886716,scr1994,mustOut,spaceHeat
SI,hh0080,0.05080966964250926,scr1994,mustOut,spaceHeat
SI,hh0081,0.03135505620876817,scr1994,mustOut,spaceHeat
SI,hh0082,0.02013431905471283,scr1994,mustOut,spaceHeat
SI,hh0083,0.022408858772243023,scr1994,mustOut,spaceHeat
SI,hh0084,0.024825375369994893,scr1994,mustOut,spaceHeat
SE,hh0043,0.18187451481951217,scr1994,mustOut,spaceHeat
SE,hh0044,0.33422097423121294,scr1994,mustOut,spaceHeat
SE,hh0045,0.36265405459574296,scr1994,mustOut,spaceHeat
SE,hh0046,0.26788055730155397,scr1994,mustOut,spaceHeat
SE,hh0047,0.3039159641313161,scr1994,mustOut,spaceHeat
SE,hh0048,0.294578353784286,scr1994,mustOut,spaceHeat
SE,hh0049,0.1998948149774338,scr1994,mustOut,spaceHeat
SE,hh0050,0.3482521386553977,scr1994,mustOut,spaceHeat
SE,hh0051,0.3324958636422818,scr1994,mustOut,spaceHeat
SE,hh0052,0.2137094028418581,scr1994,mustOut,spaceHeat
SE,hh0053,0.2335292830311322,scr1994,mustOut,spaceHeat
SE,hh0054,0.22206248182033675,scr1994,mustOut,spaceHeat
SE,hh0055,0.1304628621538419,scr1994,mustOut,spaceHeat
SE,hh0056,0.23412877130428403,scr1994,mustOut,spaceHeat
SE,hh0057,0.24481659947211737,scr1994,mustOut,spaceHeat
SE,hh0058,0.13726317647236796,scr1994,mustOut,spaceHeat
SE,hh0059,0.15902848815196305,scr1994,mustOut,spaceHeat
SE,hh0060,0.1673350666348285,scr1994,mustOut,spaceHeat
SE,hh0061,0.14019381136007636,scr1994,mustOut,spaceHeat
SE,hh0062,0.21180711677811986,scr1994,mustOut,spaceHeat
SE,hh0063,0.15549562844922665,scr1994,mustOut,spaceHeat
SE,hh0064,0.16410931454217212,scr1994,mustOut,spaceHeat
SE,hh0065,0.20754186743560166,scr1994,mustOut,spaceHeat
SE,hh0066,0.19248062296343704,scr1994,mustOut,spaceHeat
SE,hh0067,0.15693405146981632,scr1994,mustOut,spaceHeat
SE,hh0068,0.23623090254860837,scr1994,mustOut,spaceHeat
SE,hh0069,0.17571521664617618,scr1994,mustOut,spaceHeat
SE,hh0070,0.10587812460792341,scr1994,mustOut,spaceHeat
SE,hh0071,0.11481515993111052,scr1994,mustOut,spaceHeat
SE,hh0072,0.10974840611353905,scr1994,mustOut,spaceHeat
SE,hh0073,0.09428882702240535,scr1994,mustOut,spaceHeat
SE,hh0074,0.18367486446867318,scr1994,mustOut,spaceHeat
SE,hh0075,0.13328712794176162,scr1994,mustOut,spaceHeat
SE,hh0076,0.06554604735125116,scr1994,mustOut,spaceHeat
SE,hh0077,0.0925794610143757,scr1994,mustOut,spaceHeat
SE,hh0078,0.1669248463499733,scr1994,mustOut,spaceHeat
SE,hh0079,0.08973343161215977,scr1994,mustOut,spaceHeat
SE,hh0080,0.13699206577077955,scr1994,mustOut,spaceHeat
SE,hh0081,0.095234679430904,scr1994,mustOut,spaceHeat
SE,hh0082,0.05478631708855439,scr1994,mustOut,spaceHeat
SE,hh0083,0.05598952192663395,scr1994,mustOut,spaceHeat
SE,hh0084,0.06077536793019221,scr1994,mustOut,spaceHeat
UK,hh0043,0.2511736145119099,scr1994,mustOut,spaceHeat
UK,hh0044,0.6039713637933632,scr1994,mustOut,spaceHeat
UK,hh0045,0.49673454878357715,scr1994,mustOut,spaceHeat
UK,hh0046,0.40229520539233626,scr1994,mustOut,spaceHeat
UK,hh0047,0.45420335551862406,scr1994,mustOut,spaceHeat
UK,hh0048,0.28790796827435444,scr1994,mustOut,spaceHeat
UK,hh0049,0.2394172965802144,scr1994,mustOut,spaceHeat
UK,hh0050,0.552686505330557,scr1994,mustOut,spaceHeat
UK,hh0051,0.45726889395654813,scr1994,mustOut,spaceHeat
UK,hh0052,0.2720004637922744,scr1994,mustOut,spaceHeat
UK,hh0053,0.31330992045459594,scr1994,mustOut,spaceHeat
UK,hh0054,0.26642419395467937,scr1994,mustOut,spaceHeat
UK,hh0055,0.0912221593768475,scr1994,mustOut,spaceHeat
UK,hh0056,0.24382961808670958,scr1994,mustOut,spaceHeat
UK,hh0057,0.2425393852478315,scr1994,mustOut,spaceHeat
UK,hh0058,0.19146925903445147,scr1994,mustOut,spaceHeat
UK,hh0059,0.2637539176398026,scr1994,mustOut,spaceHeat
UK,hh0060,0.250779563924049,scr1994,mustOut,spaceHeat
UK,hh0061,0.13047523864183014,scr1994,mustOut,spaceHeat
UK,hh0062,0.2832384219164601,scr1994,mustOut,spaceHeat
UK,hh0063,0.15796953143292755,scr1994,mustOut,spaceHeat
UK,hh0064,0.2200407796590774,scr1994,mustOut,spaceHeat
UK,hh0065,0.3127170243707529,scr1994,mustOut,spaceHeat
UK,hh0066,0.22858248815282892,scr1994,mustOut,spaceHeat
UK,hh0067,0.14535777543094142,scr1994,mustOut,spaceHeat
UK,hh0068,0.3683073213401865,scr1994,mustOut,spaceHeat
UK,hh0069,0.323847534956,scr1994,mustOut,spaceHeat
UK,hh0070,0.1279872456808663,scr1994,mustOut,spaceHeat
UK,hh0071,0.12392043653216711,scr1994,mustOut,spaceHeat
UK,hh0072,0.12255999696414675,scr1994,mustOut,spaceHeat
UK,hh0073,0.07690218068060332,scr1994,mustOut,spaceHeat
UK,hh0074,0.2256103964170213,scr1994,mustOut,spaceHeat
UK,hh0075,0.21262402089665025,scr1994,mustOut,spaceHeat
UK,hh0076,0.09088966215236932,scr1994,mustOut,spaceHeat
UK,hh0077,0.09844947122667021,scr1994,mustOut,spaceHeat
UK,hh0078,0.12132103730699806,scr1994,mustOut,spaceHeat
UK,hh0079,0.06276227544666763,scr1994,mustOut,spaceHeat
UK,hh0080,0.19244359246385956,scr1994,mustOut,spaceHeat
UK,hh0081,0.14523859601516786,scr1994,mustOut,spaceHeat
UK,hh0082,0.08165914420532097,scr1994,mustOut,spaceHeat
UK,hh0083,0.0899572297494797,scr1994,mustOut,spaceHeat
UK,hh0084,0.06017960273771553,scr1994,mustOut,spaceHeat
RS,hh0043,0.10276433338856358,scr1994,mustOut,spaceHeat
RS,hh0044,0.2028561425838984,scr1994,mustOut,spaceHeat
RS,hh0045,0.22692889761266244,scr1994,mustOut,spaceHeat
RS,hh0046,0.1585841390148005,scr1994,mustOut,spaceHeat
RS,hh0047,0.2247074645470049,scr1994,mustOut,spaceHeat
RS,hh0048,0.13773151116223015,scr1994,mustOut,spaceHeat
RS,hh0049,0.11490125521297548,scr1994,mustOut,spaceHeat
RS,hh0050,0.28098963691582135,scr1994,mustOut,spaceHeat
RS,hh0051,0.10299499042353209,scr1994,mustOut,spaceHeat
RS,hh0052,0.0533804142721121,scr1994,mustOut,spaceHeat
RS,hh0053,0.10391669798294251,scr1994,mustOut,spaceHeat
RS,hh0054,0.1390362747070776,scr1994,mustOut,spaceHeat
RS,hh0055,0.07494649326132329,scr1994,mustOut,spaceHeat
RS,hh0056,0.19049134768616321,scr1994,mustOut,spaceHeat
RS,hh0057,0.0531359512115185,scr1994,mustOut,spaceHeat
RS,hh0058,0.03926035928040335,scr1994,mustOut,spaceHeat
RS,hh0059,0.12069335487818886,scr1994,mustOut,spaceHeat
RS,hh0060,0.19728101821705252,scr1994,mustOut,spaceHeat
RS,hh0061,0.09391692247249062,scr1994,mustOut,spaceHeat
RS,hh0062,0.15662271928133512,scr1994,mustOut,spaceHeat
RS,hh0063,0.03806151003971755,scr1994,mustOut,spaceHeat
RS,hh0064,0.019002227572973696,scr1994,mustOut,spaceHeat
RS,hh0065,0.02766641970398785,scr1994,mustOut,spaceHeat
RS,hh0066,0.05401919356445507,scr1994,mustOut,spaceHeat
RS,hh0067,0.019665757999905588,scr1994,mustOut,spaceHeat
RS,hh0068,0.041656512072442725,scr1994,mustOut,spaceHeat
RS,hh0069,0.02903262857833047,scr1994,mustOut,spaceHeat
RS,hh0070,0.024287422611551028,scr1994,mustOut,spaceHeat
RS,hh0071,0.03426894503475688,scr1994,mustOut,spaceHeat
RS,hh0072,0.049965731261720436,scr1994,mustOut,spaceHeat
RS,hh0073,0.06001177520038234,scr1994,mustOut,spaceHeat
RS,hh0074,0.18177536259902377,scr1994,mustOut,spaceHeat
RS,hh0075,0.034487657931155005,scr1994,mustOut,spaceHeat
RS,hh0076,0.027068092025882437,scr1994,mustOut,spaceHeat
RS,hh0077,0.04128218597011678,scr1994,mustOut,spaceHeat
RS,hh0078,0.06721110680688994,scr1994,mustOut,spaceHeat
RS,hh0079,0.034863571942631816,scr1994,mustOut,spaceHeat
RS,hh0080,0.06347665092460002,scr1994,mustOut,spaceHeat
RS,hh0081,0.03680888929948367,scr1994,mustOut,spaceHeat
RS,hh0082,0.0204265047806578,scr1994,mustOut,spaceHeat
RS,hh0083,0.021613739402518185,scr1994,mustOut,spaceHeat
RS,hh0084,0.02271178268604699,scr1994,mustOut,spaceHeat
BA,hh0043,0.08791427021607517,scr1994,mustOut,spaceHeat
BA,hh0044,0.2132098302521169,scr1994,mustOut,spaceHeat
BA,hh0045,0.2616388497127133,scr1994,mustOut,spaceHeat
BA,hh0046,0.24074242018043807,scr1994,mustOut,spaceHeat
BA,hh0047,0.33923796878261986,scr1994,mustOut,spaceHeat
BA,hh0048,0.23226569352898693,scr1994,mustOut,spaceHeat
BA,hh0049,0.13014641510405067,scr1994,mustOut,spaceHeat
BA,hh0050,0.34173196940434775,scr1994,mustOut,spaceHeat
BA,hh0051,0.14751503979035147,scr1994,mustOut,spaceHeat
BA,hh0052,0.07574895149474864,scr1994,mustOut,spaceHeat
BA,hh0053,0.12321365865237088,scr1994,mustOut,spaceHeat
BA,hh0054,0.15031360349300582,scr1994,mustOut,spaceHeat
BA,hh0055,0.08308416154036675,scr1994,mustOut,spaceHeat
BA,hh0056,0.21163261078893159,scr1994,mustOut,spaceHeat
BA,hh0057,0.04684094303430752,scr1994,mustOut,spaceHeat
BA,hh0058,0.029890958874479352,scr1994,mustOut,spaceHeat
BA,hh0059,0.09875138844317954,scr1994,mustOut,spaceHeat
BA,hh0060,0.2107384829817503,scr1994,mustOut,spaceHeat
BA,hh0061,0.09404259047222818,scr1994,mustOut,spaceHeat
BA,hh0062,0.18875063995836938,scr1994,mustOut,spaceHeat
BA,hh0063,0.04266396433434899,scr1994,mustOut,spaceHeat
BA,hh0064,0.019793078106590263,scr1994,mustOut,spaceHeat
BA,hh0065,0.03281753199456543,scr1994,mustOut,spaceHeat
BA,hh0066,0.07068331562189416,scr1994,mustOut,spaceHeat
BA,hh0067,0.023260327524294067,scr1994,mustOut,spaceHeat
BA,hh0068,0.046642710735780704,scr1994,mustOut,spaceHeat
BA,hh0069,0.03132977195103751,scr1994,mustOut,spaceHeat
BA,hh0070,0.026936668353185228,scr1994,mustOut,spaceHeat
BA,hh0071,0.03938018341760078,scr1994,mustOut,spaceHeat
BA,hh0072,0.04617253584021097,scr1994,mustOut,spaceHeat
BA,hh0073,0.06518178992305763,scr1994,mustOut,spaceHeat
BA,hh0074,0.182147402201161,scr1994,mustOut,spaceHeat
BA,hh0075,0.030387667716137684,scr1994,mustOut,spaceHeat
BA,hh0076,0.04580134141296552,scr1994,mustOut,spaceHeat
BA,hh0077,0.07278572223609825,scr1994,mustOut,spaceHeat
BA,hh0078,0.07820580778680855,scr1994,mustOut,spaceHeat
BA,hh0079,0.038155374439935004,scr1994,mustOut,spaceHeat
BA,hh0080,0.06637392939378092,scr1994,mustOut,spaceHeat
BA,hh0081,0.03321126221034307,scr1994,mustOut,spaceHeat
BA,hh0082,0.019574523692269547,scr1994,mustOut,spaceHeat
BA,hh0083,0.021967596640684952,scr1994,mustOut,spaceHeat
BA,hh0084,0.027209272087298373,scr1994,mustOut,spaceHeat
AL,hh0043,0.16949718011471418,scr1994,mustOut,spaceHeat
AL,hh0044,0.2736775719709167,scr1994,mustOut,spaceHeat
AL,hh0045,0.21468901097662224,scr1994,mustOut,spaceHeat
AL,hh0046,0.30034219813490576,scr1994,mustOut,spaceHeat
AL,hh0047,0.33445433926365953,scr1994,mustOut,spaceHeat
AL,hh0048,0.15303487297957266,scr1994,mustOut,spaceHeat
AL,hh0049,0.16009338535527576,scr1994,mustOut,spaceHeat
AL,hh0050,0.3412991673386829,scr1994,mustOut,spaceHeat
AL,hh0051,0.14346387635826297,scr1994,mustOut,spaceHeat
AL,hh0052,0.08768313458981947,scr1994,mustOut,spaceHeat
AL,hh0053,0.16258133800819535,scr1994,mustOut,spaceHeat
AL,hh0054,0.18235525253224832,scr1994,mustOut,spaceHeat
AL,hh0055,0.10427980764386421,scr1994,mustOut,spaceHeat
AL,hh0056,0.21032275758415137,scr1994,mustOut,spaceHeat
AL,hh0057,0.08600014452570573,scr1994,mustOut,spaceHeat
AL,hh0058,0.06786057418000838,scr1994,mustOut,spaceHeat
AL,hh0059,0.14436330883324527,scr1994,mustOut,spaceHeat
AL,hh0060,0.16816456621391052,scr1994,mustOut,spaceHeat
AL,hh0061,0.11231795731067135,scr1994,mustOut,spaceHeat
AL,hh0062,0.18995158484730496,scr1994,mustOut,spaceHeat
AL,hh0063,0.05927386870738969,scr1994,mustOut,spaceHeat
AL,hh0064,0.026000839494968474,scr1994,mustOut,spaceHeat
AL,hh0065,0.039094817356369285,scr1994,mustOut,spaceHeat
AL,hh0066,0.08253750366405055,scr1994,mustOut,spaceHeat
AL,hh0067,0.031131122188062473,scr1994,mustOut,spaceHeat
AL,hh0068,0.05887817865699017,scr1994,mustOut,spaceHeat
AL,hh0069,0.03836868657306106,scr1994,mustOut,spaceHeat
AL,hh0070,0.02477643568349923,scr1994,mustOut,spaceHeat
AL,hh0071,0.0335474876907213,scr1994,mustOut,spaceHeat
AL,hh0072,0.06237284199992389,scr1994,mustOut,spaceHeat
AL,hh0073,0.05284449189918394,scr1994,mustOut,spaceHeat
AL,hh0074,0.11512671611687844,scr1994,mustOut,spaceHeat
AL,hh0075,0.05166594865244194,scr1994,mustOut,spaceHeat
AL,hh0076,0.0321289665846894,scr1994,mustOut,spaceHeat
AL,hh0077,0.056459475629993934,scr1994,mustOut,spaceHeat
AL,hh0078,0.08722291229047222,scr1994,mustOut,spaceHeat
AL,hh0079,0.05280655881314024,scr1994,mustOut,spaceHeat
AL,hh0080,0.08890771440371632,scr1994,mustOut,spaceHeat
AL,hh0081,0.03862943281028693,scr1994,mustOut,spaceHeat
AL,hh0082,0.022253384690708568,scr1994,mustOut,spaceHeat
AL,hh0083,0.02473418642362494,scr1994,mustOut,spaceHeat
AL,hh0084,0.026865073716842013,scr1994,mustOut,spaceHeat
