region_2,timestep_6,value,scenario_1,parameter,technology_3
AT,h0193,0.6065778193601488,scr1987,avaConv,bevFrtRoadHeavy
AT,h0194,0.6255791545866285,scr1987,avaConv,bevFrtRoadHeavy
AT,h0195,0.628629875890605,scr1987,avaConv,bevFrtRoadHeavy
AT,h0196,0.6358352094190205,scr1987,avaConv,bevFrtRoadHeavy
AT,h0197,0.622714919590746,scr1987,avaConv,bevFrtRoadHeavy
AT,h0198,0.6023471197695103,scr1987,avaConv,bevFrtRoadHeavy
AT,h0199,0.5704613592836285,scr1987,avaConv,bevFrtRoadHeavy
AT,h0200,0.5425761574553869,scr1987,avaConv,bevFrtRoadHeavy
AT,h0201,0.5152039880210424,scr1987,avaConv,bevFrtRoadHeavy
AT,h0202,0.4934750736579514,scr1987,avaConv,bevFrtRoadHeavy
AT,h0203,0.46898760273088236,scr1987,avaConv,bevFrtRoadHeavy
AT,h0204,0.42525419238352535,scr1987,avaConv,bevFrtRoadHeavy
AT,h0205,0.3668370312020137,scr1987,avaConv,bevFrtRoadHeavy
AT,h0206,0.30213525277940967,scr1987,avaConv,bevFrtRoadHeavy
AT,h0207,0.26965652459547584,scr1987,avaConv,bevFrtRoadHeavy
AT,h0208,0.2769439538699303,scr1987,avaConv,bevFrtRoadHeavy
AT,h0209,0.3158592290306892,scr1987,avaConv,bevFrtRoadHeavy
AT,h0210,0.34706131321315636,scr1987,avaConv,bevFrtRoadHeavy
AT,h0211,0.3550785607311733,scr1987,avaConv,bevFrtRoadHeavy
AT,h0212,0.32775194159953625,scr1987,avaConv,bevFrtRoadHeavy
AT,h0213,0.29558726161756343,scr1987,avaConv,bevFrtRoadHeavy
AT,h0214,0.29294821933071136,scr1987,avaConv,bevFrtRoadHeavy
AT,h0215,0.34255361404001716,scr1987,avaConv,bevFrtRoadHeavy
AT,h0216,0.42542744194510496,scr1987,avaConv,bevFrtRoadHeavy
AT,h0217,0.37892792034026224,scr1987,avaConv,bevFrtRoadHeavy
AT,h0218,0.3539822128236376,scr1987,avaConv,bevFrtRoadHeavy
AT,h0219,0.3392348999880248,scr1987,avaConv,bevFrtRoadHeavy
AT,h0220,0.4708399255888951,scr1987,avaConv,bevFrtRoadHeavy
AT,h0221,0.5523503103475336,scr1987,avaConv,bevFrtRoadHeavy
AT,h0222,0.5949932052422389,scr1987,avaConv,bevFrtRoadHeavy
AT,h0223,0.5985419064586246,scr1987,avaConv,bevFrtRoadHeavy
AT,h0224,0.5783693864541832,scr1987,avaConv,bevFrtRoadHeavy
AT,h0225,0.5480731256653382,scr1987,avaConv,bevFrtRoadHeavy
AT,h0226,0.5283765871767492,scr1987,avaConv,bevFrtRoadHeavy
AT,h0227,0.5224214589407445,scr1987,avaConv,bevFrtRoadHeavy
AT,h0228,0.5246963164235332,scr1987,avaConv,bevFrtRoadHeavy
AT,h0229,0.5182925959839317,scr1987,avaConv,bevFrtRoadHeavy
AT,h0230,0.4989653477870366,scr1987,avaConv,bevFrtRoadHeavy
AT,h0231,0.46746737364279056,scr1987,avaConv,bevFrtRoadHeavy
AT,h0232,0.44087101817369634,scr1987,avaConv,bevFrtRoadHeavy
AT,h0233,0.4238763077849894,scr1987,avaConv,bevFrtRoadHeavy
AT,h0234,0.42475104646724215,scr1987,avaConv,bevFrtRoadHeavy
AT,h0235,0.4319200408132593,scr1987,avaConv,bevFrtRoadHeavy
AT,h0236,0.43001628361222455,scr1987,avaConv,bevFrtRoadHeavy
AT,h0237,0.4030413848559151,scr1987,avaConv,bevFrtRoadHeavy
AT,h0238,0.3378548176581284,scr1987,avaConv,bevFrtRoadHeavy
AT,h0239,0.2576443964683133,scr1987,avaConv,bevFrtRoadHeavy
AT,h0240,0.18561534260695556,scr1987,avaConv,bevFrtRoadHeavy
BE,h0193,0.6065778193601488,scr1987,avaConv,bevFrtRoadHeavy
BE,h0194,0.6255791545866285,scr1987,avaConv,bevFrtRoadHeavy
BE,h0195,0.628629875890605,scr1987,avaConv,bevFrtRoadHeavy
BE,h0196,0.6358352094190205,scr1987,avaConv,bevFrtRoadHeavy
BE,h0197,0.622714919590746,scr1987,avaConv,bevFrtRoadHeavy
BE,h0198,0.6023471197695103,scr1987,avaConv,bevFrtRoadHeavy
BE,h0199,0.5704613592836285,scr1987,avaConv,bevFrtRoadHeavy
BE,h0200,0.5425761574553869,scr1987,avaConv,bevFrtRoadHeavy
BE,h0201,0.5152039880210424,scr1987,avaConv,bevFrtRoadHeavy
BE,h0202,0.4934750736579514,scr1987,avaConv,bevFrtRoadHeavy
BE,h0203,0.46898760273088236,scr1987,avaConv,bevFrtRoadHeavy
BE,h0204,0.42525419238352535,scr1987,avaConv,bevFrtRoadHeavy
BE,h0205,0.3668370312020137,scr1987,avaConv,bevFrtRoadHeavy
BE,h0206,0.30213525277940967,scr1987,avaConv,bevFrtRoadHeavy
BE,h0207,0.26965652459547584,scr1987,avaConv,bevFrtRoadHeavy
BE,h0208,0.2769439538699303,scr1987,avaConv,bevFrtRoadHeavy
BE,h0209,0.3158592290306892,scr1987,avaConv,bevFrtRoadHeavy
BE,h0210,0.34706131321315636,scr1987,avaConv,bevFrtRoadHeavy
BE,h0211,0.3550785607311733,scr1987,avaConv,bevFrtRoadHeavy
BE,h0212,0.32775194159953625,scr1987,avaConv,bevFrtRoadHeavy
BE,h0213,0.29558726161756343,scr1987,avaConv,bevFrtRoadHeavy
BE,h0214,0.29294821933071136,scr1987,avaConv,bevFrtRoadHeavy
BE,h0215,0.34255361404001716,scr1987,avaConv,bevFrtRoadHeavy
BE,h0216,0.42542744194510496,scr1987,avaConv,bevFrtRoadHeavy
BE,h0217,0.37892792034026224,scr1987,avaConv,bevFrtRoadHeavy
BE,h0218,0.3539822128236376,scr1987,avaConv,bevFrtRoadHeavy
BE,h0219,0.3392348999880248,scr1987,avaConv,bevFrtRoadHeavy
BE,h0220,0.4708399255888951,scr1987,avaConv,bevFrtRoadHeavy
BE,h0221,0.5523503103475336,scr1987,avaConv,bevFrtRoadHeavy
BE,h0222,0.5949932052422389,scr1987,avaConv,bevFrtRoadHeavy
BE,h0223,0.5985419064586246,scr1987,avaConv,bevFrtRoadHeavy
BE,h0224,0.5783693864541832,scr1987,avaConv,bevFrtRoadHeavy
BE,h0225,0.5480731256653382,scr1987,avaConv,bevFrtRoadHeavy
BE,h0226,0.5283765871767492,scr1987,avaConv,bevFrtRoadHeavy
BE,h0227,0.5224214589407445,scr1987,avaConv,bevFrtRoadHeavy
BE,h0228,0.5246963164235332,scr1987,avaConv,bevFrtRoadHeavy
BE,h0229,0.5182925959839317,scr1987,avaConv,bevFrtRoadHeavy
BE,h0230,0.4989653477870366,scr1987,avaConv,bevFrtRoadHeavy
BE,h0231,0.46746737364279056,scr1987,avaConv,bevFrtRoadHeavy
BE,h0232,0.44087101817369634,scr1987,avaConv,bevFrtRoadHeavy
BE,h0233,0.4238763077849894,scr1987,avaConv,bevFrtRoadHeavy
BE,h0234,0.42475104646724215,scr1987,avaConv,bevFrtRoadHeavy
BE,h0235,0.4319200408132593,scr1987,avaConv,bevFrtRoadHeavy
BE,h0236,0.43001628361222455,scr1987,avaConv,bevFrtRoadHeavy
BE,h0237,0.4030413848559151,scr1987,avaConv,bevFrtRoadHeavy
BE,h0238,0.3378548176581284,scr1987,avaConv,bevFrtRoadHeavy
BE,h0239,0.2576443964683133,scr1987,avaConv,bevFrtRoadHeavy
BE,h0240,0.18561534260695556,scr1987,avaConv,bevFrtRoadHeavy
BG,h0193,0.6065778193601488,scr1987,avaConv,bevFrtRoadHeavy
BG,h0194,0.6255791545866285,scr1987,avaConv,bevFrtRoadHeavy
BG,h0195,0.628629875890605,scr1987,avaConv,bevFrtRoadHeavy
BG,h0196,0.6358352094190205,scr1987,avaConv,bevFrtRoadHeavy
BG,h0197,0.622714919590746,scr1987,avaConv,bevFrtRoadHeavy
BG,h0198,0.6023471197695103,scr1987,avaConv,bevFrtRoadHeavy
BG,h0199,0.5704613592836285,scr1987,avaConv,bevFrtRoadHeavy
BG,h0200,0.5425761574553869,scr1987,avaConv,bevFrtRoadHeavy
BG,h0201,0.5152039880210424,scr1987,avaConv,bevFrtRoadHeavy
BG,h0202,0.4934750736579514,scr1987,avaConv,bevFrtRoadHeavy
BG,h0203,0.46898760273088236,scr1987,avaConv,bevFrtRoadHeavy
BG,h0204,0.42525419238352535,scr1987,avaConv,bevFrtRoadHeavy
BG,h0205,0.3668370312020137,scr1987,avaConv,bevFrtRoadHeavy
BG,h0206,0.30213525277940967,scr1987,avaConv,bevFrtRoadHeavy
BG,h0207,0.26965652459547584,scr1987,avaConv,bevFrtRoadHeavy
BG,h0208,0.2769439538699303,scr1987,avaConv,bevFrtRoadHeavy
BG,h0209,0.3158592290306892,scr1987,avaConv,bevFrtRoadHeavy
BG,h0210,0.34706131321315636,scr1987,avaConv,bevFrtRoadHeavy
BG,h0211,0.3550785607311733,scr1987,avaConv,bevFrtRoadHeavy
BG,h0212,0.32775194159953625,scr1987,avaConv,bevFrtRoadHeavy
BG,h0213,0.29558726161756343,scr1987,avaConv,bevFrtRoadHeavy
BG,h0214,0.29294821933071136,scr1987,avaConv,bevFrtRoadHeavy
BG,h0215,0.34255361404001716,scr1987,avaConv,bevFrtRoadHeavy
BG,h0216,0.42542744194510496,scr1987,avaConv,bevFrtRoadHeavy
BG,h0217,0.37892792034026224,scr1987,avaConv,bevFrtRoadHeavy
BG,h0218,0.3539822128236376,scr1987,avaConv,bevFrtRoadHeavy
BG,h0219,0.3392348999880248,scr1987,avaConv,bevFrtRoadHeavy
BG,h0220,0.4708399255888951,scr1987,avaConv,bevFrtRoadHeavy
BG,h0221,0.5523503103475336,scr1987,avaConv,bevFrtRoadHeavy
BG,h0222,0.5949932052422389,scr1987,avaConv,bevFrtRoadHeavy
BG,h0223,0.5985419064586246,scr1987,avaConv,bevFrtRoadHeavy
BG,h0224,0.5783693864541832,scr1987,avaConv,bevFrtRoadHeavy
BG,h0225,0.5480731256653382,scr1987,avaConv,bevFrtRoadHeavy
BG,h0226,0.5283765871767492,scr1987,avaConv,bevFrtRoadHeavy
BG,h0227,0.5224214589407445,scr1987,avaConv,bevFrtRoadHeavy
BG,h0228,0.5246963164235332,scr1987,avaConv,bevFrtRoadHeavy
BG,h0229,0.5182925959839317,scr1987,avaConv,bevFrtRoadHeavy
BG,h0230,0.4989653477870366,scr1987,avaConv,bevFrtRoadHeavy
BG,h0231,0.46746737364279056,scr1987,avaConv,bevFrtRoadHeavy
BG,h0232,0.44087101817369634,scr1987,avaConv,bevFrtRoadHeavy
BG,h0233,0.4238763077849894,scr1987,avaConv,bevFrtRoadHeavy
BG,h0234,0.42475104646724215,scr1987,avaConv,bevFrtRoadHeavy
BG,h0235,0.4319200408132593,scr1987,avaConv,bevFrtRoadHeavy
BG,h0236,0.43001628361222455,scr1987,avaConv,bevFrtRoadHeavy
BG,h0237,0.4030413848559151,scr1987,avaConv,bevFrtRoadHeavy
BG,h0238,0.3378548176581284,scr1987,avaConv,bevFrtRoadHeavy
BG,h0239,0.2576443964683133,scr1987,avaConv,bevFrtRoadHeavy
BG,h0240,0.18561534260695556,scr1987,avaConv,bevFrtRoadHeavy
CH,h0193,0.6065778193601488,scr1987,avaConv,bevFrtRoadHeavy
CH,h0194,0.6255791545866285,scr1987,avaConv,bevFrtRoadHeavy
CH,h0195,0.628629875890605,scr1987,avaConv,bevFrtRoadHeavy
CH,h0196,0.6358352094190205,scr1987,avaConv,bevFrtRoadHeavy
CH,h0197,0.622714919590746,scr1987,avaConv,bevFrtRoadHeavy
CH,h0198,0.6023471197695103,scr1987,avaConv,bevFrtRoadHeavy
CH,h0199,0.5704613592836285,scr1987,avaConv,bevFrtRoadHeavy
CH,h0200,0.5425761574553869,scr1987,avaConv,bevFrtRoadHeavy
CH,h0201,0.5152039880210424,scr1987,avaConv,bevFrtRoadHeavy
CH,h0202,0.4934750736579514,scr1987,avaConv,bevFrtRoadHeavy
CH,h0203,0.46898760273088236,scr1987,avaConv,bevFrtRoadHeavy
CH,h0204,0.42525419238352535,scr1987,avaConv,bevFrtRoadHeavy
CH,h0205,0.3668370312020137,scr1987,avaConv,bevFrtRoadHeavy
CH,h0206,0.30213525277940967,scr1987,avaConv,bevFrtRoadHeavy
CH,h0207,0.26965652459547584,scr1987,avaConv,bevFrtRoadHeavy
CH,h0208,0.2769439538699303,scr1987,avaConv,bevFrtRoadHeavy
CH,h0209,0.3158592290306892,scr1987,avaConv,bevFrtRoadHeavy
CH,h0210,0.34706131321315636,scr1987,avaConv,bevFrtRoadHeavy
CH,h0211,0.3550785607311733,scr1987,avaConv,bevFrtRoadHeavy
CH,h0212,0.32775194159953625,scr1987,avaConv,bevFrtRoadHeavy
CH,h0213,0.29558726161756343,scr1987,avaConv,bevFrtRoadHeavy
CH,h0214,0.29294821933071136,scr1987,avaConv,bevFrtRoadHeavy
CH,h0215,0.34255361404001716,scr1987,avaConv,bevFrtRoadHeavy
CH,h0216,0.42542744194510496,scr1987,avaConv,bevFrtRoadHeavy
CH,h0217,0.37892792034026224,scr1987,avaConv,bevFrtRoadHeavy
CH,h0218,0.3539822128236376,scr1987,avaConv,bevFrtRoadHeavy
CH,h0219,0.3392348999880248,scr1987,avaConv,bevFrtRoadHeavy
CH,h0220,0.4708399255888951,scr1987,avaConv,bevFrtRoadHeavy
CH,h0221,0.5523503103475336,scr1987,avaConv,bevFrtRoadHeavy
CH,h0222,0.5949932052422389,scr1987,avaConv,bevFrtRoadHeavy
CH,h0223,0.5985419064586246,scr1987,avaConv,bevFrtRoadHeavy
CH,h0224,0.5783693864541832,scr1987,avaConv,bevFrtRoadHeavy
CH,h0225,0.5480731256653382,scr1987,avaConv,bevFrtRoadHeavy
CH,h0226,0.5283765871767492,scr1987,avaConv,bevFrtRoadHeavy
CH,h0227,0.5224214589407445,scr1987,avaConv,bevFrtRoadHeavy
CH,h0228,0.5246963164235332,scr1987,avaConv,bevFrtRoadHeavy
CH,h0229,0.5182925959839317,scr1987,avaConv,bevFrtRoadHeavy
CH,h0230,0.4989653477870366,scr1987,avaConv,bevFrtRoadHeavy
CH,h0231,0.46746737364279056,scr1987,avaConv,bevFrtRoadHeavy
CH,h0232,0.44087101817369634,scr1987,avaConv,bevFrtRoadHeavy
CH,h0233,0.4238763077849894,scr1987,avaConv,bevFrtRoadHeavy
CH,h0234,0.42475104646724215,scr1987,avaConv,bevFrtRoadHeavy
CH,h0235,0.4319200408132593,scr1987,avaConv,bevFrtRoadHeavy
CH,h0236,0.43001628361222455,scr1987,avaConv,bevFrtRoadHeavy
CH,h0237,0.4030413848559151,scr1987,avaConv,bevFrtRoadHeavy
CH,h0238,0.3378548176581284,scr1987,avaConv,bevFrtRoadHeavy
CH,h0239,0.2576443964683133,scr1987,avaConv,bevFrtRoadHeavy
CH,h0240,0.18561534260695556,scr1987,avaConv,bevFrtRoadHeavy
CZ,h0193,0.6065778193601488,scr1987,avaConv,bevFrtRoadHeavy
CZ,h0194,0.6255791545866285,scr1987,avaConv,bevFrtRoadHeavy
CZ,h0195,0.628629875890605,scr1987,avaConv,bevFrtRoadHeavy
CZ,h0196,0.6358352094190205,scr1987,avaConv,bevFrtRoadHeavy
CZ,h0197,0.622714919590746,scr1987,avaConv,bevFrtRoadHeavy
CZ,h0198,0.6023471197695103,scr1987,avaConv,bevFrtRoadHeavy
CZ,h0199,0.5704613592836285,scr1987,avaConv,bevFrtRoadHeavy
CZ,h0200,0.5425761574553869,scr1987,avaConv,bevFrtRoadHeavy
CZ,h0201,0.5152039880210424,scr1987,avaConv,bevFrtRoadHeavy
CZ,h0202,0.4934750736579514,scr1987,avaConv,bevFrtRoadHeavy
CZ,h0203,0.46898760273088236,scr1987,avaConv,bevFrtRoadHeavy
CZ,h0204,0.42525419238352535,scr1987,avaConv,bevFrtRoadHeavy
CZ,h0205,0.3668370312020137,scr1987,avaConv,bevFrtRoadHeavy
CZ,h0206,0.30213525277940967,scr1987,avaConv,bevFrtRoadHeavy
CZ,h0207,0.26965652459547584,scr1987,avaConv,bevFrtRoadHeavy
CZ,h0208,0.2769439538699303,scr1987,avaConv,bevFrtRoadHeavy
CZ,h0209,0.3158592290306892,scr1987,avaConv,bevFrtRoadHeavy
CZ,h0210,0.34706131321315636,scr1987,avaConv,bevFrtRoadHeavy
CZ,h0211,0.3550785607311733,scr1987,avaConv,bevFrtRoadHeavy
CZ,h0212,0.32775194159953625,scr1987,avaConv,bevFrtRoadHeavy
CZ,h0213,0.29558726161756343,scr1987,avaConv,bevFrtRoadHeavy
CZ,h0214,0.29294821933071136,scr1987,avaConv,bevFrtRoadHeavy
CZ,h0215,0.34255361404001716,scr1987,avaConv,bevFrtRoadHeavy
CZ,h0216,0.42542744194510496,scr1987,avaConv,bevFrtRoadHeavy
CZ,h0217,0.37892792034026224,scr1987,avaConv,bevFrtRoadHeavy
CZ,h0218,0.3539822128236376,scr1987,avaConv,bevFrtRoadHeavy
CZ,h0219,0.3392348999880248,scr1987,avaConv,bevFrtRoadHeavy
CZ,h0220,0.4708399255888951,scr1987,avaConv,bevFrtRoadHeavy
CZ,h0221,0.5523503103475336,scr1987,avaConv,bevFrtRoadHeavy
CZ,h0222,0.5949932052422389,scr1987,avaConv,bevFrtRoadHeavy
CZ,h0223,0.5985419064586246,scr1987,avaConv,bevFrtRoadHeavy
CZ,h0224,0.5783693864541832,scr1987,avaConv,bevFrtRoadHeavy
CZ,h0225,0.5480731256653382,scr1987,avaConv,bevFrtRoadHeavy
CZ,h0226,0.5283765871767492,scr1987,avaConv,bevFrtRoadHeavy
CZ,h0227,0.5224214589407445,scr1987,avaConv,bevFrtRoadHeavy
CZ,h0228,0.5246963164235332,scr1987,avaConv,bevFrtRoadHeavy
CZ,h0229,0.5182925959839317,scr1987,avaConv,bevFrtRoadHeavy
CZ,h0230,0.4989653477870366,scr1987,avaConv,bevFrtRoadHeavy
CZ,h0231,0.46746737364279056,scr1987,avaConv,bevFrtRoadHeavy
CZ,h0232,0.44087101817369634,scr1987,avaConv,bevFrtRoadHeavy
CZ,h0233,0.4238763077849894,scr1987,avaConv,bevFrtRoadHeavy
CZ,h0234,0.42475104646724215,scr1987,avaConv,bevFrtRoadHeavy
CZ,h0235,0.4319200408132593,scr1987,avaConv,bevFrtRoadHeavy
CZ,h0236,0.43001628361222455,scr1987,avaConv,bevFrtRoadHeavy
CZ,h0237,0.4030413848559151,scr1987,avaConv,bevFrtRoadHeavy
CZ,h0238,0.3378548176581284,scr1987,avaConv,bevFrtRoadHeavy
CZ,h0239,0.2576443964683133,scr1987,avaConv,bevFrtRoadHeavy
CZ,h0240,0.18561534260695556,scr1987,avaConv,bevFrtRoadHeavy
DE,h0193,0.6065778193601488,scr1987,avaConv,bevFrtRoadHeavy
DE,h0194,0.6255791545866285,scr1987,avaConv,bevFrtRoadHeavy
DE,h0195,0.628629875890605,scr1987,avaConv,bevFrtRoadHeavy
DE,h0196,0.6358352094190205,scr1987,avaConv,bevFrtRoadHeavy
DE,h0197,0.622714919590746,scr1987,avaConv,bevFrtRoadHeavy
DE,h0198,0.6023471197695103,scr1987,avaConv,bevFrtRoadHeavy
DE,h0199,0.5704613592836285,scr1987,avaConv,bevFrtRoadHeavy
DE,h0200,0.5425761574553869,scr1987,avaConv,bevFrtRoadHeavy
DE,h0201,0.5152039880210424,scr1987,avaConv,bevFrtRoadHeavy
DE,h0202,0.4934750736579514,scr1987,avaConv,bevFrtRoadHeavy
DE,h0203,0.46898760273088236,scr1987,avaConv,bevFrtRoadHeavy
DE,h0204,0.42525419238352535,scr1987,avaConv,bevFrtRoadHeavy
DE,h0205,0.3668370312020137,scr1987,avaConv,bevFrtRoadHeavy
DE,h0206,0.30213525277940967,scr1987,avaConv,bevFrtRoadHeavy
DE,h0207,0.26965652459547584,scr1987,avaConv,bevFrtRoadHeavy
DE,h0208,0.2769439538699303,scr1987,avaConv,bevFrtRoadHeavy
DE,h0209,0.3158592290306892,scr1987,avaConv,bevFrtRoadHeavy
DE,h0210,0.34706131321315636,scr1987,avaConv,bevFrtRoadHeavy
DE,h0211,0.3550785607311733,scr1987,avaConv,bevFrtRoadHeavy
DE,h0212,0.32775194159953625,scr1987,avaConv,bevFrtRoadHeavy
DE,h0213,0.29558726161756343,scr1987,avaConv,bevFrtRoadHeavy
DE,h0214,0.29294821933071136,scr1987,avaConv,bevFrtRoadHeavy
DE,h0215,0.34255361404001716,scr1987,avaConv,bevFrtRoadHeavy
DE,h0216,0.42542744194510496,scr1987,avaConv,bevFrtRoadHeavy
DE,h0217,0.37892792034026224,scr1987,avaConv,bevFrtRoadHeavy
DE,h0218,0.3539822128236376,scr1987,avaConv,bevFrtRoadHeavy
DE,h0219,0.3392348999880248,scr1987,avaConv,bevFrtRoadHeavy
DE,h0220,0.4708399255888951,scr1987,avaConv,bevFrtRoadHeavy
DE,h0221,0.5523503103475336,scr1987,avaConv,bevFrtRoadHeavy
DE,h0222,0.5949932052422389,scr1987,avaConv,bevFrtRoadHeavy
DE,h0223,0.5985419064586246,scr1987,avaConv,bevFrtRoadHeavy
DE,h0224,0.5783693864541832,scr1987,avaConv,bevFrtRoadHeavy
DE,h0225,0.5480731256653382,scr1987,avaConv,bevFrtRoadHeavy
DE,h0226,0.5283765871767487,scr1987,avaConv,bevFrtRoadHeavy
DE,h0227,0.5224214589407441,scr1987,avaConv,bevFrtRoadHeavy
DE,h0228,0.5246963164235332,scr1987,avaConv,bevFrtRoadHeavy
DE,h0229,0.5182925959839313,scr1987,avaConv,bevFrtRoadHeavy
DE,h0230,0.4989653477870366,scr1987,avaConv,bevFrtRoadHeavy
DE,h0231,0.46746737364279056,scr1987,avaConv,bevFrtRoadHeavy
DE,h0232,0.44087101817369634,scr1987,avaConv,bevFrtRoadHeavy
DE,h0233,0.4238763077849894,scr1987,avaConv,bevFrtRoadHeavy
DE,h0234,0.42475104646724215,scr1987,avaConv,bevFrtRoadHeavy
DE,h0235,0.43192004081325974,scr1987,avaConv,bevFrtRoadHeavy
DE,h0236,0.43001628361222455,scr1987,avaConv,bevFrtRoadHeavy
DE,h0237,0.4030413848559151,scr1987,avaConv,bevFrtRoadHeavy
DE,h0238,0.3378548176581284,scr1987,avaConv,bevFrtRoadHeavy
DE,h0239,0.2576443964683133,scr1987,avaConv,bevFrtRoadHeavy
DE,h0240,0.185615342606956,scr1987,avaConv,bevFrtRoadHeavy
GR,h0193,0.6065778193601488,scr1987,avaConv,bevFrtRoadHeavy
GR,h0194,0.6255791545866285,scr1987,avaConv,bevFrtRoadHeavy
GR,h0195,0.628629875890605,scr1987,avaConv,bevFrtRoadHeavy
GR,h0196,0.6358352094190205,scr1987,avaConv,bevFrtRoadHeavy
GR,h0197,0.622714919590746,scr1987,avaConv,bevFrtRoadHeavy
GR,h0198,0.6023471197695103,scr1987,avaConv,bevFrtRoadHeavy
GR,h0199,0.5704613592836285,scr1987,avaConv,bevFrtRoadHeavy
GR,h0200,0.5425761574553869,scr1987,avaConv,bevFrtRoadHeavy
GR,h0201,0.5152039880210424,scr1987,avaConv,bevFrtRoadHeavy
GR,h0202,0.4934750736579514,scr1987,avaConv,bevFrtRoadHeavy
GR,h0203,0.46898760273088236,scr1987,avaConv,bevFrtRoadHeavy
GR,h0204,0.42525419238352535,scr1987,avaConv,bevFrtRoadHeavy
GR,h0205,0.3668370312020137,scr1987,avaConv,bevFrtRoadHeavy
GR,h0206,0.30213525277940967,scr1987,avaConv,bevFrtRoadHeavy
GR,h0207,0.26965652459547584,scr1987,avaConv,bevFrtRoadHeavy
GR,h0208,0.2769439538699303,scr1987,avaConv,bevFrtRoadHeavy
GR,h0209,0.3158592290306892,scr1987,avaConv,bevFrtRoadHeavy
GR,h0210,0.34706131321315636,scr1987,avaConv,bevFrtRoadHeavy
GR,h0211,0.3550785607311733,scr1987,avaConv,bevFrtRoadHeavy
GR,h0212,0.32775194159953625,scr1987,avaConv,bevFrtRoadHeavy
GR,h0213,0.29558726161756343,scr1987,avaConv,bevFrtRoadHeavy
GR,h0214,0.29294821933071136,scr1987,avaConv,bevFrtRoadHeavy
GR,h0215,0.34255361404001716,scr1987,avaConv,bevFrtRoadHeavy
GR,h0216,0.42542744194510496,scr1987,avaConv,bevFrtRoadHeavy
GR,h0217,0.37892792034026224,scr1987,avaConv,bevFrtRoadHeavy
GR,h0218,0.3539822128236376,scr1987,avaConv,bevFrtRoadHeavy
GR,h0219,0.3392348999880248,scr1987,avaConv,bevFrtRoadHeavy
GR,h0220,0.4708399255888951,scr1987,avaConv,bevFrtRoadHeavy
GR,h0221,0.5523503103475336,scr1987,avaConv,bevFrtRoadHeavy
GR,h0222,0.5949932052422389,scr1987,avaConv,bevFrtRoadHeavy
GR,h0223,0.5985419064586246,scr1987,avaConv,bevFrtRoadHeavy
GR,h0224,0.5783693864541832,scr1987,avaConv,bevFrtRoadHeavy
GR,h0225,0.5480731256653382,scr1987,avaConv,bevFrtRoadHeavy
GR,h0226,0.5283765871767492,scr1987,avaConv,bevFrtRoadHeavy
GR,h0227,0.5224214589407445,scr1987,avaConv,bevFrtRoadHeavy
GR,h0228,0.5246963164235332,scr1987,avaConv,bevFrtRoadHeavy
GR,h0229,0.5182925959839317,scr1987,avaConv,bevFrtRoadHeavy
GR,h0230,0.4989653477870366,scr1987,avaConv,bevFrtRoadHeavy
GR,h0231,0.46746737364279056,scr1987,avaConv,bevFrtRoadHeavy
GR,h0232,0.44087101817369634,scr1987,avaConv,bevFrtRoadHeavy
GR,h0233,0.4238763077849894,scr1987,avaConv,bevFrtRoadHeavy
GR,h0234,0.42475104646724215,scr1987,avaConv,bevFrtRoadHeavy
GR,h0235,0.4319200408132593,scr1987,avaConv,bevFrtRoadHeavy
GR,h0236,0.43001628361222455,scr1987,avaConv,bevFrtRoadHeavy
GR,h0237,0.4030413848559151,scr1987,avaConv,bevFrtRoadHeavy
GR,h0238,0.3378548176581284,scr1987,avaConv,bevFrtRoadHeavy
GR,h0239,0.2576443964683133,scr1987,avaConv,bevFrtRoadHeavy
GR,h0240,0.18561534260695556,scr1987,avaConv,bevFrtRoadHeavy
ES,h0193,0.6065778193601488,scr1987,avaConv,bevFrtRoadHeavy
ES,h0194,0.6255791545866285,scr1987,avaConv,bevFrtRoadHeavy
ES,h0195,0.628629875890605,scr1987,avaConv,bevFrtRoadHeavy
ES,h0196,0.6358352094190205,scr1987,avaConv,bevFrtRoadHeavy
ES,h0197,0.622714919590746,scr1987,avaConv,bevFrtRoadHeavy
ES,h0198,0.6023471197695103,scr1987,avaConv,bevFrtRoadHeavy
ES,h0199,0.5704613592836285,scr1987,avaConv,bevFrtRoadHeavy
ES,h0200,0.5425761574553869,scr1987,avaConv,bevFrtRoadHeavy
ES,h0201,0.5152039880210424,scr1987,avaConv,bevFrtRoadHeavy
ES,h0202,0.4934750736579514,scr1987,avaConv,bevFrtRoadHeavy
ES,h0203,0.46898760273088236,scr1987,avaConv,bevFrtRoadHeavy
ES,h0204,0.42525419238352535,scr1987,avaConv,bevFrtRoadHeavy
ES,h0205,0.3668370312020137,scr1987,avaConv,bevFrtRoadHeavy
ES,h0206,0.3021352527794092,scr1987,avaConv,bevFrtRoadHeavy
ES,h0207,0.26965652459547584,scr1987,avaConv,bevFrtRoadHeavy
ES,h0208,0.2769439538699303,scr1987,avaConv,bevFrtRoadHeavy
ES,h0209,0.3158592290306892,scr1987,avaConv,bevFrtRoadHeavy
ES,h0210,0.34706131321315636,scr1987,avaConv,bevFrtRoadHeavy
ES,h0211,0.3550785607311733,scr1987,avaConv,bevFrtRoadHeavy
ES,h0212,0.32775194159953625,scr1987,avaConv,bevFrtRoadHeavy
ES,h0213,0.29558726161756343,scr1987,avaConv,bevFrtRoadHeavy
ES,h0214,0.29294821933071136,scr1987,avaConv,bevFrtRoadHeavy
ES,h0215,0.34255361404001716,scr1987,avaConv,bevFrtRoadHeavy
ES,h0216,0.42542744194510496,scr1987,avaConv,bevFrtRoadHeavy
ES,h0217,0.37892792034026224,scr1987,avaConv,bevFrtRoadHeavy
ES,h0218,0.3539822128236376,scr1987,avaConv,bevFrtRoadHeavy
ES,h0219,0.3392348999880248,scr1987,avaConv,bevFrtRoadHeavy
ES,h0220,0.4708399255888951,scr1987,avaConv,bevFrtRoadHeavy
ES,h0221,0.5523503103475336,scr1987,avaConv,bevFrtRoadHeavy
ES,h0222,0.5949932052422389,scr1987,avaConv,bevFrtRoadHeavy
ES,h0223,0.5985419064586246,scr1987,avaConv,bevFrtRoadHeavy
ES,h0224,0.5783693864541832,scr1987,avaConv,bevFrtRoadHeavy
ES,h0225,0.5480731256653382,scr1987,avaConv,bevFrtRoadHeavy
ES,h0226,0.5283765871767492,scr1987,avaConv,bevFrtRoadHeavy
ES,h0227,0.5224214589407441,scr1987,avaConv,bevFrtRoadHeavy
ES,h0228,0.5246963164235332,scr1987,avaConv,bevFrtRoadHeavy
ES,h0229,0.5182925959839317,scr1987,avaConv,bevFrtRoadHeavy
ES,h0230,0.4989653477870366,scr1987,avaConv,bevFrtRoadHeavy
ES,h0231,0.46746737364279056,scr1987,avaConv,bevFrtRoadHeavy
ES,h0232,0.44087101817369634,scr1987,avaConv,bevFrtRoadHeavy
ES,h0233,0.4238763077849894,scr1987,avaConv,bevFrtRoadHeavy
ES,h0234,0.42475104646724215,scr1987,avaConv,bevFrtRoadHeavy
ES,h0235,0.43192004081325974,scr1987,avaConv,bevFrtRoadHeavy
ES,h0236,0.43001628361222455,scr1987,avaConv,bevFrtRoadHeavy
ES,h0237,0.4030413848559151,scr1987,avaConv,bevFrtRoadHeavy
ES,h0238,0.3378548176581284,scr1987,avaConv,bevFrtRoadHeavy
ES,h0239,0.2576443964683133,scr1987,avaConv,bevFrtRoadHeavy
ES,h0240,0.185615342606956,scr1987,avaConv,bevFrtRoadHeavy
DK,h0193,0.6065778193601488,scr1987,avaConv,bevFrtRoadHeavy
DK,h0194,0.6255791545866285,scr1987,avaConv,bevFrtRoadHeavy
DK,h0195,0.628629875890605,scr1987,avaConv,bevFrtRoadHeavy
DK,h0196,0.6358352094190205,scr1987,avaConv,bevFrtRoadHeavy
DK,h0197,0.622714919590746,scr1987,avaConv,bevFrtRoadHeavy
DK,h0198,0.6023471197695103,scr1987,avaConv,bevFrtRoadHeavy
DK,h0199,0.5704613592836285,scr1987,avaConv,bevFrtRoadHeavy
DK,h0200,0.5425761574553869,scr1987,avaConv,bevFrtRoadHeavy
DK,h0201,0.5152039880210424,scr1987,avaConv,bevFrtRoadHeavy
DK,h0202,0.4934750736579514,scr1987,avaConv,bevFrtRoadHeavy
DK,h0203,0.46898760273088236,scr1987,avaConv,bevFrtRoadHeavy
DK,h0204,0.42525419238352535,scr1987,avaConv,bevFrtRoadHeavy
DK,h0205,0.3668370312020137,scr1987,avaConv,bevFrtRoadHeavy
DK,h0206,0.30213525277940967,scr1987,avaConv,bevFrtRoadHeavy
DK,h0207,0.26965652459547584,scr1987,avaConv,bevFrtRoadHeavy
DK,h0208,0.2769439538699303,scr1987,avaConv,bevFrtRoadHeavy
DK,h0209,0.3158592290306892,scr1987,avaConv,bevFrtRoadHeavy
DK,h0210,0.34706131321315636,scr1987,avaConv,bevFrtRoadHeavy
DK,h0211,0.3550785607311733,scr1987,avaConv,bevFrtRoadHeavy
DK,h0212,0.32775194159953625,scr1987,avaConv,bevFrtRoadHeavy
DK,h0213,0.29558726161756343,scr1987,avaConv,bevFrtRoadHeavy
DK,h0214,0.29294821933071136,scr1987,avaConv,bevFrtRoadHeavy
DK,h0215,0.34255361404001716,scr1987,avaConv,bevFrtRoadHeavy
DK,h0216,0.42542744194510496,scr1987,avaConv,bevFrtRoadHeavy
DK,h0217,0.37892792034026224,scr1987,avaConv,bevFrtRoadHeavy
DK,h0218,0.3539822128236376,scr1987,avaConv,bevFrtRoadHeavy
DK,h0219,0.3392348999880248,scr1987,avaConv,bevFrtRoadHeavy
DK,h0220,0.4708399255888951,scr1987,avaConv,bevFrtRoadHeavy
DK,h0221,0.5523503103475336,scr1987,avaConv,bevFrtRoadHeavy
DK,h0222,0.5949932052422389,scr1987,avaConv,bevFrtRoadHeavy
DK,h0223,0.5985419064586246,scr1987,avaConv,bevFrtRoadHeavy
DK,h0224,0.5783693864541832,scr1987,avaConv,bevFrtRoadHeavy
DK,h0225,0.5480731256653382,scr1987,avaConv,bevFrtRoadHeavy
DK,h0226,0.5283765871767492,scr1987,avaConv,bevFrtRoadHeavy
DK,h0227,0.5224214589407445,scr1987,avaConv,bevFrtRoadHeavy
DK,h0228,0.5246963164235332,scr1987,avaConv,bevFrtRoadHeavy
DK,h0229,0.5182925959839317,scr1987,avaConv,bevFrtRoadHeavy
DK,h0230,0.4989653477870366,scr1987,avaConv,bevFrtRoadHeavy
DK,h0231,0.46746737364279056,scr1987,avaConv,bevFrtRoadHeavy
DK,h0232,0.44087101817369634,scr1987,avaConv,bevFrtRoadHeavy
DK,h0233,0.4238763077849894,scr1987,avaConv,bevFrtRoadHeavy
DK,h0234,0.42475104646724215,scr1987,avaConv,bevFrtRoadHeavy
DK,h0235,0.4319200408132593,scr1987,avaConv,bevFrtRoadHeavy
DK,h0236,0.43001628361222455,scr1987,avaConv,bevFrtRoadHeavy
DK,h0237,0.4030413848559151,scr1987,avaConv,bevFrtRoadHeavy
DK,h0238,0.3378548176581284,scr1987,avaConv,bevFrtRoadHeavy
DK,h0239,0.2576443964683133,scr1987,avaConv,bevFrtRoadHeavy
DK,h0240,0.18561534260695556,scr1987,avaConv,bevFrtRoadHeavy
EE,h0193,0.6065778193601488,scr1987,avaConv,bevFrtRoadHeavy
EE,h0194,0.6255791545866285,scr1987,avaConv,bevFrtRoadHeavy
EE,h0195,0.628629875890605,scr1987,avaConv,bevFrtRoadHeavy
EE,h0196,0.6358352094190205,scr1987,avaConv,bevFrtRoadHeavy
EE,h0197,0.622714919590746,scr1987,avaConv,bevFrtRoadHeavy
EE,h0198,0.6023471197695103,scr1987,avaConv,bevFrtRoadHeavy
EE,h0199,0.5704613592836285,scr1987,avaConv,bevFrtRoadHeavy
EE,h0200,0.5425761574553869,scr1987,avaConv,bevFrtRoadHeavy
EE,h0201,0.5152039880210424,scr1987,avaConv,bevFrtRoadHeavy
EE,h0202,0.4934750736579514,scr1987,avaConv,bevFrtRoadHeavy
EE,h0203,0.46898760273088236,scr1987,avaConv,bevFrtRoadHeavy
EE,h0204,0.42525419238352535,scr1987,avaConv,bevFrtRoadHeavy
EE,h0205,0.3668370312020137,scr1987,avaConv,bevFrtRoadHeavy
EE,h0206,0.30213525277940967,scr1987,avaConv,bevFrtRoadHeavy
EE,h0207,0.26965652459547584,scr1987,avaConv,bevFrtRoadHeavy
EE,h0208,0.2769439538699303,scr1987,avaConv,bevFrtRoadHeavy
EE,h0209,0.3158592290306892,scr1987,avaConv,bevFrtRoadHeavy
EE,h0210,0.34706131321315636,scr1987,avaConv,bevFrtRoadHeavy
EE,h0211,0.3550785607311733,scr1987,avaConv,bevFrtRoadHeavy
EE,h0212,0.32775194159953625,scr1987,avaConv,bevFrtRoadHeavy
EE,h0213,0.29558726161756343,scr1987,avaConv,bevFrtRoadHeavy
EE,h0214,0.29294821933071136,scr1987,avaConv,bevFrtRoadHeavy
EE,h0215,0.34255361404001716,scr1987,avaConv,bevFrtRoadHeavy
EE,h0216,0.42542744194510496,scr1987,avaConv,bevFrtRoadHeavy
EE,h0217,0.37892792034026224,scr1987,avaConv,bevFrtRoadHeavy
EE,h0218,0.3539822128236376,scr1987,avaConv,bevFrtRoadHeavy
EE,h0219,0.3392348999880248,scr1987,avaConv,bevFrtRoadHeavy
EE,h0220,0.4708399255888951,scr1987,avaConv,bevFrtRoadHeavy
EE,h0221,0.5523503103475336,scr1987,avaConv,bevFrtRoadHeavy
EE,h0222,0.5949932052422389,scr1987,avaConv,bevFrtRoadHeavy
EE,h0223,0.5985419064586246,scr1987,avaConv,bevFrtRoadHeavy
EE,h0224,0.5783693864541832,scr1987,avaConv,bevFrtRoadHeavy
EE,h0225,0.5480731256653382,scr1987,avaConv,bevFrtRoadHeavy
EE,h0226,0.5283765871767492,scr1987,avaConv,bevFrtRoadHeavy
EE,h0227,0.5224214589407445,scr1987,avaConv,bevFrtRoadHeavy
EE,h0228,0.5246963164235332,scr1987,avaConv,bevFrtRoadHeavy
EE,h0229,0.5182925959839317,scr1987,avaConv,bevFrtRoadHeavy
EE,h0230,0.4989653477870366,scr1987,avaConv,bevFrtRoadHeavy
EE,h0231,0.46746737364279056,scr1987,avaConv,bevFrtRoadHeavy
EE,h0232,0.44087101817369634,scr1987,avaConv,bevFrtRoadHeavy
EE,h0233,0.4238763077849894,scr1987,avaConv,bevFrtRoadHeavy
EE,h0234,0.42475104646724215,scr1987,avaConv,bevFrtRoadHeavy
EE,h0235,0.4319200408132593,scr1987,avaConv,bevFrtRoadHeavy
EE,h0236,0.43001628361222455,scr1987,avaConv,bevFrtRoadHeavy
EE,h0237,0.4030413848559151,scr1987,avaConv,bevFrtRoadHeavy
EE,h0238,0.3378548176581284,scr1987,avaConv,bevFrtRoadHeavy
EE,h0239,0.2576443964683133,scr1987,avaConv,bevFrtRoadHeavy
EE,h0240,0.18561534260695556,scr1987,avaConv,bevFrtRoadHeavy
FI,h0193,0.6065778193601488,scr1987,avaConv,bevFrtRoadHeavy
FI,h0194,0.6255791545866285,scr1987,avaConv,bevFrtRoadHeavy
FI,h0195,0.628629875890605,scr1987,avaConv,bevFrtRoadHeavy
FI,h0196,0.6358352094190205,scr1987,avaConv,bevFrtRoadHeavy
FI,h0197,0.622714919590746,scr1987,avaConv,bevFrtRoadHeavy
FI,h0198,0.6023471197695103,scr1987,avaConv,bevFrtRoadHeavy
FI,h0199,0.5704613592836285,scr1987,avaConv,bevFrtRoadHeavy
FI,h0200,0.5425761574553869,scr1987,avaConv,bevFrtRoadHeavy
FI,h0201,0.5152039880210424,scr1987,avaConv,bevFrtRoadHeavy
FI,h0202,0.4934750736579514,scr1987,avaConv,bevFrtRoadHeavy
FI,h0203,0.46898760273088236,scr1987,avaConv,bevFrtRoadHeavy
FI,h0204,0.42525419238352535,scr1987,avaConv,bevFrtRoadHeavy
FI,h0205,0.3668370312020137,scr1987,avaConv,bevFrtRoadHeavy
FI,h0206,0.30213525277940967,scr1987,avaConv,bevFrtRoadHeavy
FI,h0207,0.26965652459547584,scr1987,avaConv,bevFrtRoadHeavy
FI,h0208,0.2769439538699303,scr1987,avaConv,bevFrtRoadHeavy
FI,h0209,0.3158592290306892,scr1987,avaConv,bevFrtRoadHeavy
FI,h0210,0.34706131321315636,scr1987,avaConv,bevFrtRoadHeavy
FI,h0211,0.3550785607311733,scr1987,avaConv,bevFrtRoadHeavy
FI,h0212,0.32775194159953625,scr1987,avaConv,bevFrtRoadHeavy
FI,h0213,0.29558726161756343,scr1987,avaConv,bevFrtRoadHeavy
FI,h0214,0.29294821933071136,scr1987,avaConv,bevFrtRoadHeavy
FI,h0215,0.34255361404001716,scr1987,avaConv,bevFrtRoadHeavy
FI,h0216,0.42542744194510496,scr1987,avaConv,bevFrtRoadHeavy
FI,h0217,0.37892792034026224,scr1987,avaConv,bevFrtRoadHeavy
FI,h0218,0.3539822128236376,scr1987,avaConv,bevFrtRoadHeavy
FI,h0219,0.3392348999880248,scr1987,avaConv,bevFrtRoadHeavy
FI,h0220,0.4708399255888951,scr1987,avaConv,bevFrtRoadHeavy
FI,h0221,0.5523503103475336,scr1987,avaConv,bevFrtRoadHeavy
FI,h0222,0.5949932052422389,scr1987,avaConv,bevFrtRoadHeavy
FI,h0223,0.5985419064586246,scr1987,avaConv,bevFrtRoadHeavy
FI,h0224,0.5783693864541832,scr1987,avaConv,bevFrtRoadHeavy
FI,h0225,0.5480731256653382,scr1987,avaConv,bevFrtRoadHeavy
FI,h0226,0.5283765871767492,scr1987,avaConv,bevFrtRoadHeavy
FI,h0227,0.5224214589407445,scr1987,avaConv,bevFrtRoadHeavy
FI,h0228,0.5246963164235332,scr1987,avaConv,bevFrtRoadHeavy
FI,h0229,0.5182925959839317,scr1987,avaConv,bevFrtRoadHeavy
FI,h0230,0.4989653477870366,scr1987,avaConv,bevFrtRoadHeavy
FI,h0231,0.46746737364279056,scr1987,avaConv,bevFrtRoadHeavy
FI,h0232,0.44087101817369634,scr1987,avaConv,bevFrtRoadHeavy
FI,h0233,0.4238763077849894,scr1987,avaConv,bevFrtRoadHeavy
FI,h0234,0.42475104646724215,scr1987,avaConv,bevFrtRoadHeavy
FI,h0235,0.4319200408132593,scr1987,avaConv,bevFrtRoadHeavy
FI,h0236,0.43001628361222455,scr1987,avaConv,bevFrtRoadHeavy
FI,h0237,0.4030413848559151,scr1987,avaConv,bevFrtRoadHeavy
FI,h0238,0.3378548176581284,scr1987,avaConv,bevFrtRoadHeavy
FI,h0239,0.2576443964683133,scr1987,avaConv,bevFrtRoadHeavy
FI,h0240,0.18561534260695556,scr1987,avaConv,bevFrtRoadHeavy
FR,h0193,0.6065778193601488,scr1987,avaConv,bevFrtRoadHeavy
FR,h0194,0.6255791545866285,scr1987,avaConv,bevFrtRoadHeavy
FR,h0195,0.628629875890605,scr1987,avaConv,bevFrtRoadHeavy
FR,h0196,0.6358352094190205,scr1987,avaConv,bevFrtRoadHeavy
FR,h0197,0.622714919590746,scr1987,avaConv,bevFrtRoadHeavy
FR,h0198,0.6023471197695103,scr1987,avaConv,bevFrtRoadHeavy
FR,h0199,0.5704613592836285,scr1987,avaConv,bevFrtRoadHeavy
FR,h0200,0.5425761574553869,scr1987,avaConv,bevFrtRoadHeavy
FR,h0201,0.5152039880210424,scr1987,avaConv,bevFrtRoadHeavy
FR,h0202,0.4934750736579514,scr1987,avaConv,bevFrtRoadHeavy
FR,h0203,0.46898760273088236,scr1987,avaConv,bevFrtRoadHeavy
FR,h0204,0.42525419238352535,scr1987,avaConv,bevFrtRoadHeavy
FR,h0205,0.3668370312020133,scr1987,avaConv,bevFrtRoadHeavy
FR,h0206,0.30213525277940967,scr1987,avaConv,bevFrtRoadHeavy
FR,h0207,0.2696565245954754,scr1987,avaConv,bevFrtRoadHeavy
FR,h0208,0.2769439538699303,scr1987,avaConv,bevFrtRoadHeavy
FR,h0209,0.3158592290306892,scr1987,avaConv,bevFrtRoadHeavy
FR,h0210,0.3470613132131568,scr1987,avaConv,bevFrtRoadHeavy
FR,h0211,0.3550785607311733,scr1987,avaConv,bevFrtRoadHeavy
FR,h0212,0.32775194159953625,scr1987,avaConv,bevFrtRoadHeavy
FR,h0213,0.29558726161756343,scr1987,avaConv,bevFrtRoadHeavy
FR,h0214,0.29294821933071136,scr1987,avaConv,bevFrtRoadHeavy
FR,h0215,0.34255361404001716,scr1987,avaConv,bevFrtRoadHeavy
FR,h0216,0.42542744194510496,scr1987,avaConv,bevFrtRoadHeavy
FR,h0217,0.37892792034026224,scr1987,avaConv,bevFrtRoadHeavy
FR,h0218,0.3539822128236376,scr1987,avaConv,bevFrtRoadHeavy
FR,h0219,0.3392348999880248,scr1987,avaConv,bevFrtRoadHeavy
FR,h0220,0.4708399255888951,scr1987,avaConv,bevFrtRoadHeavy
FR,h0221,0.5523503103475336,scr1987,avaConv,bevFrtRoadHeavy
FR,h0222,0.5949932052422389,scr1987,avaConv,bevFrtRoadHeavy
FR,h0223,0.5985419064586246,scr1987,avaConv,bevFrtRoadHeavy
FR,h0224,0.5783693864541832,scr1987,avaConv,bevFrtRoadHeavy
FR,h0225,0.5480731256653382,scr1987,avaConv,bevFrtRoadHeavy
FR,h0226,0.5283765871767492,scr1987,avaConv,bevFrtRoadHeavy
FR,h0227,0.5224214589407441,scr1987,avaConv,bevFrtRoadHeavy
FR,h0228,0.5246963164235332,scr1987,avaConv,bevFrtRoadHeavy
FR,h0229,0.5182925959839317,scr1987,avaConv,bevFrtRoadHeavy
FR,h0230,0.49896534778703705,scr1987,avaConv,bevFrtRoadHeavy
FR,h0231,0.46746737364279056,scr1987,avaConv,bevFrtRoadHeavy
FR,h0232,0.44087101817369634,scr1987,avaConv,bevFrtRoadHeavy
FR,h0233,0.4238763077849894,scr1987,avaConv,bevFrtRoadHeavy
FR,h0234,0.42475104646724215,scr1987,avaConv,bevFrtRoadHeavy
FR,h0235,0.43192004081325974,scr1987,avaConv,bevFrtRoadHeavy
FR,h0236,0.43001628361222455,scr1987,avaConv,bevFrtRoadHeavy
FR,h0237,0.4030413848559151,scr1987,avaConv,bevFrtRoadHeavy
FR,h0238,0.3378548176581284,scr1987,avaConv,bevFrtRoadHeavy
FR,h0239,0.2576443964683133,scr1987,avaConv,bevFrtRoadHeavy
FR,h0240,0.185615342606956,scr1987,avaConv,bevFrtRoadHeavy
IT,h0193,0.6065778193601488,scr1987,avaConv,bevFrtRoadHeavy
IT,h0194,0.6255791545866285,scr1987,avaConv,bevFrtRoadHeavy
IT,h0195,0.628629875890605,scr1987,avaConv,bevFrtRoadHeavy
IT,h0196,0.6358352094190205,scr1987,avaConv,bevFrtRoadHeavy
IT,h0197,0.622714919590746,scr1987,avaConv,bevFrtRoadHeavy
IT,h0198,0.6023471197695103,scr1987,avaConv,bevFrtRoadHeavy
IT,h0199,0.5704613592836285,scr1987,avaConv,bevFrtRoadHeavy
IT,h0200,0.5425761574553869,scr1987,avaConv,bevFrtRoadHeavy
IT,h0201,0.5152039880210424,scr1987,avaConv,bevFrtRoadHeavy
IT,h0202,0.4934750736579514,scr1987,avaConv,bevFrtRoadHeavy
IT,h0203,0.46898760273088236,scr1987,avaConv,bevFrtRoadHeavy
IT,h0204,0.42525419238352535,scr1987,avaConv,bevFrtRoadHeavy
IT,h0205,0.3668370312020137,scr1987,avaConv,bevFrtRoadHeavy
IT,h0206,0.30213525277940967,scr1987,avaConv,bevFrtRoadHeavy
IT,h0207,0.26965652459547584,scr1987,avaConv,bevFrtRoadHeavy
IT,h0208,0.2769439538699303,scr1987,avaConv,bevFrtRoadHeavy
IT,h0209,0.3158592290306892,scr1987,avaConv,bevFrtRoadHeavy
IT,h0210,0.34706131321315636,scr1987,avaConv,bevFrtRoadHeavy
IT,h0211,0.3550785607311733,scr1987,avaConv,bevFrtRoadHeavy
IT,h0212,0.32775194159953625,scr1987,avaConv,bevFrtRoadHeavy
IT,h0213,0.29558726161756343,scr1987,avaConv,bevFrtRoadHeavy
IT,h0214,0.29294821933071136,scr1987,avaConv,bevFrtRoadHeavy
IT,h0215,0.34255361404001716,scr1987,avaConv,bevFrtRoadHeavy
IT,h0216,0.42542744194510496,scr1987,avaConv,bevFrtRoadHeavy
IT,h0217,0.37892792034026224,scr1987,avaConv,bevFrtRoadHeavy
IT,h0218,0.3539822128236376,scr1987,avaConv,bevFrtRoadHeavy
IT,h0219,0.3392348999880248,scr1987,avaConv,bevFrtRoadHeavy
IT,h0220,0.4708399255888951,scr1987,avaConv,bevFrtRoadHeavy
IT,h0221,0.5523503103475336,scr1987,avaConv,bevFrtRoadHeavy
IT,h0222,0.5949932052422389,scr1987,avaConv,bevFrtRoadHeavy
IT,h0223,0.5985419064586246,scr1987,avaConv,bevFrtRoadHeavy
IT,h0224,0.5783693864541832,scr1987,avaConv,bevFrtRoadHeavy
IT,h0225,0.5480731256653382,scr1987,avaConv,bevFrtRoadHeavy
IT,h0226,0.5283765871767487,scr1987,avaConv,bevFrtRoadHeavy
IT,h0227,0.5224214589407441,scr1987,avaConv,bevFrtRoadHeavy
IT,h0228,0.5246963164235332,scr1987,avaConv,bevFrtRoadHeavy
IT,h0229,0.5182925959839313,scr1987,avaConv,bevFrtRoadHeavy
IT,h0230,0.4989653477870366,scr1987,avaConv,bevFrtRoadHeavy
IT,h0231,0.46746737364279056,scr1987,avaConv,bevFrtRoadHeavy
IT,h0232,0.44087101817369634,scr1987,avaConv,bevFrtRoadHeavy
IT,h0233,0.4238763077849894,scr1987,avaConv,bevFrtRoadHeavy
IT,h0234,0.42475104646724215,scr1987,avaConv,bevFrtRoadHeavy
IT,h0235,0.43192004081325974,scr1987,avaConv,bevFrtRoadHeavy
IT,h0236,0.43001628361222455,scr1987,avaConv,bevFrtRoadHeavy
IT,h0237,0.4030413848559151,scr1987,avaConv,bevFrtRoadHeavy
IT,h0238,0.3378548176581284,scr1987,avaConv,bevFrtRoadHeavy
IT,h0239,0.2576443964683133,scr1987,avaConv,bevFrtRoadHeavy
IT,h0240,0.185615342606956,scr1987,avaConv,bevFrtRoadHeavy
NL,h0193,0.6065778193601488,scr1987,avaConv,bevFrtRoadHeavy
NL,h0194,0.6255791545866285,scr1987,avaConv,bevFrtRoadHeavy
NL,h0195,0.628629875890605,scr1987,avaConv,bevFrtRoadHeavy
NL,h0196,0.6358352094190205,scr1987,avaConv,bevFrtRoadHeavy
NL,h0197,0.622714919590746,scr1987,avaConv,bevFrtRoadHeavy
NL,h0198,0.6023471197695103,scr1987,avaConv,bevFrtRoadHeavy
NL,h0199,0.5704613592836285,scr1987,avaConv,bevFrtRoadHeavy
NL,h0200,0.5425761574553869,scr1987,avaConv,bevFrtRoadHeavy
NL,h0201,0.5152039880210424,scr1987,avaConv,bevFrtRoadHeavy
NL,h0202,0.4934750736579514,scr1987,avaConv,bevFrtRoadHeavy
NL,h0203,0.46898760273088236,scr1987,avaConv,bevFrtRoadHeavy
NL,h0204,0.42525419238352535,scr1987,avaConv,bevFrtRoadHeavy
NL,h0205,0.3668370312020137,scr1987,avaConv,bevFrtRoadHeavy
NL,h0206,0.30213525277940967,scr1987,avaConv,bevFrtRoadHeavy
NL,h0207,0.26965652459547584,scr1987,avaConv,bevFrtRoadHeavy
NL,h0208,0.2769439538699303,scr1987,avaConv,bevFrtRoadHeavy
NL,h0209,0.3158592290306892,scr1987,avaConv,bevFrtRoadHeavy
NL,h0210,0.34706131321315636,scr1987,avaConv,bevFrtRoadHeavy
NL,h0211,0.3550785607311733,scr1987,avaConv,bevFrtRoadHeavy
NL,h0212,0.32775194159953625,scr1987,avaConv,bevFrtRoadHeavy
NL,h0213,0.29558726161756343,scr1987,avaConv,bevFrtRoadHeavy
NL,h0214,0.29294821933071136,scr1987,avaConv,bevFrtRoadHeavy
NL,h0215,0.34255361404001716,scr1987,avaConv,bevFrtRoadHeavy
NL,h0216,0.42542744194510496,scr1987,avaConv,bevFrtRoadHeavy
NL,h0217,0.37892792034026224,scr1987,avaConv,bevFrtRoadHeavy
NL,h0218,0.3539822128236376,scr1987,avaConv,bevFrtRoadHeavy
NL,h0219,0.3392348999880248,scr1987,avaConv,bevFrtRoadHeavy
NL,h0220,0.4708399255888951,scr1987,avaConv,bevFrtRoadHeavy
NL,h0221,0.5523503103475336,scr1987,avaConv,bevFrtRoadHeavy
NL,h0222,0.5949932052422389,scr1987,avaConv,bevFrtRoadHeavy
NL,h0223,0.5985419064586246,scr1987,avaConv,bevFrtRoadHeavy
NL,h0224,0.5783693864541832,scr1987,avaConv,bevFrtRoadHeavy
NL,h0225,0.5480731256653382,scr1987,avaConv,bevFrtRoadHeavy
NL,h0226,0.5283765871767492,scr1987,avaConv,bevFrtRoadHeavy
NL,h0227,0.5224214589407445,scr1987,avaConv,bevFrtRoadHeavy
NL,h0228,0.5246963164235332,scr1987,avaConv,bevFrtRoadHeavy
NL,h0229,0.5182925959839317,scr1987,avaConv,bevFrtRoadHeavy
NL,h0230,0.4989653477870366,scr1987,avaConv,bevFrtRoadHeavy
NL,h0231,0.46746737364279056,scr1987,avaConv,bevFrtRoadHeavy
NL,h0232,0.44087101817369634,scr1987,avaConv,bevFrtRoadHeavy
NL,h0233,0.4238763077849894,scr1987,avaConv,bevFrtRoadHeavy
NL,h0234,0.42475104646724215,scr1987,avaConv,bevFrtRoadHeavy
NL,h0235,0.4319200408132593,scr1987,avaConv,bevFrtRoadHeavy
NL,h0236,0.43001628361222455,scr1987,avaConv,bevFrtRoadHeavy
NL,h0237,0.4030413848559151,scr1987,avaConv,bevFrtRoadHeavy
NL,h0238,0.3378548176581284,scr1987,avaConv,bevFrtRoadHeavy
NL,h0239,0.2576443964683133,scr1987,avaConv,bevFrtRoadHeavy
NL,h0240,0.18561534260695556,scr1987,avaConv,bevFrtRoadHeavy
IE,h0193,0.6065778193601488,scr1987,avaConv,bevFrtRoadHeavy
IE,h0194,0.6255791545866285,scr1987,avaConv,bevFrtRoadHeavy
IE,h0195,0.628629875890605,scr1987,avaConv,bevFrtRoadHeavy
IE,h0196,0.6358352094190205,scr1987,avaConv,bevFrtRoadHeavy
IE,h0197,0.622714919590746,scr1987,avaConv,bevFrtRoadHeavy
IE,h0198,0.6023471197695103,scr1987,avaConv,bevFrtRoadHeavy
IE,h0199,0.5704613592836285,scr1987,avaConv,bevFrtRoadHeavy
IE,h0200,0.5425761574553869,scr1987,avaConv,bevFrtRoadHeavy
IE,h0201,0.5152039880210424,scr1987,avaConv,bevFrtRoadHeavy
IE,h0202,0.4934750736579514,scr1987,avaConv,bevFrtRoadHeavy
IE,h0203,0.46898760273088236,scr1987,avaConv,bevFrtRoadHeavy
IE,h0204,0.42525419238352535,scr1987,avaConv,bevFrtRoadHeavy
IE,h0205,0.3668370312020137,scr1987,avaConv,bevFrtRoadHeavy
IE,h0206,0.30213525277940967,scr1987,avaConv,bevFrtRoadHeavy
IE,h0207,0.26965652459547584,scr1987,avaConv,bevFrtRoadHeavy
IE,h0208,0.2769439538699303,scr1987,avaConv,bevFrtRoadHeavy
IE,h0209,0.3158592290306892,scr1987,avaConv,bevFrtRoadHeavy
IE,h0210,0.34706131321315636,scr1987,avaConv,bevFrtRoadHeavy
IE,h0211,0.3550785607311733,scr1987,avaConv,bevFrtRoadHeavy
IE,h0212,0.32775194159953625,scr1987,avaConv,bevFrtRoadHeavy
IE,h0213,0.29558726161756343,scr1987,avaConv,bevFrtRoadHeavy
IE,h0214,0.29294821933071136,scr1987,avaConv,bevFrtRoadHeavy
IE,h0215,0.34255361404001716,scr1987,avaConv,bevFrtRoadHeavy
IE,h0216,0.42542744194510496,scr1987,avaConv,bevFrtRoadHeavy
IE,h0217,0.37892792034026224,scr1987,avaConv,bevFrtRoadHeavy
IE,h0218,0.3539822128236376,scr1987,avaConv,bevFrtRoadHeavy
IE,h0219,0.3392348999880248,scr1987,avaConv,bevFrtRoadHeavy
IE,h0220,0.4708399255888951,scr1987,avaConv,bevFrtRoadHeavy
IE,h0221,0.5523503103475336,scr1987,avaConv,bevFrtRoadHeavy
IE,h0222,0.5949932052422389,scr1987,avaConv,bevFrtRoadHeavy
IE,h0223,0.5985419064586246,scr1987,avaConv,bevFrtRoadHeavy
IE,h0224,0.5783693864541832,scr1987,avaConv,bevFrtRoadHeavy
IE,h0225,0.5480731256653382,scr1987,avaConv,bevFrtRoadHeavy
IE,h0226,0.5283765871767492,scr1987,avaConv,bevFrtRoadHeavy
IE,h0227,0.5224214589407445,scr1987,avaConv,bevFrtRoadHeavy
IE,h0228,0.5246963164235332,scr1987,avaConv,bevFrtRoadHeavy
IE,h0229,0.5182925959839317,scr1987,avaConv,bevFrtRoadHeavy
IE,h0230,0.4989653477870366,scr1987,avaConv,bevFrtRoadHeavy
IE,h0231,0.46746737364279056,scr1987,avaConv,bevFrtRoadHeavy
IE,h0232,0.44087101817369634,scr1987,avaConv,bevFrtRoadHeavy
IE,h0233,0.4238763077849894,scr1987,avaConv,bevFrtRoadHeavy
IE,h0234,0.42475104646724215,scr1987,avaConv,bevFrtRoadHeavy
IE,h0235,0.4319200408132593,scr1987,avaConv,bevFrtRoadHeavy
IE,h0236,0.43001628361222455,scr1987,avaConv,bevFrtRoadHeavy
IE,h0237,0.4030413848559151,scr1987,avaConv,bevFrtRoadHeavy
IE,h0238,0.3378548176581284,scr1987,avaConv,bevFrtRoadHeavy
IE,h0239,0.2576443964683133,scr1987,avaConv,bevFrtRoadHeavy
IE,h0240,0.18561534260695556,scr1987,avaConv,bevFrtRoadHeavy
HR,h0193,0.6065778193601488,scr1987,avaConv,bevFrtRoadHeavy
HR,h0194,0.6255791545866285,scr1987,avaConv,bevFrtRoadHeavy
HR,h0195,0.628629875890605,scr1987,avaConv,bevFrtRoadHeavy
HR,h0196,0.6358352094190205,scr1987,avaConv,bevFrtRoadHeavy
HR,h0197,0.622714919590746,scr1987,avaConv,bevFrtRoadHeavy
HR,h0198,0.6023471197695103,scr1987,avaConv,bevFrtRoadHeavy
HR,h0199,0.5704613592836285,scr1987,avaConv,bevFrtRoadHeavy
HR,h0200,0.5425761574553869,scr1987,avaConv,bevFrtRoadHeavy
HR,h0201,0.5152039880210424,scr1987,avaConv,bevFrtRoadHeavy
HR,h0202,0.4934750736579514,scr1987,avaConv,bevFrtRoadHeavy
HR,h0203,0.46898760273088236,scr1987,avaConv,bevFrtRoadHeavy
HR,h0204,0.42525419238352535,scr1987,avaConv,bevFrtRoadHeavy
HR,h0205,0.3668370312020137,scr1987,avaConv,bevFrtRoadHeavy
HR,h0206,0.30213525277940967,scr1987,avaConv,bevFrtRoadHeavy
HR,h0207,0.26965652459547584,scr1987,avaConv,bevFrtRoadHeavy
HR,h0208,0.2769439538699303,scr1987,avaConv,bevFrtRoadHeavy
HR,h0209,0.3158592290306892,scr1987,avaConv,bevFrtRoadHeavy
HR,h0210,0.34706131321315636,scr1987,avaConv,bevFrtRoadHeavy
HR,h0211,0.3550785607311733,scr1987,avaConv,bevFrtRoadHeavy
HR,h0212,0.32775194159953625,scr1987,avaConv,bevFrtRoadHeavy
HR,h0213,0.29558726161756343,scr1987,avaConv,bevFrtRoadHeavy
HR,h0214,0.29294821933071136,scr1987,avaConv,bevFrtRoadHeavy
HR,h0215,0.34255361404001716,scr1987,avaConv,bevFrtRoadHeavy
HR,h0216,0.42542744194510496,scr1987,avaConv,bevFrtRoadHeavy
HR,h0217,0.37892792034026224,scr1987,avaConv,bevFrtRoadHeavy
HR,h0218,0.3539822128236376,scr1987,avaConv,bevFrtRoadHeavy
HR,h0219,0.3392348999880248,scr1987,avaConv,bevFrtRoadHeavy
HR,h0220,0.4708399255888951,scr1987,avaConv,bevFrtRoadHeavy
HR,h0221,0.5523503103475336,scr1987,avaConv,bevFrtRoadHeavy
HR,h0222,0.5949932052422389,scr1987,avaConv,bevFrtRoadHeavy
HR,h0223,0.5985419064586246,scr1987,avaConv,bevFrtRoadHeavy
HR,h0224,0.5783693864541832,scr1987,avaConv,bevFrtRoadHeavy
HR,h0225,0.5480731256653382,scr1987,avaConv,bevFrtRoadHeavy
HR,h0226,0.5283765871767492,scr1987,avaConv,bevFrtRoadHeavy
HR,h0227,0.5224214589407445,scr1987,avaConv,bevFrtRoadHeavy
HR,h0228,0.5246963164235332,scr1987,avaConv,bevFrtRoadHeavy
HR,h0229,0.5182925959839317,scr1987,avaConv,bevFrtRoadHeavy
HR,h0230,0.4989653477870366,scr1987,avaConv,bevFrtRoadHeavy
HR,h0231,0.46746737364279056,scr1987,avaConv,bevFrtRoadHeavy
HR,h0232,0.44087101817369634,scr1987,avaConv,bevFrtRoadHeavy
HR,h0233,0.4238763077849894,scr1987,avaConv,bevFrtRoadHeavy
HR,h0234,0.42475104646724215,scr1987,avaConv,bevFrtRoadHeavy
HR,h0235,0.4319200408132593,scr1987,avaConv,bevFrtRoadHeavy
HR,h0236,0.43001628361222455,scr1987,avaConv,bevFrtRoadHeavy
HR,h0237,0.4030413848559151,scr1987,avaConv,bevFrtRoadHeavy
HR,h0238,0.3378548176581284,scr1987,avaConv,bevFrtRoadHeavy
HR,h0239,0.2576443964683133,scr1987,avaConv,bevFrtRoadHeavy
HR,h0240,0.18561534260695556,scr1987,avaConv,bevFrtRoadHeavy
HU,h0193,0.6065778193601488,scr1987,avaConv,bevFrtRoadHeavy
HU,h0194,0.6255791545866285,scr1987,avaConv,bevFrtRoadHeavy
HU,h0195,0.628629875890605,scr1987,avaConv,bevFrtRoadHeavy
HU,h0196,0.6358352094190205,scr1987,avaConv,bevFrtRoadHeavy
HU,h0197,0.622714919590746,scr1987,avaConv,bevFrtRoadHeavy
HU,h0198,0.6023471197695103,scr1987,avaConv,bevFrtRoadHeavy
HU,h0199,0.5704613592836285,scr1987,avaConv,bevFrtRoadHeavy
HU,h0200,0.5425761574553869,scr1987,avaConv,bevFrtRoadHeavy
HU,h0201,0.5152039880210424,scr1987,avaConv,bevFrtRoadHeavy
HU,h0202,0.4934750736579514,scr1987,avaConv,bevFrtRoadHeavy
HU,h0203,0.46898760273088236,scr1987,avaConv,bevFrtRoadHeavy
HU,h0204,0.42525419238352535,scr1987,avaConv,bevFrtRoadHeavy
HU,h0205,0.3668370312020137,scr1987,avaConv,bevFrtRoadHeavy
HU,h0206,0.30213525277940967,scr1987,avaConv,bevFrtRoadHeavy
HU,h0207,0.26965652459547584,scr1987,avaConv,bevFrtRoadHeavy
HU,h0208,0.2769439538699303,scr1987,avaConv,bevFrtRoadHeavy
HU,h0209,0.3158592290306892,scr1987,avaConv,bevFrtRoadHeavy
HU,h0210,0.34706131321315636,scr1987,avaConv,bevFrtRoadHeavy
HU,h0211,0.3550785607311733,scr1987,avaConv,bevFrtRoadHeavy
HU,h0212,0.32775194159953625,scr1987,avaConv,bevFrtRoadHeavy
HU,h0213,0.29558726161756343,scr1987,avaConv,bevFrtRoadHeavy
HU,h0214,0.29294821933071136,scr1987,avaConv,bevFrtRoadHeavy
HU,h0215,0.34255361404001716,scr1987,avaConv,bevFrtRoadHeavy
HU,h0216,0.42542744194510496,scr1987,avaConv,bevFrtRoadHeavy
HU,h0217,0.37892792034026224,scr1987,avaConv,bevFrtRoadHeavy
HU,h0218,0.3539822128236376,scr1987,avaConv,bevFrtRoadHeavy
HU,h0219,0.3392348999880248,scr1987,avaConv,bevFrtRoadHeavy
HU,h0220,0.4708399255888951,scr1987,avaConv,bevFrtRoadHeavy
HU,h0221,0.5523503103475336,scr1987,avaConv,bevFrtRoadHeavy
HU,h0222,0.5949932052422389,scr1987,avaConv,bevFrtRoadHeavy
HU,h0223,0.5985419064586246,scr1987,avaConv,bevFrtRoadHeavy
HU,h0224,0.5783693864541832,scr1987,avaConv,bevFrtRoadHeavy
HU,h0225,0.5480731256653382,scr1987,avaConv,bevFrtRoadHeavy
HU,h0226,0.5283765871767492,scr1987,avaConv,bevFrtRoadHeavy
HU,h0227,0.5224214589407445,scr1987,avaConv,bevFrtRoadHeavy
HU,h0228,0.5246963164235332,scr1987,avaConv,bevFrtRoadHeavy
HU,h0229,0.5182925959839317,scr1987,avaConv,bevFrtRoadHeavy
HU,h0230,0.4989653477870366,scr1987,avaConv,bevFrtRoadHeavy
HU,h0231,0.46746737364279056,scr1987,avaConv,bevFrtRoadHeavy
HU,h0232,0.44087101817369634,scr1987,avaConv,bevFrtRoadHeavy
HU,h0233,0.4238763077849894,scr1987,avaConv,bevFrtRoadHeavy
HU,h0234,0.42475104646724215,scr1987,avaConv,bevFrtRoadHeavy
HU,h0235,0.4319200408132593,scr1987,avaConv,bevFrtRoadHeavy
HU,h0236,0.43001628361222455,scr1987,avaConv,bevFrtRoadHeavy
HU,h0237,0.4030413848559151,scr1987,avaConv,bevFrtRoadHeavy
HU,h0238,0.3378548176581284,scr1987,avaConv,bevFrtRoadHeavy
HU,h0239,0.2576443964683133,scr1987,avaConv,bevFrtRoadHeavy
HU,h0240,0.18561534260695556,scr1987,avaConv,bevFrtRoadHeavy
MK,h0193,0.6065778193601488,scr1987,avaConv,bevFrtRoadHeavy
MK,h0194,0.6255791545866285,scr1987,avaConv,bevFrtRoadHeavy
MK,h0195,0.628629875890605,scr1987,avaConv,bevFrtRoadHeavy
MK,h0196,0.6358352094190205,scr1987,avaConv,bevFrtRoadHeavy
MK,h0197,0.622714919590746,scr1987,avaConv,bevFrtRoadHeavy
MK,h0198,0.6023471197695103,scr1987,avaConv,bevFrtRoadHeavy
MK,h0199,0.5704613592836285,scr1987,avaConv,bevFrtRoadHeavy
MK,h0200,0.5425761574553869,scr1987,avaConv,bevFrtRoadHeavy
MK,h0201,0.5152039880210424,scr1987,avaConv,bevFrtRoadHeavy
MK,h0202,0.4934750736579514,scr1987,avaConv,bevFrtRoadHeavy
MK,h0203,0.46898760273088236,scr1987,avaConv,bevFrtRoadHeavy
MK,h0204,0.42525419238352535,scr1987,avaConv,bevFrtRoadHeavy
MK,h0205,0.3668370312020137,scr1987,avaConv,bevFrtRoadHeavy
MK,h0206,0.30213525277940967,scr1987,avaConv,bevFrtRoadHeavy
MK,h0207,0.26965652459547584,scr1987,avaConv,bevFrtRoadHeavy
MK,h0208,0.2769439538699303,scr1987,avaConv,bevFrtRoadHeavy
MK,h0209,0.3158592290306892,scr1987,avaConv,bevFrtRoadHeavy
MK,h0210,0.34706131321315636,scr1987,avaConv,bevFrtRoadHeavy
MK,h0211,0.3550785607311733,scr1987,avaConv,bevFrtRoadHeavy
MK,h0212,0.32775194159953625,scr1987,avaConv,bevFrtRoadHeavy
MK,h0213,0.29558726161756343,scr1987,avaConv,bevFrtRoadHeavy
MK,h0214,0.29294821933071136,scr1987,avaConv,bevFrtRoadHeavy
MK,h0215,0.34255361404001716,scr1987,avaConv,bevFrtRoadHeavy
MK,h0216,0.42542744194510496,scr1987,avaConv,bevFrtRoadHeavy
MK,h0217,0.37892792034026224,scr1987,avaConv,bevFrtRoadHeavy
MK,h0218,0.3539822128236376,scr1987,avaConv,bevFrtRoadHeavy
MK,h0219,0.3392348999880248,scr1987,avaConv,bevFrtRoadHeavy
MK,h0220,0.4708399255888951,scr1987,avaConv,bevFrtRoadHeavy
MK,h0221,0.5523503103475336,scr1987,avaConv,bevFrtRoadHeavy
MK,h0222,0.5949932052422389,scr1987,avaConv,bevFrtRoadHeavy
MK,h0223,0.5985419064586246,scr1987,avaConv,bevFrtRoadHeavy
MK,h0224,0.5783693864541832,scr1987,avaConv,bevFrtRoadHeavy
MK,h0225,0.5480731256653382,scr1987,avaConv,bevFrtRoadHeavy
MK,h0226,0.5283765871767492,scr1987,avaConv,bevFrtRoadHeavy
MK,h0227,0.5224214589407445,scr1987,avaConv,bevFrtRoadHeavy
MK,h0228,0.5246963164235332,scr1987,avaConv,bevFrtRoadHeavy
MK,h0229,0.5182925959839317,scr1987,avaConv,bevFrtRoadHeavy
MK,h0230,0.4989653477870366,scr1987,avaConv,bevFrtRoadHeavy
MK,h0231,0.46746737364279056,scr1987,avaConv,bevFrtRoadHeavy
MK,h0232,0.44087101817369634,scr1987,avaConv,bevFrtRoadHeavy
MK,h0233,0.4238763077849894,scr1987,avaConv,bevFrtRoadHeavy
MK,h0234,0.42475104646724215,scr1987,avaConv,bevFrtRoadHeavy
MK,h0235,0.4319200408132593,scr1987,avaConv,bevFrtRoadHeavy
MK,h0236,0.43001628361222455,scr1987,avaConv,bevFrtRoadHeavy
MK,h0237,0.4030413848559151,scr1987,avaConv,bevFrtRoadHeavy
MK,h0238,0.3378548176581284,scr1987,avaConv,bevFrtRoadHeavy
MK,h0239,0.2576443964683133,scr1987,avaConv,bevFrtRoadHeavy
MK,h0240,0.18561534260695556,scr1987,avaConv,bevFrtRoadHeavy
LV,h0193,0.6065778193601488,scr1987,avaConv,bevFrtRoadHeavy
LV,h0194,0.6255791545866285,scr1987,avaConv,bevFrtRoadHeavy
LV,h0195,0.628629875890605,scr1987,avaConv,bevFrtRoadHeavy
LV,h0196,0.6358352094190205,scr1987,avaConv,bevFrtRoadHeavy
LV,h0197,0.622714919590746,scr1987,avaConv,bevFrtRoadHeavy
LV,h0198,0.6023471197695103,scr1987,avaConv,bevFrtRoadHeavy
LV,h0199,0.5704613592836285,scr1987,avaConv,bevFrtRoadHeavy
LV,h0200,0.5425761574553869,scr1987,avaConv,bevFrtRoadHeavy
LV,h0201,0.5152039880210424,scr1987,avaConv,bevFrtRoadHeavy
LV,h0202,0.4934750736579514,scr1987,avaConv,bevFrtRoadHeavy
LV,h0203,0.46898760273088236,scr1987,avaConv,bevFrtRoadHeavy
LV,h0204,0.42525419238352535,scr1987,avaConv,bevFrtRoadHeavy
LV,h0205,0.3668370312020137,scr1987,avaConv,bevFrtRoadHeavy
LV,h0206,0.30213525277940967,scr1987,avaConv,bevFrtRoadHeavy
LV,h0207,0.26965652459547584,scr1987,avaConv,bevFrtRoadHeavy
LV,h0208,0.2769439538699303,scr1987,avaConv,bevFrtRoadHeavy
LV,h0209,0.3158592290306892,scr1987,avaConv,bevFrtRoadHeavy
LV,h0210,0.34706131321315636,scr1987,avaConv,bevFrtRoadHeavy
LV,h0211,0.3550785607311733,scr1987,avaConv,bevFrtRoadHeavy
LV,h0212,0.32775194159953625,scr1987,avaConv,bevFrtRoadHeavy
LV,h0213,0.29558726161756343,scr1987,avaConv,bevFrtRoadHeavy
LV,h0214,0.29294821933071136,scr1987,avaConv,bevFrtRoadHeavy
LV,h0215,0.34255361404001716,scr1987,avaConv,bevFrtRoadHeavy
LV,h0216,0.42542744194510496,scr1987,avaConv,bevFrtRoadHeavy
LV,h0217,0.37892792034026224,scr1987,avaConv,bevFrtRoadHeavy
LV,h0218,0.3539822128236376,scr1987,avaConv,bevFrtRoadHeavy
LV,h0219,0.3392348999880248,scr1987,avaConv,bevFrtRoadHeavy
LV,h0220,0.4708399255888951,scr1987,avaConv,bevFrtRoadHeavy
LV,h0221,0.5523503103475336,scr1987,avaConv,bevFrtRoadHeavy
LV,h0222,0.5949932052422389,scr1987,avaConv,bevFrtRoadHeavy
LV,h0223,0.5985419064586246,scr1987,avaConv,bevFrtRoadHeavy
LV,h0224,0.5783693864541832,scr1987,avaConv,bevFrtRoadHeavy
LV,h0225,0.5480731256653382,scr1987,avaConv,bevFrtRoadHeavy
LV,h0226,0.5283765871767492,scr1987,avaConv,bevFrtRoadHeavy
LV,h0227,0.5224214589407445,scr1987,avaConv,bevFrtRoadHeavy
LV,h0228,0.5246963164235332,scr1987,avaConv,bevFrtRoadHeavy
LV,h0229,0.5182925959839317,scr1987,avaConv,bevFrtRoadHeavy
LV,h0230,0.4989653477870366,scr1987,avaConv,bevFrtRoadHeavy
LV,h0231,0.46746737364279056,scr1987,avaConv,bevFrtRoadHeavy
LV,h0232,0.44087101817369634,scr1987,avaConv,bevFrtRoadHeavy
LV,h0233,0.4238763077849894,scr1987,avaConv,bevFrtRoadHeavy
LV,h0234,0.42475104646724215,scr1987,avaConv,bevFrtRoadHeavy
LV,h0235,0.4319200408132593,scr1987,avaConv,bevFrtRoadHeavy
LV,h0236,0.43001628361222455,scr1987,avaConv,bevFrtRoadHeavy
LV,h0237,0.4030413848559151,scr1987,avaConv,bevFrtRoadHeavy
LV,h0238,0.3378548176581284,scr1987,avaConv,bevFrtRoadHeavy
LV,h0239,0.2576443964683133,scr1987,avaConv,bevFrtRoadHeavy
LV,h0240,0.18561534260695556,scr1987,avaConv,bevFrtRoadHeavy
ME,h0193,0.6065778193601488,scr1987,avaConv,bevFrtRoadHeavy
ME,h0194,0.6255791545866285,scr1987,avaConv,bevFrtRoadHeavy
ME,h0195,0.628629875890605,scr1987,avaConv,bevFrtRoadHeavy
ME,h0196,0.6358352094190205,scr1987,avaConv,bevFrtRoadHeavy
ME,h0197,0.622714919590746,scr1987,avaConv,bevFrtRoadHeavy
ME,h0198,0.6023471197695103,scr1987,avaConv,bevFrtRoadHeavy
ME,h0199,0.5704613592836285,scr1987,avaConv,bevFrtRoadHeavy
ME,h0200,0.5425761574553869,scr1987,avaConv,bevFrtRoadHeavy
ME,h0201,0.5152039880210424,scr1987,avaConv,bevFrtRoadHeavy
ME,h0202,0.4934750736579514,scr1987,avaConv,bevFrtRoadHeavy
ME,h0203,0.46898760273088236,scr1987,avaConv,bevFrtRoadHeavy
ME,h0204,0.42525419238352535,scr1987,avaConv,bevFrtRoadHeavy
ME,h0205,0.3668370312020137,scr1987,avaConv,bevFrtRoadHeavy
ME,h0206,0.30213525277940967,scr1987,avaConv,bevFrtRoadHeavy
ME,h0207,0.26965652459547584,scr1987,avaConv,bevFrtRoadHeavy
ME,h0208,0.2769439538699303,scr1987,avaConv,bevFrtRoadHeavy
ME,h0209,0.3158592290306892,scr1987,avaConv,bevFrtRoadHeavy
ME,h0210,0.34706131321315636,scr1987,avaConv,bevFrtRoadHeavy
ME,h0211,0.3550785607311733,scr1987,avaConv,bevFrtRoadHeavy
ME,h0212,0.32775194159953625,scr1987,avaConv,bevFrtRoadHeavy
ME,h0213,0.29558726161756343,scr1987,avaConv,bevFrtRoadHeavy
ME,h0214,0.29294821933071136,scr1987,avaConv,bevFrtRoadHeavy
ME,h0215,0.34255361404001716,scr1987,avaConv,bevFrtRoadHeavy
ME,h0216,0.42542744194510496,scr1987,avaConv,bevFrtRoadHeavy
ME,h0217,0.37892792034026224,scr1987,avaConv,bevFrtRoadHeavy
ME,h0218,0.3539822128236376,scr1987,avaConv,bevFrtRoadHeavy
ME,h0219,0.3392348999880248,scr1987,avaConv,bevFrtRoadHeavy
ME,h0220,0.4708399255888951,scr1987,avaConv,bevFrtRoadHeavy
ME,h0221,0.5523503103475336,scr1987,avaConv,bevFrtRoadHeavy
ME,h0222,0.5949932052422389,scr1987,avaConv,bevFrtRoadHeavy
ME,h0223,0.5985419064586246,scr1987,avaConv,bevFrtRoadHeavy
ME,h0224,0.5783693864541832,scr1987,avaConv,bevFrtRoadHeavy
ME,h0225,0.5480731256653382,scr1987,avaConv,bevFrtRoadHeavy
ME,h0226,0.5283765871767492,scr1987,avaConv,bevFrtRoadHeavy
ME,h0227,0.5224214589407445,scr1987,avaConv,bevFrtRoadHeavy
ME,h0228,0.5246963164235332,scr1987,avaConv,bevFrtRoadHeavy
ME,h0229,0.5182925959839317,scr1987,avaConv,bevFrtRoadHeavy
ME,h0230,0.4989653477870366,scr1987,avaConv,bevFrtRoadHeavy
ME,h0231,0.46746737364279056,scr1987,avaConv,bevFrtRoadHeavy
ME,h0232,0.44087101817369634,scr1987,avaConv,bevFrtRoadHeavy
ME,h0233,0.4238763077849894,scr1987,avaConv,bevFrtRoadHeavy
ME,h0234,0.42475104646724215,scr1987,avaConv,bevFrtRoadHeavy
ME,h0235,0.4319200408132593,scr1987,avaConv,bevFrtRoadHeavy
ME,h0236,0.43001628361222455,scr1987,avaConv,bevFrtRoadHeavy
ME,h0237,0.4030413848559151,scr1987,avaConv,bevFrtRoadHeavy
ME,h0238,0.3378548176581284,scr1987,avaConv,bevFrtRoadHeavy
ME,h0239,0.2576443964683133,scr1987,avaConv,bevFrtRoadHeavy
ME,h0240,0.18561534260695556,scr1987,avaConv,bevFrtRoadHeavy
LT,h0193,0.6065778193601488,scr1987,avaConv,bevFrtRoadHeavy
LT,h0194,0.6255791545866285,scr1987,avaConv,bevFrtRoadHeavy
LT,h0195,0.628629875890605,scr1987,avaConv,bevFrtRoadHeavy
LT,h0196,0.6358352094190205,scr1987,avaConv,bevFrtRoadHeavy
LT,h0197,0.622714919590746,scr1987,avaConv,bevFrtRoadHeavy
LT,h0198,0.6023471197695103,scr1987,avaConv,bevFrtRoadHeavy
LT,h0199,0.5704613592836285,scr1987,avaConv,bevFrtRoadHeavy
LT,h0200,0.5425761574553869,scr1987,avaConv,bevFrtRoadHeavy
LT,h0201,0.5152039880210424,scr1987,avaConv,bevFrtRoadHeavy
LT,h0202,0.4934750736579514,scr1987,avaConv,bevFrtRoadHeavy
LT,h0203,0.46898760273088236,scr1987,avaConv,bevFrtRoadHeavy
LT,h0204,0.42525419238352535,scr1987,avaConv,bevFrtRoadHeavy
LT,h0205,0.3668370312020137,scr1987,avaConv,bevFrtRoadHeavy
LT,h0206,0.30213525277940967,scr1987,avaConv,bevFrtRoadHeavy
LT,h0207,0.26965652459547584,scr1987,avaConv,bevFrtRoadHeavy
LT,h0208,0.2769439538699303,scr1987,avaConv,bevFrtRoadHeavy
LT,h0209,0.3158592290306892,scr1987,avaConv,bevFrtRoadHeavy
LT,h0210,0.34706131321315636,scr1987,avaConv,bevFrtRoadHeavy
LT,h0211,0.3550785607311733,scr1987,avaConv,bevFrtRoadHeavy
LT,h0212,0.32775194159953625,scr1987,avaConv,bevFrtRoadHeavy
LT,h0213,0.29558726161756343,scr1987,avaConv,bevFrtRoadHeavy
LT,h0214,0.29294821933071136,scr1987,avaConv,bevFrtRoadHeavy
LT,h0215,0.34255361404001716,scr1987,avaConv,bevFrtRoadHeavy
LT,h0216,0.42542744194510496,scr1987,avaConv,bevFrtRoadHeavy
LT,h0217,0.37892792034026224,scr1987,avaConv,bevFrtRoadHeavy
LT,h0218,0.3539822128236376,scr1987,avaConv,bevFrtRoadHeavy
LT,h0219,0.3392348999880248,scr1987,avaConv,bevFrtRoadHeavy
LT,h0220,0.4708399255888951,scr1987,avaConv,bevFrtRoadHeavy
LT,h0221,0.5523503103475336,scr1987,avaConv,bevFrtRoadHeavy
LT,h0222,0.5949932052422389,scr1987,avaConv,bevFrtRoadHeavy
LT,h0223,0.5985419064586246,scr1987,avaConv,bevFrtRoadHeavy
LT,h0224,0.5783693864541832,scr1987,avaConv,bevFrtRoadHeavy
LT,h0225,0.5480731256653382,scr1987,avaConv,bevFrtRoadHeavy
LT,h0226,0.5283765871767492,scr1987,avaConv,bevFrtRoadHeavy
LT,h0227,0.5224214589407445,scr1987,avaConv,bevFrtRoadHeavy
LT,h0228,0.5246963164235332,scr1987,avaConv,bevFrtRoadHeavy
LT,h0229,0.5182925959839317,scr1987,avaConv,bevFrtRoadHeavy
LT,h0230,0.4989653477870366,scr1987,avaConv,bevFrtRoadHeavy
LT,h0231,0.46746737364279056,scr1987,avaConv,bevFrtRoadHeavy
LT,h0232,0.44087101817369634,scr1987,avaConv,bevFrtRoadHeavy
LT,h0233,0.4238763077849894,scr1987,avaConv,bevFrtRoadHeavy
LT,h0234,0.42475104646724215,scr1987,avaConv,bevFrtRoadHeavy
LT,h0235,0.4319200408132593,scr1987,avaConv,bevFrtRoadHeavy
LT,h0236,0.43001628361222455,scr1987,avaConv,bevFrtRoadHeavy
LT,h0237,0.4030413848559151,scr1987,avaConv,bevFrtRoadHeavy
LT,h0238,0.3378548176581284,scr1987,avaConv,bevFrtRoadHeavy
LT,h0239,0.2576443964683133,scr1987,avaConv,bevFrtRoadHeavy
LT,h0240,0.18561534260695556,scr1987,avaConv,bevFrtRoadHeavy
LU,h0193,0.6065778193601488,scr1987,avaConv,bevFrtRoadHeavy
LU,h0194,0.6255791545866285,scr1987,avaConv,bevFrtRoadHeavy
LU,h0195,0.628629875890605,scr1987,avaConv,bevFrtRoadHeavy
LU,h0196,0.6358352094190205,scr1987,avaConv,bevFrtRoadHeavy
LU,h0197,0.622714919590746,scr1987,avaConv,bevFrtRoadHeavy
LU,h0198,0.6023471197695103,scr1987,avaConv,bevFrtRoadHeavy
LU,h0199,0.5704613592836285,scr1987,avaConv,bevFrtRoadHeavy
LU,h0200,0.5425761574553869,scr1987,avaConv,bevFrtRoadHeavy
LU,h0201,0.5152039880210424,scr1987,avaConv,bevFrtRoadHeavy
LU,h0202,0.4934750736579514,scr1987,avaConv,bevFrtRoadHeavy
LU,h0203,0.46898760273088236,scr1987,avaConv,bevFrtRoadHeavy
LU,h0204,0.42525419238352535,scr1987,avaConv,bevFrtRoadHeavy
LU,h0205,0.3668370312020137,scr1987,avaConv,bevFrtRoadHeavy
LU,h0206,0.30213525277940967,scr1987,avaConv,bevFrtRoadHeavy
LU,h0207,0.26965652459547584,scr1987,avaConv,bevFrtRoadHeavy
LU,h0208,0.2769439538699303,scr1987,avaConv,bevFrtRoadHeavy
LU,h0209,0.3158592290306892,scr1987,avaConv,bevFrtRoadHeavy
LU,h0210,0.34706131321315636,scr1987,avaConv,bevFrtRoadHeavy
LU,h0211,0.3550785607311733,scr1987,avaConv,bevFrtRoadHeavy
LU,h0212,0.32775194159953625,scr1987,avaConv,bevFrtRoadHeavy
LU,h0213,0.29558726161756343,scr1987,avaConv,bevFrtRoadHeavy
LU,h0214,0.29294821933071136,scr1987,avaConv,bevFrtRoadHeavy
LU,h0215,0.34255361404001716,scr1987,avaConv,bevFrtRoadHeavy
LU,h0216,0.42542744194510496,scr1987,avaConv,bevFrtRoadHeavy
LU,h0217,0.37892792034026224,scr1987,avaConv,bevFrtRoadHeavy
LU,h0218,0.3539822128236376,scr1987,avaConv,bevFrtRoadHeavy
LU,h0219,0.3392348999880248,scr1987,avaConv,bevFrtRoadHeavy
LU,h0220,0.4708399255888951,scr1987,avaConv,bevFrtRoadHeavy
LU,h0221,0.5523503103475336,scr1987,avaConv,bevFrtRoadHeavy
LU,h0222,0.5949932052422389,scr1987,avaConv,bevFrtRoadHeavy
LU,h0223,0.5985419064586246,scr1987,avaConv,bevFrtRoadHeavy
LU,h0224,0.5783693864541832,scr1987,avaConv,bevFrtRoadHeavy
LU,h0225,0.5480731256653382,scr1987,avaConv,bevFrtRoadHeavy
LU,h0226,0.5283765871767492,scr1987,avaConv,bevFrtRoadHeavy
LU,h0227,0.5224214589407445,scr1987,avaConv,bevFrtRoadHeavy
LU,h0228,0.5246963164235332,scr1987,avaConv,bevFrtRoadHeavy
LU,h0229,0.5182925959839317,scr1987,avaConv,bevFrtRoadHeavy
LU,h0230,0.4989653477870366,scr1987,avaConv,bevFrtRoadHeavy
LU,h0231,0.46746737364279056,scr1987,avaConv,bevFrtRoadHeavy
LU,h0232,0.44087101817369634,scr1987,avaConv,bevFrtRoadHeavy
LU,h0233,0.4238763077849894,scr1987,avaConv,bevFrtRoadHeavy
LU,h0234,0.42475104646724215,scr1987,avaConv,bevFrtRoadHeavy
LU,h0235,0.4319200408132593,scr1987,avaConv,bevFrtRoadHeavy
LU,h0236,0.43001628361222455,scr1987,avaConv,bevFrtRoadHeavy
LU,h0237,0.4030413848559151,scr1987,avaConv,bevFrtRoadHeavy
LU,h0238,0.3378548176581284,scr1987,avaConv,bevFrtRoadHeavy
LU,h0239,0.2576443964683133,scr1987,avaConv,bevFrtRoadHeavy
LU,h0240,0.18561534260695556,scr1987,avaConv,bevFrtRoadHeavy
NO,h0193,0.6065778193601488,scr1987,avaConv,bevFrtRoadHeavy
NO,h0194,0.6255791545866285,scr1987,avaConv,bevFrtRoadHeavy
NO,h0195,0.628629875890605,scr1987,avaConv,bevFrtRoadHeavy
NO,h0196,0.6358352094190205,scr1987,avaConv,bevFrtRoadHeavy
NO,h0197,0.622714919590746,scr1987,avaConv,bevFrtRoadHeavy
NO,h0198,0.6023471197695103,scr1987,avaConv,bevFrtRoadHeavy
NO,h0199,0.5704613592836285,scr1987,avaConv,bevFrtRoadHeavy
NO,h0200,0.5425761574553869,scr1987,avaConv,bevFrtRoadHeavy
NO,h0201,0.5152039880210424,scr1987,avaConv,bevFrtRoadHeavy
NO,h0202,0.4934750736579514,scr1987,avaConv,bevFrtRoadHeavy
NO,h0203,0.46898760273088236,scr1987,avaConv,bevFrtRoadHeavy
NO,h0204,0.42525419238352535,scr1987,avaConv,bevFrtRoadHeavy
NO,h0205,0.3668370312020137,scr1987,avaConv,bevFrtRoadHeavy
NO,h0206,0.30213525277940967,scr1987,avaConv,bevFrtRoadHeavy
NO,h0207,0.26965652459547584,scr1987,avaConv,bevFrtRoadHeavy
NO,h0208,0.2769439538699303,scr1987,avaConv,bevFrtRoadHeavy
NO,h0209,0.3158592290306892,scr1987,avaConv,bevFrtRoadHeavy
NO,h0210,0.34706131321315636,scr1987,avaConv,bevFrtRoadHeavy
NO,h0211,0.3550785607311733,scr1987,avaConv,bevFrtRoadHeavy
NO,h0212,0.32775194159953625,scr1987,avaConv,bevFrtRoadHeavy
NO,h0213,0.29558726161756343,scr1987,avaConv,bevFrtRoadHeavy
NO,h0214,0.29294821933071136,scr1987,avaConv,bevFrtRoadHeavy
NO,h0215,0.34255361404001716,scr1987,avaConv,bevFrtRoadHeavy
NO,h0216,0.42542744194510496,scr1987,avaConv,bevFrtRoadHeavy
NO,h0217,0.37892792034026224,scr1987,avaConv,bevFrtRoadHeavy
NO,h0218,0.3539822128236376,scr1987,avaConv,bevFrtRoadHeavy
NO,h0219,0.3392348999880248,scr1987,avaConv,bevFrtRoadHeavy
NO,h0220,0.4708399255888951,scr1987,avaConv,bevFrtRoadHeavy
NO,h0221,0.5523503103475336,scr1987,avaConv,bevFrtRoadHeavy
NO,h0222,0.5949932052422389,scr1987,avaConv,bevFrtRoadHeavy
NO,h0223,0.5985419064586246,scr1987,avaConv,bevFrtRoadHeavy
NO,h0224,0.5783693864541832,scr1987,avaConv,bevFrtRoadHeavy
NO,h0225,0.5480731256653382,scr1987,avaConv,bevFrtRoadHeavy
NO,h0226,0.5283765871767487,scr1987,avaConv,bevFrtRoadHeavy
NO,h0227,0.5224214589407441,scr1987,avaConv,bevFrtRoadHeavy
NO,h0228,0.5246963164235332,scr1987,avaConv,bevFrtRoadHeavy
NO,h0229,0.5182925959839313,scr1987,avaConv,bevFrtRoadHeavy
NO,h0230,0.4989653477870366,scr1987,avaConv,bevFrtRoadHeavy
NO,h0231,0.46746737364279056,scr1987,avaConv,bevFrtRoadHeavy
NO,h0232,0.44087101817369634,scr1987,avaConv,bevFrtRoadHeavy
NO,h0233,0.4238763077849894,scr1987,avaConv,bevFrtRoadHeavy
NO,h0234,0.42475104646724215,scr1987,avaConv,bevFrtRoadHeavy
NO,h0235,0.43192004081325974,scr1987,avaConv,bevFrtRoadHeavy
NO,h0236,0.43001628361222455,scr1987,avaConv,bevFrtRoadHeavy
NO,h0237,0.4030413848559151,scr1987,avaConv,bevFrtRoadHeavy
NO,h0238,0.3378548176581284,scr1987,avaConv,bevFrtRoadHeavy
NO,h0239,0.2576443964683133,scr1987,avaConv,bevFrtRoadHeavy
NO,h0240,0.185615342606956,scr1987,avaConv,bevFrtRoadHeavy
PL,h0193,0.6065778193601488,scr1987,avaConv,bevFrtRoadHeavy
PL,h0194,0.6255791545866285,scr1987,avaConv,bevFrtRoadHeavy
PL,h0195,0.628629875890605,scr1987,avaConv,bevFrtRoadHeavy
PL,h0196,0.6358352094190205,scr1987,avaConv,bevFrtRoadHeavy
PL,h0197,0.622714919590746,scr1987,avaConv,bevFrtRoadHeavy
PL,h0198,0.6023471197695103,scr1987,avaConv,bevFrtRoadHeavy
PL,h0199,0.5704613592836285,scr1987,avaConv,bevFrtRoadHeavy
PL,h0200,0.5425761574553869,scr1987,avaConv,bevFrtRoadHeavy
PL,h0201,0.5152039880210424,scr1987,avaConv,bevFrtRoadHeavy
PL,h0202,0.4934750736579514,scr1987,avaConv,bevFrtRoadHeavy
PL,h0203,0.46898760273088236,scr1987,avaConv,bevFrtRoadHeavy
PL,h0204,0.42525419238352535,scr1987,avaConv,bevFrtRoadHeavy
PL,h0205,0.3668370312020137,scr1987,avaConv,bevFrtRoadHeavy
PL,h0206,0.30213525277940967,scr1987,avaConv,bevFrtRoadHeavy
PL,h0207,0.26965652459547584,scr1987,avaConv,bevFrtRoadHeavy
PL,h0208,0.2769439538699303,scr1987,avaConv,bevFrtRoadHeavy
PL,h0209,0.3158592290306892,scr1987,avaConv,bevFrtRoadHeavy
PL,h0210,0.34706131321315636,scr1987,avaConv,bevFrtRoadHeavy
PL,h0211,0.3550785607311733,scr1987,avaConv,bevFrtRoadHeavy
PL,h0212,0.32775194159953625,scr1987,avaConv,bevFrtRoadHeavy
PL,h0213,0.29558726161756343,scr1987,avaConv,bevFrtRoadHeavy
PL,h0214,0.29294821933071136,scr1987,avaConv,bevFrtRoadHeavy
PL,h0215,0.34255361404001716,scr1987,avaConv,bevFrtRoadHeavy
PL,h0216,0.42542744194510496,scr1987,avaConv,bevFrtRoadHeavy
PL,h0217,0.37892792034026224,scr1987,avaConv,bevFrtRoadHeavy
PL,h0218,0.3539822128236376,scr1987,avaConv,bevFrtRoadHeavy
PL,h0219,0.3392348999880248,scr1987,avaConv,bevFrtRoadHeavy
PL,h0220,0.4708399255888951,scr1987,avaConv,bevFrtRoadHeavy
PL,h0221,0.5523503103475336,scr1987,avaConv,bevFrtRoadHeavy
PL,h0222,0.5949932052422389,scr1987,avaConv,bevFrtRoadHeavy
PL,h0223,0.5985419064586246,scr1987,avaConv,bevFrtRoadHeavy
PL,h0224,0.5783693864541832,scr1987,avaConv,bevFrtRoadHeavy
PL,h0225,0.5480731256653382,scr1987,avaConv,bevFrtRoadHeavy
PL,h0226,0.5283765871767492,scr1987,avaConv,bevFrtRoadHeavy
PL,h0227,0.5224214589407445,scr1987,avaConv,bevFrtRoadHeavy
PL,h0228,0.5246963164235332,scr1987,avaConv,bevFrtRoadHeavy
PL,h0229,0.5182925959839317,scr1987,avaConv,bevFrtRoadHeavy
PL,h0230,0.4989653477870366,scr1987,avaConv,bevFrtRoadHeavy
PL,h0231,0.46746737364279056,scr1987,avaConv,bevFrtRoadHeavy
PL,h0232,0.44087101817369634,scr1987,avaConv,bevFrtRoadHeavy
PL,h0233,0.4238763077849894,scr1987,avaConv,bevFrtRoadHeavy
PL,h0234,0.42475104646724215,scr1987,avaConv,bevFrtRoadHeavy
PL,h0235,0.43192004081325974,scr1987,avaConv,bevFrtRoadHeavy
PL,h0236,0.43001628361222455,scr1987,avaConv,bevFrtRoadHeavy
PL,h0237,0.4030413848559151,scr1987,avaConv,bevFrtRoadHeavy
PL,h0238,0.3378548176581284,scr1987,avaConv,bevFrtRoadHeavy
PL,h0239,0.2576443964683133,scr1987,avaConv,bevFrtRoadHeavy
PL,h0240,0.18561534260695556,scr1987,avaConv,bevFrtRoadHeavy
RO,h0193,0.6065778193601488,scr1987,avaConv,bevFrtRoadHeavy
RO,h0194,0.6255791545866285,scr1987,avaConv,bevFrtRoadHeavy
RO,h0195,0.628629875890605,scr1987,avaConv,bevFrtRoadHeavy
RO,h0196,0.6358352094190205,scr1987,avaConv,bevFrtRoadHeavy
RO,h0197,0.622714919590746,scr1987,avaConv,bevFrtRoadHeavy
RO,h0198,0.6023471197695103,scr1987,avaConv,bevFrtRoadHeavy
RO,h0199,0.5704613592836285,scr1987,avaConv,bevFrtRoadHeavy
RO,h0200,0.5425761574553869,scr1987,avaConv,bevFrtRoadHeavy
RO,h0201,0.5152039880210424,scr1987,avaConv,bevFrtRoadHeavy
RO,h0202,0.4934750736579514,scr1987,avaConv,bevFrtRoadHeavy
RO,h0203,0.46898760273088236,scr1987,avaConv,bevFrtRoadHeavy
RO,h0204,0.42525419238352535,scr1987,avaConv,bevFrtRoadHeavy
RO,h0205,0.3668370312020137,scr1987,avaConv,bevFrtRoadHeavy
RO,h0206,0.30213525277940967,scr1987,avaConv,bevFrtRoadHeavy
RO,h0207,0.26965652459547584,scr1987,avaConv,bevFrtRoadHeavy
RO,h0208,0.2769439538699303,scr1987,avaConv,bevFrtRoadHeavy
RO,h0209,0.3158592290306892,scr1987,avaConv,bevFrtRoadHeavy
RO,h0210,0.34706131321315636,scr1987,avaConv,bevFrtRoadHeavy
RO,h0211,0.3550785607311733,scr1987,avaConv,bevFrtRoadHeavy
RO,h0212,0.32775194159953625,scr1987,avaConv,bevFrtRoadHeavy
RO,h0213,0.29558726161756343,scr1987,avaConv,bevFrtRoadHeavy
RO,h0214,0.29294821933071136,scr1987,avaConv,bevFrtRoadHeavy
RO,h0215,0.34255361404001716,scr1987,avaConv,bevFrtRoadHeavy
RO,h0216,0.42542744194510496,scr1987,avaConv,bevFrtRoadHeavy
RO,h0217,0.37892792034026224,scr1987,avaConv,bevFrtRoadHeavy
RO,h0218,0.3539822128236376,scr1987,avaConv,bevFrtRoadHeavy
RO,h0219,0.3392348999880248,scr1987,avaConv,bevFrtRoadHeavy
RO,h0220,0.4708399255888951,scr1987,avaConv,bevFrtRoadHeavy
RO,h0221,0.5523503103475336,scr1987,avaConv,bevFrtRoadHeavy
RO,h0222,0.5949932052422389,scr1987,avaConv,bevFrtRoadHeavy
RO,h0223,0.5985419064586246,scr1987,avaConv,bevFrtRoadHeavy
RO,h0224,0.5783693864541832,scr1987,avaConv,bevFrtRoadHeavy
RO,h0225,0.5480731256653382,scr1987,avaConv,bevFrtRoadHeavy
RO,h0226,0.5283765871767492,scr1987,avaConv,bevFrtRoadHeavy
RO,h0227,0.5224214589407445,scr1987,avaConv,bevFrtRoadHeavy
RO,h0228,0.5246963164235332,scr1987,avaConv,bevFrtRoadHeavy
RO,h0229,0.5182925959839317,scr1987,avaConv,bevFrtRoadHeavy
RO,h0230,0.4989653477870366,scr1987,avaConv,bevFrtRoadHeavy
RO,h0231,0.46746737364279056,scr1987,avaConv,bevFrtRoadHeavy
RO,h0232,0.44087101817369634,scr1987,avaConv,bevFrtRoadHeavy
RO,h0233,0.4238763077849894,scr1987,avaConv,bevFrtRoadHeavy
RO,h0234,0.42475104646724215,scr1987,avaConv,bevFrtRoadHeavy
RO,h0235,0.4319200408132593,scr1987,avaConv,bevFrtRoadHeavy
RO,h0236,0.43001628361222455,scr1987,avaConv,bevFrtRoadHeavy
RO,h0237,0.4030413848559151,scr1987,avaConv,bevFrtRoadHeavy
RO,h0238,0.3378548176581284,scr1987,avaConv,bevFrtRoadHeavy
RO,h0239,0.2576443964683133,scr1987,avaConv,bevFrtRoadHeavy
RO,h0240,0.18561534260695556,scr1987,avaConv,bevFrtRoadHeavy
PT,h0193,0.6065778193601488,scr1987,avaConv,bevFrtRoadHeavy
PT,h0194,0.6255791545866285,scr1987,avaConv,bevFrtRoadHeavy
PT,h0195,0.628629875890605,scr1987,avaConv,bevFrtRoadHeavy
PT,h0196,0.6358352094190205,scr1987,avaConv,bevFrtRoadHeavy
PT,h0197,0.622714919590746,scr1987,avaConv,bevFrtRoadHeavy
PT,h0198,0.6023471197695103,scr1987,avaConv,bevFrtRoadHeavy
PT,h0199,0.5704613592836285,scr1987,avaConv,bevFrtRoadHeavy
PT,h0200,0.5425761574553869,scr1987,avaConv,bevFrtRoadHeavy
PT,h0201,0.5152039880210424,scr1987,avaConv,bevFrtRoadHeavy
PT,h0202,0.4934750736579514,scr1987,avaConv,bevFrtRoadHeavy
PT,h0203,0.46898760273088236,scr1987,avaConv,bevFrtRoadHeavy
PT,h0204,0.42525419238352535,scr1987,avaConv,bevFrtRoadHeavy
PT,h0205,0.3668370312020137,scr1987,avaConv,bevFrtRoadHeavy
PT,h0206,0.30213525277940967,scr1987,avaConv,bevFrtRoadHeavy
PT,h0207,0.26965652459547584,scr1987,avaConv,bevFrtRoadHeavy
PT,h0208,0.2769439538699303,scr1987,avaConv,bevFrtRoadHeavy
PT,h0209,0.3158592290306892,scr1987,avaConv,bevFrtRoadHeavy
PT,h0210,0.34706131321315636,scr1987,avaConv,bevFrtRoadHeavy
PT,h0211,0.3550785607311733,scr1987,avaConv,bevFrtRoadHeavy
PT,h0212,0.32775194159953625,scr1987,avaConv,bevFrtRoadHeavy
PT,h0213,0.29558726161756343,scr1987,avaConv,bevFrtRoadHeavy
PT,h0214,0.29294821933071136,scr1987,avaConv,bevFrtRoadHeavy
PT,h0215,0.34255361404001716,scr1987,avaConv,bevFrtRoadHeavy
PT,h0216,0.42542744194510496,scr1987,avaConv,bevFrtRoadHeavy
PT,h0217,0.37892792034026224,scr1987,avaConv,bevFrtRoadHeavy
PT,h0218,0.3539822128236376,scr1987,avaConv,bevFrtRoadHeavy
PT,h0219,0.3392348999880248,scr1987,avaConv,bevFrtRoadHeavy
PT,h0220,0.4708399255888951,scr1987,avaConv,bevFrtRoadHeavy
PT,h0221,0.5523503103475336,scr1987,avaConv,bevFrtRoadHeavy
PT,h0222,0.5949932052422389,scr1987,avaConv,bevFrtRoadHeavy
PT,h0223,0.5985419064586246,scr1987,avaConv,bevFrtRoadHeavy
PT,h0224,0.5783693864541832,scr1987,avaConv,bevFrtRoadHeavy
PT,h0225,0.5480731256653382,scr1987,avaConv,bevFrtRoadHeavy
PT,h0226,0.5283765871767492,scr1987,avaConv,bevFrtRoadHeavy
PT,h0227,0.5224214589407445,scr1987,avaConv,bevFrtRoadHeavy
PT,h0228,0.5246963164235332,scr1987,avaConv,bevFrtRoadHeavy
PT,h0229,0.5182925959839317,scr1987,avaConv,bevFrtRoadHeavy
PT,h0230,0.4989653477870366,scr1987,avaConv,bevFrtRoadHeavy
PT,h0231,0.46746737364279056,scr1987,avaConv,bevFrtRoadHeavy
PT,h0232,0.44087101817369634,scr1987,avaConv,bevFrtRoadHeavy
PT,h0233,0.4238763077849894,scr1987,avaConv,bevFrtRoadHeavy
PT,h0234,0.42475104646724215,scr1987,avaConv,bevFrtRoadHeavy
PT,h0235,0.4319200408132593,scr1987,avaConv,bevFrtRoadHeavy
PT,h0236,0.43001628361222455,scr1987,avaConv,bevFrtRoadHeavy
PT,h0237,0.4030413848559151,scr1987,avaConv,bevFrtRoadHeavy
PT,h0238,0.3378548176581284,scr1987,avaConv,bevFrtRoadHeavy
PT,h0239,0.2576443964683133,scr1987,avaConv,bevFrtRoadHeavy
PT,h0240,0.18561534260695556,scr1987,avaConv,bevFrtRoadHeavy
SK,h0193,0.6065778193601488,scr1987,avaConv,bevFrtRoadHeavy
SK,h0194,0.6255791545866285,scr1987,avaConv,bevFrtRoadHeavy
SK,h0195,0.628629875890605,scr1987,avaConv,bevFrtRoadHeavy
SK,h0196,0.6358352094190205,scr1987,avaConv,bevFrtRoadHeavy
SK,h0197,0.622714919590746,scr1987,avaConv,bevFrtRoadHeavy
SK,h0198,0.6023471197695103,scr1987,avaConv,bevFrtRoadHeavy
SK,h0199,0.5704613592836285,scr1987,avaConv,bevFrtRoadHeavy
SK,h0200,0.5425761574553869,scr1987,avaConv,bevFrtRoadHeavy
SK,h0201,0.5152039880210424,scr1987,avaConv,bevFrtRoadHeavy
SK,h0202,0.4934750736579514,scr1987,avaConv,bevFrtRoadHeavy
SK,h0203,0.46898760273088236,scr1987,avaConv,bevFrtRoadHeavy
SK,h0204,0.42525419238352535,scr1987,avaConv,bevFrtRoadHeavy
SK,h0205,0.3668370312020137,scr1987,avaConv,bevFrtRoadHeavy
SK,h0206,0.30213525277940967,scr1987,avaConv,bevFrtRoadHeavy
SK,h0207,0.26965652459547584,scr1987,avaConv,bevFrtRoadHeavy
SK,h0208,0.2769439538699303,scr1987,avaConv,bevFrtRoadHeavy
SK,h0209,0.3158592290306892,scr1987,avaConv,bevFrtRoadHeavy
SK,h0210,0.34706131321315636,scr1987,avaConv,bevFrtRoadHeavy
SK,h0211,0.3550785607311733,scr1987,avaConv,bevFrtRoadHeavy
SK,h0212,0.32775194159953625,scr1987,avaConv,bevFrtRoadHeavy
SK,h0213,0.29558726161756343,scr1987,avaConv,bevFrtRoadHeavy
SK,h0214,0.29294821933071136,scr1987,avaConv,bevFrtRoadHeavy
SK,h0215,0.34255361404001716,scr1987,avaConv,bevFrtRoadHeavy
SK,h0216,0.42542744194510496,scr1987,avaConv,bevFrtRoadHeavy
SK,h0217,0.37892792034026224,scr1987,avaConv,bevFrtRoadHeavy
SK,h0218,0.3539822128236376,scr1987,avaConv,bevFrtRoadHeavy
SK,h0219,0.3392348999880248,scr1987,avaConv,bevFrtRoadHeavy
SK,h0220,0.4708399255888951,scr1987,avaConv,bevFrtRoadHeavy
SK,h0221,0.5523503103475336,scr1987,avaConv,bevFrtRoadHeavy
SK,h0222,0.5949932052422389,scr1987,avaConv,bevFrtRoadHeavy
SK,h0223,0.5985419064586246,scr1987,avaConv,bevFrtRoadHeavy
SK,h0224,0.5783693864541832,scr1987,avaConv,bevFrtRoadHeavy
SK,h0225,0.5480731256653382,scr1987,avaConv,bevFrtRoadHeavy
SK,h0226,0.5283765871767492,scr1987,avaConv,bevFrtRoadHeavy
SK,h0227,0.5224214589407445,scr1987,avaConv,bevFrtRoadHeavy
SK,h0228,0.5246963164235332,scr1987,avaConv,bevFrtRoadHeavy
SK,h0229,0.5182925959839317,scr1987,avaConv,bevFrtRoadHeavy
SK,h0230,0.4989653477870366,scr1987,avaConv,bevFrtRoadHeavy
SK,h0231,0.46746737364279056,scr1987,avaConv,bevFrtRoadHeavy
SK,h0232,0.44087101817369634,scr1987,avaConv,bevFrtRoadHeavy
SK,h0233,0.4238763077849894,scr1987,avaConv,bevFrtRoadHeavy
SK,h0234,0.42475104646724215,scr1987,avaConv,bevFrtRoadHeavy
SK,h0235,0.4319200408132593,scr1987,avaConv,bevFrtRoadHeavy
SK,h0236,0.43001628361222455,scr1987,avaConv,bevFrtRoadHeavy
SK,h0237,0.4030413848559151,scr1987,avaConv,bevFrtRoadHeavy
SK,h0238,0.3378548176581284,scr1987,avaConv,bevFrtRoadHeavy
SK,h0239,0.2576443964683133,scr1987,avaConv,bevFrtRoadHeavy
SK,h0240,0.18561534260695556,scr1987,avaConv,bevFrtRoadHeavy
SI,h0193,0.6065778193601488,scr1987,avaConv,bevFrtRoadHeavy
SI,h0194,0.6255791545866285,scr1987,avaConv,bevFrtRoadHeavy
SI,h0195,0.628629875890605,scr1987,avaConv,bevFrtRoadHeavy
SI,h0196,0.6358352094190205,scr1987,avaConv,bevFrtRoadHeavy
SI,h0197,0.622714919590746,scr1987,avaConv,bevFrtRoadHeavy
SI,h0198,0.6023471197695103,scr1987,avaConv,bevFrtRoadHeavy
SI,h0199,0.5704613592836285,scr1987,avaConv,bevFrtRoadHeavy
SI,h0200,0.5425761574553869,scr1987,avaConv,bevFrtRoadHeavy
SI,h0201,0.5152039880210424,scr1987,avaConv,bevFrtRoadHeavy
SI,h0202,0.4934750736579514,scr1987,avaConv,bevFrtRoadHeavy
SI,h0203,0.46898760273088236,scr1987,avaConv,bevFrtRoadHeavy
SI,h0204,0.42525419238352535,scr1987,avaConv,bevFrtRoadHeavy
SI,h0205,0.3668370312020137,scr1987,avaConv,bevFrtRoadHeavy
SI,h0206,0.30213525277940967,scr1987,avaConv,bevFrtRoadHeavy
SI,h0207,0.26965652459547584,scr1987,avaConv,bevFrtRoadHeavy
SI,h0208,0.2769439538699303,scr1987,avaConv,bevFrtRoadHeavy
SI,h0209,0.3158592290306892,scr1987,avaConv,bevFrtRoadHeavy
SI,h0210,0.34706131321315636,scr1987,avaConv,bevFrtRoadHeavy
SI,h0211,0.3550785607311733,scr1987,avaConv,bevFrtRoadHeavy
SI,h0212,0.32775194159953625,scr1987,avaConv,bevFrtRoadHeavy
SI,h0213,0.29558726161756343,scr1987,avaConv,bevFrtRoadHeavy
SI,h0214,0.29294821933071136,scr1987,avaConv,bevFrtRoadHeavy
SI,h0215,0.34255361404001716,scr1987,avaConv,bevFrtRoadHeavy
SI,h0216,0.42542744194510496,scr1987,avaConv,bevFrtRoadHeavy
SI,h0217,0.37892792034026224,scr1987,avaConv,bevFrtRoadHeavy
SI,h0218,0.3539822128236376,scr1987,avaConv,bevFrtRoadHeavy
SI,h0219,0.3392348999880248,scr1987,avaConv,bevFrtRoadHeavy
SI,h0220,0.4708399255888951,scr1987,avaConv,bevFrtRoadHeavy
SI,h0221,0.5523503103475336,scr1987,avaConv,bevFrtRoadHeavy
SI,h0222,0.5949932052422389,scr1987,avaConv,bevFrtRoadHeavy
SI,h0223,0.5985419064586246,scr1987,avaConv,bevFrtRoadHeavy
SI,h0224,0.5783693864541832,scr1987,avaConv,bevFrtRoadHeavy
SI,h0225,0.5480731256653382,scr1987,avaConv,bevFrtRoadHeavy
SI,h0226,0.5283765871767492,scr1987,avaConv,bevFrtRoadHeavy
SI,h0227,0.5224214589407445,scr1987,avaConv,bevFrtRoadHeavy
SI,h0228,0.5246963164235332,scr1987,avaConv,bevFrtRoadHeavy
SI,h0229,0.5182925959839317,scr1987,avaConv,bevFrtRoadHeavy
SI,h0230,0.4989653477870366,scr1987,avaConv,bevFrtRoadHeavy
SI,h0231,0.46746737364279056,scr1987,avaConv,bevFrtRoadHeavy
SI,h0232,0.44087101817369634,scr1987,avaConv,bevFrtRoadHeavy
SI,h0233,0.4238763077849894,scr1987,avaConv,bevFrtRoadHeavy
SI,h0234,0.42475104646724215,scr1987,avaConv,bevFrtRoadHeavy
SI,h0235,0.4319200408132593,scr1987,avaConv,bevFrtRoadHeavy
SI,h0236,0.43001628361222455,scr1987,avaConv,bevFrtRoadHeavy
SI,h0237,0.4030413848559151,scr1987,avaConv,bevFrtRoadHeavy
SI,h0238,0.3378548176581284,scr1987,avaConv,bevFrtRoadHeavy
SI,h0239,0.2576443964683133,scr1987,avaConv,bevFrtRoadHeavy
SI,h0240,0.18561534260695556,scr1987,avaConv,bevFrtRoadHeavy
SE,h0193,0.6065778193601488,scr1987,avaConv,bevFrtRoadHeavy
SE,h0194,0.6255791545866285,scr1987,avaConv,bevFrtRoadHeavy
SE,h0195,0.628629875890605,scr1987,avaConv,bevFrtRoadHeavy
SE,h0196,0.6358352094190205,scr1987,avaConv,bevFrtRoadHeavy
SE,h0197,0.622714919590746,scr1987,avaConv,bevFrtRoadHeavy
SE,h0198,0.6023471197695103,scr1987,avaConv,bevFrtRoadHeavy
SE,h0199,0.5704613592836285,scr1987,avaConv,bevFrtRoadHeavy
SE,h0200,0.5425761574553869,scr1987,avaConv,bevFrtRoadHeavy
SE,h0201,0.5152039880210424,scr1987,avaConv,bevFrtRoadHeavy
SE,h0202,0.4934750736579514,scr1987,avaConv,bevFrtRoadHeavy
SE,h0203,0.46898760273088236,scr1987,avaConv,bevFrtRoadHeavy
SE,h0204,0.42525419238352535,scr1987,avaConv,bevFrtRoadHeavy
SE,h0205,0.3668370312020137,scr1987,avaConv,bevFrtRoadHeavy
SE,h0206,0.30213525277940967,scr1987,avaConv,bevFrtRoadHeavy
SE,h0207,0.26965652459547584,scr1987,avaConv,bevFrtRoadHeavy
SE,h0208,0.2769439538699303,scr1987,avaConv,bevFrtRoadHeavy
SE,h0209,0.3158592290306892,scr1987,avaConv,bevFrtRoadHeavy
SE,h0210,0.34706131321315636,scr1987,avaConv,bevFrtRoadHeavy
SE,h0211,0.3550785607311733,scr1987,avaConv,bevFrtRoadHeavy
SE,h0212,0.32775194159953625,scr1987,avaConv,bevFrtRoadHeavy
SE,h0213,0.29558726161756343,scr1987,avaConv,bevFrtRoadHeavy
SE,h0214,0.29294821933071136,scr1987,avaConv,bevFrtRoadHeavy
SE,h0215,0.34255361404001716,scr1987,avaConv,bevFrtRoadHeavy
SE,h0216,0.42542744194510496,scr1987,avaConv,bevFrtRoadHeavy
SE,h0217,0.37892792034026224,scr1987,avaConv,bevFrtRoadHeavy
SE,h0218,0.3539822128236376,scr1987,avaConv,bevFrtRoadHeavy
SE,h0219,0.3392348999880248,scr1987,avaConv,bevFrtRoadHeavy
SE,h0220,0.4708399255888951,scr1987,avaConv,bevFrtRoadHeavy
SE,h0221,0.5523503103475336,scr1987,avaConv,bevFrtRoadHeavy
SE,h0222,0.5949932052422389,scr1987,avaConv,bevFrtRoadHeavy
SE,h0223,0.5985419064586246,scr1987,avaConv,bevFrtRoadHeavy
SE,h0224,0.5783693864541832,scr1987,avaConv,bevFrtRoadHeavy
SE,h0225,0.5480731256653382,scr1987,avaConv,bevFrtRoadHeavy
SE,h0226,0.5283765871767492,scr1987,avaConv,bevFrtRoadHeavy
SE,h0227,0.5224214589407445,scr1987,avaConv,bevFrtRoadHeavy
SE,h0228,0.5246963164235332,scr1987,avaConv,bevFrtRoadHeavy
SE,h0229,0.5182925959839317,scr1987,avaConv,bevFrtRoadHeavy
SE,h0230,0.4989653477870366,scr1987,avaConv,bevFrtRoadHeavy
SE,h0231,0.46746737364279056,scr1987,avaConv,bevFrtRoadHeavy
SE,h0232,0.44087101817369634,scr1987,avaConv,bevFrtRoadHeavy
SE,h0233,0.4238763077849894,scr1987,avaConv,bevFrtRoadHeavy
SE,h0234,0.42475104646724215,scr1987,avaConv,bevFrtRoadHeavy
SE,h0235,0.4319200408132593,scr1987,avaConv,bevFrtRoadHeavy
SE,h0236,0.43001628361222455,scr1987,avaConv,bevFrtRoadHeavy
SE,h0237,0.4030413848559151,scr1987,avaConv,bevFrtRoadHeavy
SE,h0238,0.3378548176581284,scr1987,avaConv,bevFrtRoadHeavy
SE,h0239,0.2576443964683133,scr1987,avaConv,bevFrtRoadHeavy
SE,h0240,0.18561534260695556,scr1987,avaConv,bevFrtRoadHeavy
UK,h0193,0.6065778193601488,scr1987,avaConv,bevFrtRoadHeavy
UK,h0194,0.6255791545866285,scr1987,avaConv,bevFrtRoadHeavy
UK,h0195,0.628629875890605,scr1987,avaConv,bevFrtRoadHeavy
UK,h0196,0.6358352094190205,scr1987,avaConv,bevFrtRoadHeavy
UK,h0197,0.622714919590746,scr1987,avaConv,bevFrtRoadHeavy
UK,h0198,0.6023471197695103,scr1987,avaConv,bevFrtRoadHeavy
UK,h0199,0.5704613592836285,scr1987,avaConv,bevFrtRoadHeavy
UK,h0200,0.5425761574553869,scr1987,avaConv,bevFrtRoadHeavy
UK,h0201,0.5152039880210424,scr1987,avaConv,bevFrtRoadHeavy
UK,h0202,0.4934750736579514,scr1987,avaConv,bevFrtRoadHeavy
UK,h0203,0.46898760273088236,scr1987,avaConv,bevFrtRoadHeavy
UK,h0204,0.42525419238352535,scr1987,avaConv,bevFrtRoadHeavy
UK,h0205,0.3668370312020137,scr1987,avaConv,bevFrtRoadHeavy
UK,h0206,0.30213525277940967,scr1987,avaConv,bevFrtRoadHeavy
UK,h0207,0.26965652459547584,scr1987,avaConv,bevFrtRoadHeavy
UK,h0208,0.2769439538699303,scr1987,avaConv,bevFrtRoadHeavy
UK,h0209,0.3158592290306892,scr1987,avaConv,bevFrtRoadHeavy
UK,h0210,0.34706131321315636,scr1987,avaConv,bevFrtRoadHeavy
UK,h0211,0.3550785607311733,scr1987,avaConv,bevFrtRoadHeavy
UK,h0212,0.32775194159953625,scr1987,avaConv,bevFrtRoadHeavy
UK,h0213,0.29558726161756343,scr1987,avaConv,bevFrtRoadHeavy
UK,h0214,0.29294821933071136,scr1987,avaConv,bevFrtRoadHeavy
UK,h0215,0.34255361404001716,scr1987,avaConv,bevFrtRoadHeavy
UK,h0216,0.42542744194510496,scr1987,avaConv,bevFrtRoadHeavy
UK,h0217,0.37892792034026224,scr1987,avaConv,bevFrtRoadHeavy
UK,h0218,0.3539822128236376,scr1987,avaConv,bevFrtRoadHeavy
UK,h0219,0.3392348999880248,scr1987,avaConv,bevFrtRoadHeavy
UK,h0220,0.4708399255888951,scr1987,avaConv,bevFrtRoadHeavy
UK,h0221,0.5523503103475336,scr1987,avaConv,bevFrtRoadHeavy
UK,h0222,0.5949932052422389,scr1987,avaConv,bevFrtRoadHeavy
UK,h0223,0.5985419064586246,scr1987,avaConv,bevFrtRoadHeavy
UK,h0224,0.5783693864541832,scr1987,avaConv,bevFrtRoadHeavy
UK,h0225,0.5480731256653382,scr1987,avaConv,bevFrtRoadHeavy
UK,h0226,0.5283765871767487,scr1987,avaConv,bevFrtRoadHeavy
UK,h0227,0.5224214589407441,scr1987,avaConv,bevFrtRoadHeavy
UK,h0228,0.5246963164235332,scr1987,avaConv,bevFrtRoadHeavy
UK,h0229,0.5182925959839313,scr1987,avaConv,bevFrtRoadHeavy
UK,h0230,0.4989653477870366,scr1987,avaConv,bevFrtRoadHeavy
UK,h0231,0.46746737364279056,scr1987,avaConv,bevFrtRoadHeavy
UK,h0232,0.44087101817369634,scr1987,avaConv,bevFrtRoadHeavy
UK,h0233,0.4238763077849894,scr1987,avaConv,bevFrtRoadHeavy
UK,h0234,0.42475104646724215,scr1987,avaConv,bevFrtRoadHeavy
UK,h0235,0.43192004081325974,scr1987,avaConv,bevFrtRoadHeavy
UK,h0236,0.43001628361222455,scr1987,avaConv,bevFrtRoadHeavy
UK,h0237,0.4030413848559151,scr1987,avaConv,bevFrtRoadHeavy
UK,h0238,0.3378548176581284,scr1987,avaConv,bevFrtRoadHeavy
UK,h0239,0.2576443964683133,scr1987,avaConv,bevFrtRoadHeavy
UK,h0240,0.185615342606956,scr1987,avaConv,bevFrtRoadHeavy
RS,h0193,0.6065778193601488,scr1987,avaConv,bevFrtRoadHeavy
RS,h0194,0.6255791545866285,scr1987,avaConv,bevFrtRoadHeavy
RS,h0195,0.628629875890605,scr1987,avaConv,bevFrtRoadHeavy
RS,h0196,0.6358352094190205,scr1987,avaConv,bevFrtRoadHeavy
RS,h0197,0.622714919590746,scr1987,avaConv,bevFrtRoadHeavy
RS,h0198,0.6023471197695103,scr1987,avaConv,bevFrtRoadHeavy
RS,h0199,0.5704613592836285,scr1987,avaConv,bevFrtRoadHeavy
RS,h0200,0.5425761574553869,scr1987,avaConv,bevFrtRoadHeavy
RS,h0201,0.5152039880210424,scr1987,avaConv,bevFrtRoadHeavy
RS,h0202,0.4934750736579514,scr1987,avaConv,bevFrtRoadHeavy
RS,h0203,0.46898760273088236,scr1987,avaConv,bevFrtRoadHeavy
RS,h0204,0.42525419238352535,scr1987,avaConv,bevFrtRoadHeavy
RS,h0205,0.3668370312020137,scr1987,avaConv,bevFrtRoadHeavy
RS,h0206,0.30213525277940967,scr1987,avaConv,bevFrtRoadHeavy
RS,h0207,0.26965652459547584,scr1987,avaConv,bevFrtRoadHeavy
RS,h0208,0.2769439538699303,scr1987,avaConv,bevFrtRoadHeavy
RS,h0209,0.3158592290306892,scr1987,avaConv,bevFrtRoadHeavy
RS,h0210,0.34706131321315636,scr1987,avaConv,bevFrtRoadHeavy
RS,h0211,0.3550785607311733,scr1987,avaConv,bevFrtRoadHeavy
RS,h0212,0.32775194159953625,scr1987,avaConv,bevFrtRoadHeavy
RS,h0213,0.29558726161756343,scr1987,avaConv,bevFrtRoadHeavy
RS,h0214,0.29294821933071136,scr1987,avaConv,bevFrtRoadHeavy
RS,h0215,0.34255361404001716,scr1987,avaConv,bevFrtRoadHeavy
RS,h0216,0.42542744194510496,scr1987,avaConv,bevFrtRoadHeavy
RS,h0217,0.37892792034026224,scr1987,avaConv,bevFrtRoadHeavy
RS,h0218,0.3539822128236376,scr1987,avaConv,bevFrtRoadHeavy
RS,h0219,0.3392348999880248,scr1987,avaConv,bevFrtRoadHeavy
RS,h0220,0.4708399255888951,scr1987,avaConv,bevFrtRoadHeavy
RS,h0221,0.5523503103475336,scr1987,avaConv,bevFrtRoadHeavy
RS,h0222,0.5949932052422389,scr1987,avaConv,bevFrtRoadHeavy
RS,h0223,0.5985419064586246,scr1987,avaConv,bevFrtRoadHeavy
RS,h0224,0.5783693864541832,scr1987,avaConv,bevFrtRoadHeavy
RS,h0225,0.5480731256653382,scr1987,avaConv,bevFrtRoadHeavy
RS,h0226,0.5283765871767492,scr1987,avaConv,bevFrtRoadHeavy
RS,h0227,0.5224214589407445,scr1987,avaConv,bevFrtRoadHeavy
RS,h0228,0.5246963164235332,scr1987,avaConv,bevFrtRoadHeavy
RS,h0229,0.5182925959839317,scr1987,avaConv,bevFrtRoadHeavy
RS,h0230,0.4989653477870366,scr1987,avaConv,bevFrtRoadHeavy
RS,h0231,0.46746737364279056,scr1987,avaConv,bevFrtRoadHeavy
RS,h0232,0.44087101817369634,scr1987,avaConv,bevFrtRoadHeavy
RS,h0233,0.4238763077849894,scr1987,avaConv,bevFrtRoadHeavy
RS,h0234,0.42475104646724215,scr1987,avaConv,bevFrtRoadHeavy
RS,h0235,0.4319200408132593,scr1987,avaConv,bevFrtRoadHeavy
RS,h0236,0.43001628361222455,scr1987,avaConv,bevFrtRoadHeavy
RS,h0237,0.4030413848559151,scr1987,avaConv,bevFrtRoadHeavy
RS,h0238,0.3378548176581284,scr1987,avaConv,bevFrtRoadHeavy
RS,h0239,0.2576443964683133,scr1987,avaConv,bevFrtRoadHeavy
RS,h0240,0.18561534260695556,scr1987,avaConv,bevFrtRoadHeavy
BA,h0193,0.6065778193601488,scr1987,avaConv,bevFrtRoadHeavy
BA,h0194,0.6255791545866285,scr1987,avaConv,bevFrtRoadHeavy
BA,h0195,0.628629875890605,scr1987,avaConv,bevFrtRoadHeavy
BA,h0196,0.6358352094190205,scr1987,avaConv,bevFrtRoadHeavy
BA,h0197,0.622714919590746,scr1987,avaConv,bevFrtRoadHeavy
BA,h0198,0.6023471197695103,scr1987,avaConv,bevFrtRoadHeavy
BA,h0199,0.5704613592836285,scr1987,avaConv,bevFrtRoadHeavy
BA,h0200,0.5425761574553869,scr1987,avaConv,bevFrtRoadHeavy
BA,h0201,0.5152039880210424,scr1987,avaConv,bevFrtRoadHeavy
BA,h0202,0.4934750736579514,scr1987,avaConv,bevFrtRoadHeavy
BA,h0203,0.46898760273088236,scr1987,avaConv,bevFrtRoadHeavy
BA,h0204,0.42525419238352535,scr1987,avaConv,bevFrtRoadHeavy
BA,h0205,0.3668370312020137,scr1987,avaConv,bevFrtRoadHeavy
BA,h0206,0.30213525277940967,scr1987,avaConv,bevFrtRoadHeavy
BA,h0207,0.26965652459547584,scr1987,avaConv,bevFrtRoadHeavy
BA,h0208,0.2769439538699303,scr1987,avaConv,bevFrtRoadHeavy
BA,h0209,0.3158592290306892,scr1987,avaConv,bevFrtRoadHeavy
BA,h0210,0.34706131321315636,scr1987,avaConv,bevFrtRoadHeavy
BA,h0211,0.3550785607311733,scr1987,avaConv,bevFrtRoadHeavy
BA,h0212,0.32775194159953625,scr1987,avaConv,bevFrtRoadHeavy
BA,h0213,0.29558726161756343,scr1987,avaConv,bevFrtRoadHeavy
BA,h0214,0.29294821933071136,scr1987,avaConv,bevFrtRoadHeavy
BA,h0215,0.34255361404001716,scr1987,avaConv,bevFrtRoadHeavy
BA,h0216,0.42542744194510496,scr1987,avaConv,bevFrtRoadHeavy
BA,h0217,0.37892792034026224,scr1987,avaConv,bevFrtRoadHeavy
BA,h0218,0.3539822128236376,scr1987,avaConv,bevFrtRoadHeavy
BA,h0219,0.3392348999880248,scr1987,avaConv,bevFrtRoadHeavy
BA,h0220,0.4708399255888951,scr1987,avaConv,bevFrtRoadHeavy
BA,h0221,0.5523503103475336,scr1987,avaConv,bevFrtRoadHeavy
BA,h0222,0.5949932052422389,scr1987,avaConv,bevFrtRoadHeavy
BA,h0223,0.5985419064586246,scr1987,avaConv,bevFrtRoadHeavy
BA,h0224,0.5783693864541832,scr1987,avaConv,bevFrtRoadHeavy
BA,h0225,0.5480731256653382,scr1987,avaConv,bevFrtRoadHeavy
BA,h0226,0.5283765871767492,scr1987,avaConv,bevFrtRoadHeavy
BA,h0227,0.5224214589407445,scr1987,avaConv,bevFrtRoadHeavy
BA,h0228,0.5246963164235332,scr1987,avaConv,bevFrtRoadHeavy
BA,h0229,0.5182925959839317,scr1987,avaConv,bevFrtRoadHeavy
BA,h0230,0.4989653477870366,scr1987,avaConv,bevFrtRoadHeavy
BA,h0231,0.46746737364279056,scr1987,avaConv,bevFrtRoadHeavy
BA,h0232,0.44087101817369634,scr1987,avaConv,bevFrtRoadHeavy
BA,h0233,0.4238763077849894,scr1987,avaConv,bevFrtRoadHeavy
BA,h0234,0.42475104646724215,scr1987,avaConv,bevFrtRoadHeavy
BA,h0235,0.4319200408132593,scr1987,avaConv,bevFrtRoadHeavy
BA,h0236,0.43001628361222455,scr1987,avaConv,bevFrtRoadHeavy
BA,h0237,0.4030413848559151,scr1987,avaConv,bevFrtRoadHeavy
BA,h0238,0.3378548176581284,scr1987,avaConv,bevFrtRoadHeavy
BA,h0239,0.2576443964683133,scr1987,avaConv,bevFrtRoadHeavy
BA,h0240,0.18561534260695556,scr1987,avaConv,bevFrtRoadHeavy
AL,h0193,0.6065778193601488,scr1987,avaConv,bevFrtRoadHeavy
AL,h0194,0.6255791545866285,scr1987,avaConv,bevFrtRoadHeavy
AL,h0195,0.628629875890605,scr1987,avaConv,bevFrtRoadHeavy
AL,h0196,0.6358352094190205,scr1987,avaConv,bevFrtRoadHeavy
AL,h0197,0.622714919590746,scr1987,avaConv,bevFrtRoadHeavy
AL,h0198,0.6023471197695103,scr1987,avaConv,bevFrtRoadHeavy
AL,h0199,0.5704613592836285,scr1987,avaConv,bevFrtRoadHeavy
AL,h0200,0.5425761574553869,scr1987,avaConv,bevFrtRoadHeavy
AL,h0201,0.5152039880210424,scr1987,avaConv,bevFrtRoadHeavy
AL,h0202,0.4934750736579514,scr1987,avaConv,bevFrtRoadHeavy
AL,h0203,0.46898760273088236,scr1987,avaConv,bevFrtRoadHeavy
AL,h0204,0.42525419238352535,scr1987,avaConv,bevFrtRoadHeavy
AL,h0205,0.3668370312020137,scr1987,avaConv,bevFrtRoadHeavy
AL,h0206,0.30213525277940967,scr1987,avaConv,bevFrtRoadHeavy
AL,h0207,0.26965652459547584,scr1987,avaConv,bevFrtRoadHeavy
AL,h0208,0.2769439538699303,scr1987,avaConv,bevFrtRoadHeavy
AL,h0209,0.3158592290306892,scr1987,avaConv,bevFrtRoadHeavy
AL,h0210,0.34706131321315636,scr1987,avaConv,bevFrtRoadHeavy
AL,h0211,0.3550785607311733,scr1987,avaConv,bevFrtRoadHeavy
AL,h0212,0.32775194159953625,scr1987,avaConv,bevFrtRoadHeavy
AL,h0213,0.29558726161756343,scr1987,avaConv,bevFrtRoadHeavy
AL,h0214,0.29294821933071136,scr1987,avaConv,bevFrtRoadHeavy
AL,h0215,0.34255361404001716,scr1987,avaConv,bevFrtRoadHeavy
AL,h0216,0.42542744194510496,scr1987,avaConv,bevFrtRoadHeavy
AL,h0217,0.37892792034026224,scr1987,avaConv,bevFrtRoadHeavy
AL,h0218,0.3539822128236376,scr1987,avaConv,bevFrtRoadHeavy
AL,h0219,0.3392348999880248,scr1987,avaConv,bevFrtRoadHeavy
AL,h0220,0.4708399255888951,scr1987,avaConv,bevFrtRoadHeavy
AL,h0221,0.5523503103475336,scr1987,avaConv,bevFrtRoadHeavy
AL,h0222,0.5949932052422389,scr1987,avaConv,bevFrtRoadHeavy
AL,h0223,0.5985419064586246,scr1987,avaConv,bevFrtRoadHeavy
AL,h0224,0.5783693864541832,scr1987,avaConv,bevFrtRoadHeavy
AL,h0225,0.5480731256653382,scr1987,avaConv,bevFrtRoadHeavy
AL,h0226,0.5283765871767492,scr1987,avaConv,bevFrtRoadHeavy
AL,h0227,0.5224214589407445,scr1987,avaConv,bevFrtRoadHeavy
AL,h0228,0.5246963164235332,scr1987,avaConv,bevFrtRoadHeavy
AL,h0229,0.5182925959839317,scr1987,avaConv,bevFrtRoadHeavy
AL,h0230,0.4989653477870366,scr1987,avaConv,bevFrtRoadHeavy
AL,h0231,0.46746737364279056,scr1987,avaConv,bevFrtRoadHeavy
AL,h0232,0.44087101817369634,scr1987,avaConv,bevFrtRoadHeavy
AL,h0233,0.4238763077849894,scr1987,avaConv,bevFrtRoadHeavy
AL,h0234,0.42475104646724215,scr1987,avaConv,bevFrtRoadHeavy
AL,h0235,0.4319200408132593,scr1987,avaConv,bevFrtRoadHeavy
AL,h0236,0.43001628361222455,scr1987,avaConv,bevFrtRoadHeavy
AL,h0237,0.4030413848559151,scr1987,avaConv,bevFrtRoadHeavy
AL,h0238,0.3378548176581284,scr1987,avaConv,bevFrtRoadHeavy
AL,h0239,0.2576443964683133,scr1987,avaConv,bevFrtRoadHeavy
AL,h0240,0.18561534260695556,scr1987,avaConv,bevFrtRoadHeavy
