region_2,timestep_5,value,scenario_1,parameter,technology_2
AT,hh0103,4.0575010143220425,scr2003,effConv,heatpumpAir
AT,hh0104,4.05812575109303,scr2003,effConv,heatpumpAir
AT,hh0105,4.060000002384186,scr2003,effConv,heatpumpAir
AT,hh0106,4.060000002384186,scr2003,effConv,heatpumpAir
AT,hh0107,4.059583578258753,scr2003,effConv,heatpumpAir
AT,hh0108,4.045606352388859,scr2003,effConv,heatpumpAir
AT,hh0109,4.04164088703692,scr2003,effConv,heatpumpAir
AT,hh0110,4.04728071205318,scr2003,effConv,heatpumpAir
AT,hh0111,4.058958638459444,scr2003,effConv,heatpumpAir
AT,hh0112,4.060000002384186,scr2003,effConv,heatpumpAir
AT,hh0113,4.030484234914184,scr2003,effConv,heatpumpAir
AT,hh0114,3.8988734018057585,scr2003,effConv,heatpumpAir
AT,hh0115,3.7587229907512665,scr2003,effConv,heatpumpAir
AT,hh0116,3.7949800956994295,scr2003,effConv,heatpumpAir
AT,hh0117,4.037512635812163,scr2003,effConv,heatpumpAir
AT,hh0118,3.9627090878784657,scr2003,effConv,heatpumpAir
AT,hh0119,3.9241262171417475,scr2003,effConv,heatpumpAir
AT,hh0120,3.8645364958792925,scr2003,effConv,heatpumpAir
BE,hh0103,4.060000000004948,scr2003,effConv,heatpumpAir
BE,hh0104,4.060000000004948,scr2003,effConv,heatpumpAir
BE,hh0105,4.060000000004948,scr2003,effConv,heatpumpAir
BE,hh0106,4.060000000004948,scr2003,effConv,heatpumpAir
BE,hh0107,4.060000000004948,scr2003,effConv,heatpumpAir
BE,hh0108,4.060000000004948,scr2003,effConv,heatpumpAir
BE,hh0109,4.060000000004948,scr2003,effConv,heatpumpAir
BE,hh0110,4.060000000004948,scr2003,effConv,heatpumpAir
BE,hh0111,4.060000000004948,scr2003,effConv,heatpumpAir
BE,hh0112,4.060000000004948,scr2003,effConv,heatpumpAir
BE,hh0113,4.060000000004948,scr2003,effConv,heatpumpAir
BE,hh0114,4.050857122821981,scr2003,effConv,heatpumpAir
BE,hh0115,4.053351444705186,scr2003,effConv,heatpumpAir
BE,hh0116,4.055847130388429,scr2003,effConv,heatpumpAir
BE,hh0117,4.060000000004948,scr2003,effConv,heatpumpAir
BE,hh0118,4.060000000004948,scr2003,effConv,heatpumpAir
BE,hh0119,4.060000000004948,scr2003,effConv,heatpumpAir
BE,hh0120,4.060000000004948,scr2003,effConv,heatpumpAir
BG,hh0103,4.053604881614917,scr2003,effConv,heatpumpAir
BG,hh0104,4.059200737449405,scr2003,effConv,heatpumpAir
BG,hh0105,4.06,scr2003,effConv,heatpumpAir
BG,hh0106,4.06,scr2003,effConv,heatpumpAir
BG,hh0107,4.06,scr2003,effConv,heatpumpAir
BG,hh0108,4.06,scr2003,effConv,heatpumpAir
BG,hh0109,4.06,scr2003,effConv,heatpumpAir
BG,hh0110,4.06,scr2003,effConv,heatpumpAir
BG,hh0111,4.06,scr2003,effConv,heatpumpAir
BG,hh0112,4.06,scr2003,effConv,heatpumpAir
BG,hh0113,4.06,scr2003,effConv,heatpumpAir
BG,hh0114,4.057602008796011,scr2003,effConv,heatpumpAir
BG,hh0115,3.7677084301378123,scr2003,effConv,heatpumpAir
BG,hh0116,3.91349469882479,scr2003,effConv,heatpumpAir
BG,hh0117,4.06,scr2003,effConv,heatpumpAir
BG,hh0118,4.06,scr2003,effConv,heatpumpAir
BG,hh0119,4.033565742776644,scr2003,effConv,heatpumpAir
BG,hh0120,3.8707193157586595,scr2003,effConv,heatpumpAir
CH,hh0103,4.0589481928618625,scr2003,effConv,heatpumpAir
CH,hh0104,4.058624485795008,scr2003,effConv,heatpumpAir
CH,hh0105,4.059999999997672,scr2003,effConv,heatpumpAir
CH,hh0106,4.059999999997672,scr2003,effConv,heatpumpAir
CH,hh0107,4.058771782600161,scr2003,effConv,heatpumpAir
CH,hh0108,4.035858334844306,scr2003,effConv,heatpumpAir
CH,hh0109,3.9881815435128374,scr2003,effConv,heatpumpAir
CH,hh0110,3.994971234613331,scr2003,effConv,heatpumpAir
CH,hh0111,4.056880500136685,scr2003,effConv,heatpumpAir
CH,hh0112,4.059999999997672,scr2003,effConv,heatpumpAir
CH,hh0113,4.0094262078982865,scr2003,effConv,heatpumpAir
CH,hh0114,3.8176629533099913,scr2003,effConv,heatpumpAir
CH,hh0115,3.7702668294459727,scr2003,effConv,heatpumpAir
CH,hh0116,3.846009031380163,scr2003,effConv,heatpumpAir
CH,hh0117,3.9826487354093842,scr2003,effConv,heatpumpAir
CH,hh0118,3.9820451477571623,scr2003,effConv,heatpumpAir
CH,hh0119,3.960003462572786,scr2003,effConv,heatpumpAir
CH,hh0120,3.9236194993973186,scr2003,effConv,heatpumpAir
CZ,hh0103,4.059999999999999,scr2003,effConv,heatpumpAir
CZ,hh0104,4.059999999999999,scr2003,effConv,heatpumpAir
CZ,hh0105,4.059999999999999,scr2003,effConv,heatpumpAir
CZ,hh0106,4.059999999999999,scr2003,effConv,heatpumpAir
CZ,hh0107,4.059999999999999,scr2003,effConv,heatpumpAir
CZ,hh0108,4.059999999999999,scr2003,effConv,heatpumpAir
CZ,hh0109,4.059999999999999,scr2003,effConv,heatpumpAir
CZ,hh0110,4.059999999999999,scr2003,effConv,heatpumpAir
CZ,hh0111,4.059999999999999,scr2003,effConv,heatpumpAir
CZ,hh0112,4.059999999999999,scr2003,effConv,heatpumpAir
CZ,hh0113,4.055665304865489,scr2003,effConv,heatpumpAir
CZ,hh0114,4.0090226295375215,scr2003,effConv,heatpumpAir
CZ,hh0115,3.9256478813864315,scr2003,effConv,heatpumpAir
CZ,hh0116,3.9606588456686187,scr2003,effConv,heatpumpAir
CZ,hh0117,4.059999999999999,scr2003,effConv,heatpumpAir
CZ,hh0118,4.055911460345616,scr2003,effConv,heatpumpAir
CZ,hh0119,4.047099339211487,scr2003,effConv,heatpumpAir
CZ,hh0120,3.971889481238793,scr2003,effConv,heatpumpAir
DE,hh0103,4.060000000004948,scr2003,effConv,heatpumpAir
DE,hh0104,4.060000000004948,scr2003,effConv,heatpumpAir
DE,hh0105,4.060000000004948,scr2003,effConv,heatpumpAir
DE,hh0106,4.060000000004948,scr2003,effConv,heatpumpAir
DE,hh0107,4.060000000004948,scr2003,effConv,heatpumpAir
DE,hh0108,4.059243462790619,scr2003,effConv,heatpumpAir
DE,hh0109,4.058486860143603,scr2003,effConv,heatpumpAir
DE,hh0110,4.059621747755955,scr2003,effConv,heatpumpAir
DE,hh0111,4.060000000004948,scr2003,effConv,heatpumpAir
DE,hh0112,4.060000000004948,scr2003,effConv,heatpumpAir
DE,hh0113,4.055358952984534,scr2003,effConv,heatpumpAir
DE,hh0114,4.007440387882525,scr2003,effConv,heatpumpAir
DE,hh0115,3.947203962596177,scr2003,effConv,heatpumpAir
DE,hh0116,3.960958236873921,scr2003,effConv,heatpumpAir
DE,hh0117,4.058486860143603,scr2003,effConv,heatpumpAir
DE,hh0118,4.055203074729434,scr2003,effConv,heatpumpAir
DE,hh0119,4.052869649452987,scr2003,effConv,heatpumpAir
DE,hh0120,4.0394312466141855,scr2003,effConv,heatpumpAir
GR,hh0103,4.059999999999999,scr2003,effConv,heatpumpAir
GR,hh0104,4.059999999999999,scr2003,effConv,heatpumpAir
GR,hh0105,4.059999999999999,scr2003,effConv,heatpumpAir
GR,hh0106,4.059999999999999,scr2003,effConv,heatpumpAir
GR,hh0107,4.059999999999999,scr2003,effConv,heatpumpAir
GR,hh0108,4.059999999999999,scr2003,effConv,heatpumpAir
GR,hh0109,4.059999999999999,scr2003,effConv,heatpumpAir
GR,hh0110,4.059999999999999,scr2003,effConv,heatpumpAir
GR,hh0111,4.059999999999999,scr2003,effConv,heatpumpAir
GR,hh0112,4.059999999999999,scr2003,effConv,heatpumpAir
GR,hh0113,4.059999999999999,scr2003,effConv,heatpumpAir
GR,hh0114,4.059999999999999,scr2003,effConv,heatpumpAir
GR,hh0115,4.02664115202132,scr2003,effConv,heatpumpAir
GR,hh0116,4.049227056420603,scr2003,effConv,heatpumpAir
GR,hh0117,4.059999999999999,scr2003,effConv,heatpumpAir
GR,hh0118,4.059999999999999,scr2003,effConv,heatpumpAir
GR,hh0119,4.059150266484533,scr2003,effConv,heatpumpAir
GR,hh0120,4.0549003798649075,scr2003,effConv,heatpumpAir
ES,hh0103,4.059999999999999,scr2003,effConv,heatpumpAir
ES,hh0104,4.059999999999999,scr2003,effConv,heatpumpAir
ES,hh0105,4.059999999999999,scr2003,effConv,heatpumpAir
ES,hh0106,4.059999999999999,scr2003,effConv,heatpumpAir
ES,hh0107,4.059999999999999,scr2003,effConv,heatpumpAir
ES,hh0108,4.059999999999999,scr2003,effConv,heatpumpAir
ES,hh0109,4.059999999999999,scr2003,effConv,heatpumpAir
ES,hh0110,4.059572639528718,scr2003,effConv,heatpumpAir
ES,hh0111,4.059786319764358,scr2003,effConv,heatpumpAir
ES,hh0112,4.059999999999999,scr2003,effConv,heatpumpAir
ES,hh0113,4.059999999999999,scr2003,effConv,heatpumpAir
ES,hh0114,4.058518699145925,scr2003,effConv,heatpumpAir
ES,hh0115,4.059148915680964,scr2003,effConv,heatpumpAir
ES,hh0116,4.059224295315603,scr2003,effConv,heatpumpAir
ES,hh0117,4.059768364297272,scr2003,effConv,heatpumpAir
ES,hh0118,4.059999999999999,scr2003,effConv,heatpumpAir
ES,hh0119,4.059999999999999,scr2003,effConv,heatpumpAir
ES,hh0120,4.057325825810428,scr2003,effConv,heatpumpAir
DK,hh0103,4.060000000004948,scr2003,effConv,heatpumpAir
DK,hh0104,4.060000000004948,scr2003,effConv,heatpumpAir
DK,hh0105,4.060000000004948,scr2003,effConv,heatpumpAir
DK,hh0106,4.060000000004948,scr2003,effConv,heatpumpAir
DK,hh0107,4.060000000004948,scr2003,effConv,heatpumpAir
DK,hh0108,4.060000000004948,scr2003,effConv,heatpumpAir
DK,hh0109,4.060000000004948,scr2003,effConv,heatpumpAir
DK,hh0110,4.060000000004948,scr2003,effConv,heatpumpAir
DK,hh0111,4.060000000004948,scr2003,effConv,heatpumpAir
DK,hh0112,4.060000000004948,scr2003,effConv,heatpumpAir
DK,hh0113,4.052140840474749,scr2003,effConv,heatpumpAir
DK,hh0114,3.8905556809077098,scr2003,effConv,heatpumpAir
DK,hh0115,3.913038755012167,scr2003,effConv,heatpumpAir
DK,hh0116,3.9996135984747525,scr2003,effConv,heatpumpAir
DK,hh0117,4.060000000004948,scr2003,effConv,heatpumpAir
DK,hh0118,4.060000000004948,scr2003,effConv,heatpumpAir
DK,hh0119,4.060000000004948,scr2003,effConv,heatpumpAir
DK,hh0120,4.057919335748011,scr2003,effConv,heatpumpAir
EE,hh0103,4.0576406846577235,scr2003,effConv,heatpumpAir
EE,hh0104,4.06,scr2003,effConv,heatpumpAir
EE,hh0105,4.06,scr2003,effConv,heatpumpAir
EE,hh0106,4.06,scr2003,effConv,heatpumpAir
EE,hh0107,4.06,scr2003,effConv,heatpumpAir
EE,hh0108,4.06,scr2003,effConv,heatpumpAir
EE,hh0109,4.06,scr2003,effConv,heatpumpAir
EE,hh0110,4.06,scr2003,effConv,heatpumpAir
EE,hh0111,4.06,scr2003,effConv,heatpumpAir
EE,hh0112,4.06,scr2003,effConv,heatpumpAir
EE,hh0113,3.9810857964535358,scr2003,effConv,heatpumpAir
EE,hh0114,3.6388301133782464,scr2003,effConv,heatpumpAir
EE,hh0115,3.8798254615017354,scr2003,effConv,heatpumpAir
EE,hh0116,4.051343833895468,scr2003,effConv,heatpumpAir
EE,hh0117,4.06,scr2003,effConv,heatpumpAir
EE,hh0118,4.06,scr2003,effConv,heatpumpAir
EE,hh0119,4.06,scr2003,effConv,heatpumpAir
EE,hh0120,4.06,scr2003,effConv,heatpumpAir
FI,hh0103,3.920830072599239,scr2003,effConv,heatpumpAir
FI,hh0104,4.0459147197876835,scr2003,effConv,heatpumpAir
FI,hh0105,4.06,scr2003,effConv,heatpumpAir
FI,hh0106,4.06,scr2003,effConv,heatpumpAir
FI,hh0107,4.06,scr2003,effConv,heatpumpAir
FI,hh0108,4.058289046581853,scr2003,effConv,heatpumpAir
FI,hh0109,4.051033037958864,scr2003,effConv,heatpumpAir
FI,hh0110,4.058295030232676,scr2003,effConv,heatpumpAir
FI,hh0111,4.059904954308321,scr2003,effConv,heatpumpAir
FI,hh0112,4.0563934385871026,scr2003,effConv,heatpumpAir
FI,hh0113,3.908495102924716,scr2003,effConv,heatpumpAir
FI,hh0114,3.3922460168048856,scr2003,effConv,heatpumpAir
FI,hh0115,3.6132235996298023,scr2003,effConv,heatpumpAir
FI,hh0116,3.98985788068988,scr2003,effConv,heatpumpAir
FI,hh0117,4.06,scr2003,effConv,heatpumpAir
FI,hh0118,4.059144564000325,scr2003,effConv,heatpumpAir
FI,hh0119,4.05857423321698,scr2003,effConv,heatpumpAir
FI,hh0120,4.059144564000325,scr2003,effConv,heatpumpAir
FR,hh0103,4.060000000004948,scr2003,effConv,heatpumpAir
FR,hh0104,4.060000000004948,scr2003,effConv,heatpumpAir
FR,hh0105,4.060000000004948,scr2003,effConv,heatpumpAir
FR,hh0106,4.060000000004948,scr2003,effConv,heatpumpAir
FR,hh0107,4.060000000004948,scr2003,effConv,heatpumpAir
FR,hh0108,4.059413612372737,scr2003,effConv,heatpumpAir
FR,hh0109,4.0563189743843395,scr2003,effConv,heatpumpAir
FR,hh0110,4.056399136718028,scr2003,effConv,heatpumpAir
FR,hh0111,4.059907993807428,scr2003,effConv,heatpumpAir
FR,hh0112,4.060000000004948,scr2003,effConv,heatpumpAir
FR,hh0113,4.058236075537934,scr2003,effConv,heatpumpAir
FR,hh0114,4.045516297730501,scr2003,effConv,heatpumpAir
FR,hh0115,4.039649420186834,scr2003,effConv,heatpumpAir
FR,hh0116,4.046984567115942,scr2003,effConv,heatpumpAir
FR,hh0117,4.058211115887389,scr2003,effConv,heatpumpAir
FR,hh0118,4.0594479440933355,scr2003,effConv,heatpumpAir
FR,hh0119,4.0583284871936485,scr2003,effConv,heatpumpAir
FR,hh0120,4.0483910224338615,scr2003,effConv,heatpumpAir
IT,hh0103,4.056589708172396,scr2003,effConv,heatpumpAir
IT,hh0104,4.0577265675710805,scr2003,effConv,heatpumpAir
IT,hh0105,4.059999999997672,scr2003,effConv,heatpumpAir
IT,hh0106,4.059999999997672,scr2003,effConv,heatpumpAir
IT,hh0107,4.059621190031976,scr2003,effConv,heatpumpAir
IT,hh0108,4.04861849003828,scr2003,effConv,heatpumpAir
IT,hh0109,4.037972447509674,scr2003,effConv,heatpumpAir
IT,hh0110,4.039873244897535,scr2003,effConv,heatpumpAir
IT,hh0111,4.058105090949539,scr2003,effConv,heatpumpAir
IT,hh0112,4.059999999997672,scr2003,effConv,heatpumpAir
IT,hh0113,4.0428877724752965,scr2003,effConv,heatpumpAir
IT,hh0114,3.991231264968519,scr2003,effConv,heatpumpAir
IT,hh0115,3.9781304995940445,scr2003,effConv,heatpumpAir
IT,hh0116,4.001471158031563,scr2003,effConv,heatpumpAir
IT,hh0117,4.040635035629748,scr2003,effConv,heatpumpAir
IT,hh0118,4.0081338594827685,scr2003,effConv,heatpumpAir
IT,hh0119,4.001442344875613,scr2003,effConv,heatpumpAir
IT,hh0120,4.0089088532440655,scr2003,effConv,heatpumpAir
NL,hh0103,4.059999999997672,scr2003,effConv,heatpumpAir
NL,hh0104,4.059999999997672,scr2003,effConv,heatpumpAir
NL,hh0105,4.059999999997672,scr2003,effConv,heatpumpAir
NL,hh0106,4.059999999997672,scr2003,effConv,heatpumpAir
NL,hh0107,4.059999999997672,scr2003,effConv,heatpumpAir
NL,hh0108,4.059999999997672,scr2003,effConv,heatpumpAir
NL,hh0109,4.059999999997672,scr2003,effConv,heatpumpAir
NL,hh0110,4.059999999997672,scr2003,effConv,heatpumpAir
NL,hh0111,4.059999999997672,scr2003,effConv,heatpumpAir
NL,hh0112,4.059999999997672,scr2003,effConv,heatpumpAir
NL,hh0113,4.059999999997672,scr2003,effConv,heatpumpAir
NL,hh0114,4.056715716435065,scr2003,effConv,heatpumpAir
NL,hh0115,4.047677350354206,scr2003,effConv,heatpumpAir
NL,hh0116,4.050962306151632,scr2003,effConv,heatpumpAir
NL,hh0117,4.059999999997672,scr2003,effConv,heatpumpAir
NL,hh0118,4.059999999997672,scr2003,effConv,heatpumpAir
NL,hh0119,4.059999999997672,scr2003,effConv,heatpumpAir
NL,hh0120,4.050126824104154,scr2003,effConv,heatpumpAir
IE,hh0103,4.0600000000000005,scr2003,effConv,heatpumpAir
IE,hh0104,4.0600000000000005,scr2003,effConv,heatpumpAir
IE,hh0105,4.0600000000000005,scr2003,effConv,heatpumpAir
IE,hh0106,4.0600000000000005,scr2003,effConv,heatpumpAir
IE,hh0107,4.0600000000000005,scr2003,effConv,heatpumpAir
IE,hh0108,4.0600000000000005,scr2003,effConv,heatpumpAir
IE,hh0109,4.0600000000000005,scr2003,effConv,heatpumpAir
IE,hh0110,4.0600000000000005,scr2003,effConv,heatpumpAir
IE,hh0111,4.0600000000000005,scr2003,effConv,heatpumpAir
IE,hh0112,4.0600000000000005,scr2003,effConv,heatpumpAir
IE,hh0113,4.0600000000000005,scr2003,effConv,heatpumpAir
IE,hh0114,4.0600000000000005,scr2003,effConv,heatpumpAir
IE,hh0115,4.0600000000000005,scr2003,effConv,heatpumpAir
IE,hh0116,4.022428585587399,scr2003,effConv,heatpumpAir
IE,hh0117,4.032827250192715,scr2003,effConv,heatpumpAir
IE,hh0118,4.0600000000000005,scr2003,effConv,heatpumpAir
IE,hh0119,4.0600000000000005,scr2003,effConv,heatpumpAir
IE,hh0120,4.0600000000000005,scr2003,effConv,heatpumpAir
HR,hh0103,4.060000002384186,scr2003,effConv,heatpumpAir
HR,hh0104,4.060000002384186,scr2003,effConv,heatpumpAir
HR,hh0105,4.060000002384186,scr2003,effConv,heatpumpAir
HR,hh0106,4.060000002384186,scr2003,effConv,heatpumpAir
HR,hh0107,4.060000002384186,scr2003,effConv,heatpumpAir
HR,hh0108,4.060000002384186,scr2003,effConv,heatpumpAir
HR,hh0109,4.060000002384186,scr2003,effConv,heatpumpAir
HR,hh0110,4.060000002384186,scr2003,effConv,heatpumpAir
HR,hh0111,4.060000002384186,scr2003,effConv,heatpumpAir
HR,hh0112,4.060000002384186,scr2003,effConv,heatpumpAir
HR,hh0113,4.060000002384186,scr2003,effConv,heatpumpAir
HR,hh0114,4.060000002384186,scr2003,effConv,heatpumpAir
HR,hh0115,3.9859498348087072,scr2003,effConv,heatpumpAir
HR,hh0116,3.976473009213805,scr2003,effConv,heatpumpAir
HR,hh0117,4.060000002384186,scr2003,effConv,heatpumpAir
HR,hh0118,4.060000002384186,scr2003,effConv,heatpumpAir
HR,hh0119,4.054435525089502,scr2003,effConv,heatpumpAir
HR,hh0120,4.05443400144577,scr2003,effConv,heatpumpAir
HU,hh0103,4.059999999990396,scr2003,effConv,heatpumpAir
HU,hh0104,4.059999999990396,scr2003,effConv,heatpumpAir
HU,hh0105,4.059999999990396,scr2003,effConv,heatpumpAir
HU,hh0106,4.059999999990396,scr2003,effConv,heatpumpAir
HU,hh0107,4.059999999990396,scr2003,effConv,heatpumpAir
HU,hh0108,4.059999999990396,scr2003,effConv,heatpumpAir
HU,hh0109,4.059999999990396,scr2003,effConv,heatpumpAir
HU,hh0110,4.059999999990396,scr2003,effConv,heatpumpAir
HU,hh0111,4.059999999990396,scr2003,effConv,heatpumpAir
HU,hh0112,4.059999999990396,scr2003,effConv,heatpumpAir
HU,hh0113,4.059999999990396,scr2003,effConv,heatpumpAir
HU,hh0114,4.059999999990396,scr2003,effConv,heatpumpAir
HU,hh0115,4.051136649961336,scr2003,effConv,heatpumpAir
HU,hh0116,4.053352335369709,scr2003,effConv,heatpumpAir
HU,hh0117,4.059999999990396,scr2003,effConv,heatpumpAir
HU,hh0118,4.059999999990396,scr2003,effConv,heatpumpAir
HU,hh0119,4.059999999990396,scr2003,effConv,heatpumpAir
HU,hh0120,4.059999999990396,scr2003,effConv,heatpumpAir
MK,hh0103,4.0600000000000005,scr2003,effConv,heatpumpAir
MK,hh0104,4.0600000000000005,scr2003,effConv,heatpumpAir
MK,hh0105,4.0600000000000005,scr2003,effConv,heatpumpAir
MK,hh0106,4.0600000000000005,scr2003,effConv,heatpumpAir
MK,hh0107,4.0600000000000005,scr2003,effConv,heatpumpAir
MK,hh0108,4.0600000000000005,scr2003,effConv,heatpumpAir
MK,hh0109,4.0600000000000005,scr2003,effConv,heatpumpAir
MK,hh0110,4.0600000000000005,scr2003,effConv,heatpumpAir
MK,hh0111,4.0600000000000005,scr2003,effConv,heatpumpAir
MK,hh0112,4.0600000000000005,scr2003,effConv,heatpumpAir
MK,hh0113,4.0600000000000005,scr2003,effConv,heatpumpAir
MK,hh0114,4.0600000000000005,scr2003,effConv,heatpumpAir
MK,hh0115,3.7905851082456357,scr2003,effConv,heatpumpAir
MK,hh0116,3.8746423673280352,scr2003,effConv,heatpumpAir
MK,hh0117,4.0600000000000005,scr2003,effConv,heatpumpAir
MK,hh0118,4.0600000000000005,scr2003,effConv,heatpumpAir
MK,hh0119,4.056080179780878,scr2003,effConv,heatpumpAir
MK,hh0120,3.9662392251893226,scr2003,effConv,heatpumpAir
LV,hh0103,4.056313261302871,scr2003,effConv,heatpumpAir
LV,hh0104,4.05926277341598,scr2003,effConv,heatpumpAir
LV,hh0105,4.06,scr2003,effConv,heatpumpAir
LV,hh0106,4.06,scr2003,effConv,heatpumpAir
LV,hh0107,4.06,scr2003,effConv,heatpumpAir
LV,hh0108,4.06,scr2003,effConv,heatpumpAir
LV,hh0109,4.06,scr2003,effConv,heatpumpAir
LV,hh0110,4.06,scr2003,effConv,heatpumpAir
LV,hh0111,4.06,scr2003,effConv,heatpumpAir
LV,hh0112,4.06,scr2003,effConv,heatpumpAir
LV,hh0113,4.048184621249385,scr2003,effConv,heatpumpAir
LV,hh0114,3.9777047853398844,scr2003,effConv,heatpumpAir
LV,hh0115,4.020800081614704,scr2003,effConv,heatpumpAir
LV,hh0116,4.057787411208714,scr2003,effConv,heatpumpAir
LV,hh0117,4.06,scr2003,effConv,heatpumpAir
LV,hh0118,4.06,scr2003,effConv,heatpumpAir
LV,hh0119,4.06,scr2003,effConv,heatpumpAir
LV,hh0120,4.053362839776854,scr2003,effConv,heatpumpAir
ME,hh0103,4.0600000000000005,scr2003,effConv,heatpumpAir
ME,hh0104,4.0600000000000005,scr2003,effConv,heatpumpAir
ME,hh0105,4.0600000000000005,scr2003,effConv,heatpumpAir
ME,hh0106,4.0600000000000005,scr2003,effConv,heatpumpAir
ME,hh0107,4.0600000000000005,scr2003,effConv,heatpumpAir
ME,hh0108,4.0600000000000005,scr2003,effConv,heatpumpAir
ME,hh0109,4.0600000000000005,scr2003,effConv,heatpumpAir
ME,hh0110,4.0600000000000005,scr2003,effConv,heatpumpAir
ME,hh0111,4.0600000000000005,scr2003,effConv,heatpumpAir
ME,hh0112,4.0600000000000005,scr2003,effConv,heatpumpAir
ME,hh0113,4.0600000000000005,scr2003,effConv,heatpumpAir
ME,hh0114,4.0600000000000005,scr2003,effConv,heatpumpAir
ME,hh0115,3.6689444983355637,scr2003,effConv,heatpumpAir
ME,hh0116,3.7628186494591787,scr2003,effConv,heatpumpAir
ME,hh0117,4.0600000000000005,scr2003,effConv,heatpumpAir
ME,hh0118,4.0600000000000005,scr2003,effConv,heatpumpAir
ME,hh0119,4.03063911084463,scr2003,effConv,heatpumpAir
ME,hh0120,3.887211188379577,scr2003,effConv,heatpumpAir
LT,hh0103,4.06,scr2003,effConv,heatpumpAir
LT,hh0104,4.06,scr2003,effConv,heatpumpAir
LT,hh0105,4.06,scr2003,effConv,heatpumpAir
LT,hh0106,4.06,scr2003,effConv,heatpumpAir
LT,hh0107,4.06,scr2003,effConv,heatpumpAir
LT,hh0108,4.06,scr2003,effConv,heatpumpAir
LT,hh0109,4.06,scr2003,effConv,heatpumpAir
LT,hh0110,4.06,scr2003,effConv,heatpumpAir
LT,hh0111,4.06,scr2003,effConv,heatpumpAir
LT,hh0112,4.06,scr2003,effConv,heatpumpAir
LT,hh0113,4.057727471617073,scr2003,effConv,heatpumpAir
LT,hh0114,4.0090784269574,scr2003,effConv,heatpumpAir
LT,hh0115,4.03646955928564,scr2003,effConv,heatpumpAir
LT,hh0116,4.05924259011523,scr2003,effConv,heatpumpAir
LT,hh0117,4.06,scr2003,effConv,heatpumpAir
LT,hh0118,4.06,scr2003,effConv,heatpumpAir
LT,hh0119,4.056969463911434,scr2003,effConv,heatpumpAir
LT,hh0120,3.9968593898931233,scr2003,effConv,heatpumpAir
LU,hh0103,4.059999999997672,scr2003,effConv,heatpumpAir
LU,hh0104,4.059999999997672,scr2003,effConv,heatpumpAir
LU,hh0105,4.059999999997672,scr2003,effConv,heatpumpAir
LU,hh0106,4.059999999997672,scr2003,effConv,heatpumpAir
LU,hh0107,4.059999999997672,scr2003,effConv,heatpumpAir
LU,hh0108,4.059999999997672,scr2003,effConv,heatpumpAir
LU,hh0109,4.059999999997672,scr2003,effConv,heatpumpAir
LU,hh0110,4.059999999997672,scr2003,effConv,heatpumpAir
LU,hh0111,4.059999999997672,scr2003,effConv,heatpumpAir
LU,hh0112,4.059999999997672,scr2003,effConv,heatpumpAir
LU,hh0113,4.059999999997672,scr2003,effConv,heatpumpAir
LU,hh0114,4.055009465486364,scr2003,effConv,heatpumpAir
LU,hh0115,4.050018930975057,scr2003,effConv,heatpumpAir
LU,hh0116,4.052523439049764,scr2003,effConv,heatpumpAir
LU,hh0117,4.059999999997672,scr2003,effConv,heatpumpAir
LU,hh0118,4.059999999997672,scr2003,effConv,heatpumpAir
LU,hh0119,4.059999999997672,scr2003,effConv,heatpumpAir
LU,hh0120,4.059999999997672,scr2003,effConv,heatpumpAir
NO,hh0103,4.0217834881088255,scr2003,effConv,heatpumpAir
NO,hh0104,4.0443200947420195,scr2003,effConv,heatpumpAir
NO,hh0105,4.057789457306446,scr2003,effConv,heatpumpAir
NO,hh0106,4.06,scr2003,effConv,heatpumpAir
NO,hh0107,4.058540239858877,scr2003,effConv,heatpumpAir
NO,hh0108,4.030306596646672,scr2003,effConv,heatpumpAir
NO,hh0109,3.9855788429146646,scr2003,effConv,heatpumpAir
NO,hh0110,3.9867780333404834,scr2003,effConv,heatpumpAir
NO,hh0111,3.9643130752483593,scr2003,effConv,heatpumpAir
NO,hh0112,3.9892233240284143,scr2003,effConv,heatpumpAir
NO,hh0113,3.95717029420522,scr2003,effConv,heatpumpAir
NO,hh0114,3.6482313357318086,scr2003,effConv,heatpumpAir
NO,hh0115,3.7587604967494146,scr2003,effConv,heatpumpAir
NO,hh0116,3.8818275286692985,scr2003,effConv,heatpumpAir
NO,hh0117,4.033561281698033,scr2003,effConv,heatpumpAir
NO,hh0118,4.052522261517031,scr2003,effConv,heatpumpAir
NO,hh0119,4.045650947136125,scr2003,effConv,heatpumpAir
NO,hh0120,4.040078929003188,scr2003,effConv,heatpumpAir
PL,hh0103,4.058456382967712,scr2003,effConv,heatpumpAir
PL,hh0104,4.0587828100512455,scr2003,effConv,heatpumpAir
PL,hh0105,4.0600000000000005,scr2003,effConv,heatpumpAir
PL,hh0106,4.0600000000000005,scr2003,effConv,heatpumpAir
PL,hh0107,4.0600000000000005,scr2003,effConv,heatpumpAir
PL,hh0108,4.0600000000000005,scr2003,effConv,heatpumpAir
PL,hh0109,4.0600000000000005,scr2003,effConv,heatpumpAir
PL,hh0110,4.0600000000000005,scr2003,effConv,heatpumpAir
PL,hh0111,4.0600000000000005,scr2003,effConv,heatpumpAir
PL,hh0112,4.0600000000000005,scr2003,effConv,heatpumpAir
PL,hh0113,4.0590102178805605,scr2003,effConv,heatpumpAir
PL,hh0114,4.040894867277551,scr2003,effConv,heatpumpAir
PL,hh0115,4.024987614061271,scr2003,effConv,heatpumpAir
PL,hh0116,4.036349750377433,scr2003,effConv,heatpumpAir
PL,hh0117,4.0600000000000005,scr2003,effConv,heatpumpAir
PL,hh0118,4.0600000000000005,scr2003,effConv,heatpumpAir
PL,hh0119,4.056727443357541,scr2003,effConv,heatpumpAir
PL,hh0120,3.999983521055706,scr2003,effConv,heatpumpAir
RO,hh0103,4.019362947414265,scr2003,effConv,heatpumpAir
RO,hh0104,4.055016619246089,scr2003,effConv,heatpumpAir
RO,hh0105,4.059999999997672,scr2003,effConv,heatpumpAir
RO,hh0106,4.059999999997672,scr2003,effConv,heatpumpAir
RO,hh0107,4.059999999997672,scr2003,effConv,heatpumpAir
RO,hh0108,4.059999999997672,scr2003,effConv,heatpumpAir
RO,hh0109,4.059999999997672,scr2003,effConv,heatpumpAir
RO,hh0110,4.059999999997672,scr2003,effConv,heatpumpAir
RO,hh0111,4.059999999997672,scr2003,effConv,heatpumpAir
RO,hh0112,4.059999999997672,scr2003,effConv,heatpumpAir
RO,hh0113,4.019157857965183,scr2003,effConv,heatpumpAir
RO,hh0114,3.848607273381276,scr2003,effConv,heatpumpAir
RO,hh0115,3.8403731566613715,scr2003,effConv,heatpumpAir
RO,hh0116,3.9268730413914454,scr2003,effConv,heatpumpAir
RO,hh0117,4.059999999997672,scr2003,effConv,heatpumpAir
RO,hh0118,4.057174192934326,scr2003,effConv,heatpumpAir
RO,hh0119,4.002569829781351,scr2003,effConv,heatpumpAir
RO,hh0120,3.8957024383671524,scr2003,effConv,heatpumpAir
PT,hh0103,4.060000000000002,scr2003,effConv,heatpumpAir
PT,hh0104,4.060000000000002,scr2003,effConv,heatpumpAir
PT,hh0105,4.060000000000002,scr2003,effConv,heatpumpAir
PT,hh0106,4.060000000000002,scr2003,effConv,heatpumpAir
PT,hh0107,4.060000000000002,scr2003,effConv,heatpumpAir
PT,hh0108,4.060000000000002,scr2003,effConv,heatpumpAir
PT,hh0109,4.060000000000002,scr2003,effConv,heatpumpAir
PT,hh0110,4.060000000000002,scr2003,effConv,heatpumpAir
PT,hh0111,4.060000000000002,scr2003,effConv,heatpumpAir
PT,hh0112,4.060000000000002,scr2003,effConv,heatpumpAir
PT,hh0113,4.060000000000002,scr2003,effConv,heatpumpAir
PT,hh0114,4.060000000000002,scr2003,effConv,heatpumpAir
PT,hh0115,4.060000000000002,scr2003,effConv,heatpumpAir
PT,hh0116,4.060000000000002,scr2003,effConv,heatpumpAir
PT,hh0117,4.060000000000002,scr2003,effConv,heatpumpAir
PT,hh0118,4.060000000000002,scr2003,effConv,heatpumpAir
PT,hh0119,4.060000000000002,scr2003,effConv,heatpumpAir
PT,hh0120,4.060000000000002,scr2003,effConv,heatpumpAir
SK,hh0103,4.056797608733177,scr2003,effConv,heatpumpAir
SK,hh0104,4.059199403971434,scr2003,effConv,heatpumpAir
SK,hh0105,4.060000002384186,scr2003,effConv,heatpumpAir
SK,hh0106,4.060000002384186,scr2003,effConv,heatpumpAir
SK,hh0107,4.060000002384186,scr2003,effConv,heatpumpAir
SK,hh0108,4.060000002384186,scr2003,effConv,heatpumpAir
SK,hh0109,4.060000002384186,scr2003,effConv,heatpumpAir
SK,hh0110,4.060000002384186,scr2003,effConv,heatpumpAir
SK,hh0111,4.060000002384186,scr2003,effConv,heatpumpAir
SK,hh0112,4.060000002384186,scr2003,effConv,heatpumpAir
SK,hh0113,4.053584674373269,scr2003,effConv,heatpumpAir
SK,hh0114,3.9847645070403814,scr2003,effConv,heatpumpAir
SK,hh0115,3.9652230106294155,scr2003,effConv,heatpumpAir
SK,hh0116,4.018899090588093,scr2003,effConv,heatpumpAir
SK,hh0117,4.059199403971434,scr2003,effConv,heatpumpAir
SK,hh0118,4.060000002384186,scr2003,effConv,heatpumpAir
SK,hh0119,4.049555208534002,scr2003,effConv,heatpumpAir
SK,hh0120,3.920371236279607,scr2003,effConv,heatpumpAir
SI,hh0103,4.059999994933605,scr2003,effConv,heatpumpAir
SI,hh0104,4.059999994933605,scr2003,effConv,heatpumpAir
SI,hh0105,4.059999994933605,scr2003,effConv,heatpumpAir
SI,hh0106,4.059999994933605,scr2003,effConv,heatpumpAir
SI,hh0107,4.059999994933605,scr2003,effConv,heatpumpAir
SI,hh0108,4.059999994933605,scr2003,effConv,heatpumpAir
SI,hh0109,4.059999994933605,scr2003,effConv,heatpumpAir
SI,hh0110,4.059999994933605,scr2003,effConv,heatpumpAir
SI,hh0111,4.059999994933605,scr2003,effConv,heatpumpAir
SI,hh0112,4.059999994933605,scr2003,effConv,heatpumpAir
SI,hh0113,4.059999994933605,scr2003,effConv,heatpumpAir
SI,hh0114,4.057299306616187,scr2003,effConv,heatpumpAir
SI,hh0115,3.927996100857854,scr2003,effConv,heatpumpAir
SI,hh0116,3.9085266683250666,scr2003,effConv,heatpumpAir
SI,hh0117,4.059999994933605,scr2003,effConv,heatpumpAir
SI,hh0118,4.0437587182968855,scr2003,effConv,heatpumpAir
SI,hh0119,4.013848235830665,scr2003,effConv,heatpumpAir
SI,hh0120,4.022898640483618,scr2003,effConv,heatpumpAir
SE,hh0103,4.0063329275730055,scr2003,effConv,heatpumpAir
SE,hh0104,4.0483086016312,scr2003,effConv,heatpumpAir
SE,hh0105,4.059927157981164,scr2003,effConv,heatpumpAir
SE,hh0106,4.06,scr2003,effConv,heatpumpAir
SE,hh0107,4.06,scr2003,effConv,heatpumpAir
SE,hh0108,4.059869524185938,scr2003,effConv,heatpumpAir
SE,hh0109,4.059777470785699,scr2003,effConv,heatpumpAir
SE,hh0110,4.059101826085828,scr2003,effConv,heatpumpAir
SE,hh0111,4.0563101032796975,scr2003,effConv,heatpumpAir
SE,hh0112,4.056830549557749,scr2003,effConv,heatpumpAir
SE,hh0113,3.98169309968464,scr2003,effConv,heatpumpAir
SE,hh0114,3.581675054945772,scr2003,effConv,heatpumpAir
SE,hh0115,3.7519248860348062,scr2003,effConv,heatpumpAir
SE,hh0116,3.972933014631475,scr2003,effConv,heatpumpAir
SE,hh0117,4.059980789092602,scr2003,effConv,heatpumpAir
SE,hh0118,4.06,scr2003,effConv,heatpumpAir
SE,hh0119,4.059248339561415,scr2003,effConv,heatpumpAir
SE,hh0120,4.057588763250524,scr2003,effConv,heatpumpAir
UK,hh0103,4.059999999997672,scr2003,effConv,heatpumpAir
UK,hh0104,4.059999999997672,scr2003,effConv,heatpumpAir
UK,hh0105,4.059999999997672,scr2003,effConv,heatpumpAir
UK,hh0106,4.059999999997672,scr2003,effConv,heatpumpAir
UK,hh0107,4.059999999997672,scr2003,effConv,heatpumpAir
UK,hh0108,4.059999999997672,scr2003,effConv,heatpumpAir
UK,hh0109,4.053508951436015,scr2003,effConv,heatpumpAir
UK,hh0110,4.052555453044988,scr2003,effConv,heatpumpAir
UK,hh0111,4.059999999997672,scr2003,effConv,heatpumpAir
UK,hh0112,4.059999999997672,scr2003,effConv,heatpumpAir
UK,hh0113,4.059867685429708,scr2003,effConv,heatpumpAir
UK,hh0114,4.055092232067182,scr2003,effConv,heatpumpAir
UK,hh0115,4.044813554273787,scr2003,effConv,heatpumpAir
UK,hh0116,4.038568274527279,scr2003,effConv,heatpumpAir
UK,hh0117,4.059197840238994,scr2003,effConv,heatpumpAir
UK,hh0118,4.059999999997672,scr2003,effConv,heatpumpAir
UK,hh0119,4.059999999997672,scr2003,effConv,heatpumpAir
UK,hh0120,4.059798712380143,scr2003,effConv,heatpumpAir
RS,hh0103,4.06,scr2003,effConv,heatpumpAir
RS,hh0104,4.06,scr2003,effConv,heatpumpAir
RS,hh0105,4.06,scr2003,effConv,heatpumpAir
RS,hh0106,4.06,scr2003,effConv,heatpumpAir
RS,hh0107,4.06,scr2003,effConv,heatpumpAir
RS,hh0108,4.06,scr2003,effConv,heatpumpAir
RS,hh0109,4.06,scr2003,effConv,heatpumpAir
RS,hh0110,4.06,scr2003,effConv,heatpumpAir
RS,hh0111,4.06,scr2003,effConv,heatpumpAir
RS,hh0112,4.06,scr2003,effConv,heatpumpAir
RS,hh0113,4.06,scr2003,effConv,heatpumpAir
RS,hh0114,4.06,scr2003,effConv,heatpumpAir
RS,hh0115,3.877557801760255,scr2003,effConv,heatpumpAir
RS,hh0116,3.938376284490251,scr2003,effConv,heatpumpAir
RS,hh0117,4.06,scr2003,effConv,heatpumpAir
RS,hh0118,4.06,scr2003,effConv,heatpumpAir
RS,hh0119,4.054747114096059,scr2003,effConv,heatpumpAir
RS,hh0120,4.00346003273568,scr2003,effConv,heatpumpAir
BA,hh0103,4.060000000004948,scr2003,effConv,heatpumpAir
BA,hh0104,4.060000000004948,scr2003,effConv,heatpumpAir
BA,hh0105,4.060000000004948,scr2003,effConv,heatpumpAir
BA,hh0106,4.060000000004948,scr2003,effConv,heatpumpAir
BA,hh0107,4.060000000004948,scr2003,effConv,heatpumpAir
BA,hh0108,4.060000000004948,scr2003,effConv,heatpumpAir
BA,hh0109,4.060000000004948,scr2003,effConv,heatpumpAir
BA,hh0110,4.060000000004948,scr2003,effConv,heatpumpAir
BA,hh0111,4.060000000004948,scr2003,effConv,heatpumpAir
BA,hh0112,4.060000000004948,scr2003,effConv,heatpumpAir
BA,hh0113,4.060000000004948,scr2003,effConv,heatpumpAir
BA,hh0114,4.060000000004948,scr2003,effConv,heatpumpAir
BA,hh0115,3.856224871246013,scr2003,effConv,heatpumpAir
BA,hh0116,3.8920982253021066,scr2003,effConv,heatpumpAir
BA,hh0117,4.060000000004948,scr2003,effConv,heatpumpAir
BA,hh0118,4.060000000004948,scr2003,effConv,heatpumpAir
BA,hh0119,4.052572327207599,scr2003,effConv,heatpumpAir
BA,hh0120,3.9834628237058496,scr2003,effConv,heatpumpAir
AL,hh0103,4.059999999997672,scr2003,effConv,heatpumpAir
AL,hh0104,4.059999999997672,scr2003,effConv,heatpumpAir
AL,hh0105,4.059999999997672,scr2003,effConv,heatpumpAir
AL,hh0106,4.059999999997672,scr2003,effConv,heatpumpAir
AL,hh0107,4.059999999997672,scr2003,effConv,heatpumpAir
AL,hh0108,4.059999999997672,scr2003,effConv,heatpumpAir
AL,hh0109,4.059999999997672,scr2003,effConv,heatpumpAir
AL,hh0110,4.059999999997672,scr2003,effConv,heatpumpAir
AL,hh0111,4.059999999997672,scr2003,effConv,heatpumpAir
AL,hh0112,4.059999999997672,scr2003,effConv,heatpumpAir
AL,hh0113,4.059999999997672,scr2003,effConv,heatpumpAir
AL,hh0114,4.059999999997672,scr2003,effConv,heatpumpAir
AL,hh0115,3.9073449330753647,scr2003,effConv,heatpumpAir
AL,hh0116,3.966441960983502,scr2003,effConv,heatpumpAir
AL,hh0117,4.059999999997672,scr2003,effConv,heatpumpAir
AL,hh0118,4.059999999997672,scr2003,effConv,heatpumpAir
AL,hh0119,4.057078633282799,scr2003,effConv,heatpumpAir
AL,hh0120,4.015140611971219,scr2003,effConv,heatpumpAir
