region_3,timestep_6,value,scenario_1,parameter,technology_3
al,h0001,0.15843873036648415,scr1999,avaConv,runOfRiver
al,h0002,0.15843873036648415,scr1999,avaConv,runOfRiver
al,h0003,0.15843873036648415,scr1999,avaConv,runOfRiver
al,h0004,0.15843873036648415,scr1999,avaConv,runOfRiver
al,h0005,0.15843873036648415,scr1999,avaConv,runOfRiver
al,h0006,0.15843873036648415,scr1999,avaConv,runOfRiver
al,h0007,0.14185755734756536,scr1999,avaConv,runOfRiver
al,h0008,0.12533361768215184,scr1999,avaConv,runOfRiver
al,h0009,0.10887412210351227,scr1999,avaConv,runOfRiver
al,h0010,0.10887412210351227,scr1999,avaConv,runOfRiver
al,h0011,0.10887412210351227,scr1999,avaConv,runOfRiver
al,h0012,0.10887412210351227,scr1999,avaConv,runOfRiver
al,h0013,0.11773387198527477,scr1999,avaConv,runOfRiver
al,h0014,0.12661344519163256,scr1999,avaConv,runOfRiver
al,h0015,0.13551151033398254,scr1999,avaConv,runOfRiver
al,h0016,0.13551151033398254,scr1999,avaConv,runOfRiver
al,h0017,0.13551151033398254,scr1999,avaConv,runOfRiver
al,h0018,0.13551151033398254,scr1999,avaConv,runOfRiver
al,h0019,0.15636316148161183,scr1999,avaConv,runOfRiver
al,h0020,0.17729750427206262,scr1999,avaConv,runOfRiver
al,h0021,0.1983051805111154,scr1999,avaConv,runOfRiver
al,h0022,0.1983051805111154,scr1999,avaConv,runOfRiver
al,h0023,0.1983051805111154,scr1999,avaConv,runOfRiver
al,h0024,0.1983051805111154,scr1999,avaConv,runOfRiver
al,h0025,0.3212419528258803,scr1999,avaConv,runOfRiver
al,h0026,0.4456121626701815,scr1999,avaConv,runOfRiver
al,h0027,0.571022335439978,scr1999,avaConv,runOfRiver
al,h0028,0.571022335439978,scr1999,avaConv,runOfRiver
al,h0029,0.571022335439978,scr1999,avaConv,runOfRiver
al,h0030,0.571022335439978,scr1999,avaConv,runOfRiver
al,h0031,0.5312949176844609,scr1999,avaConv,runOfRiver
al,h0032,0.49165446202849944,scr1999,avaConv,runOfRiver
al,h0033,0.4521075902330779,scr1999,avaConv,runOfRiver
al,h0034,0.4521075902330779,scr1999,avaConv,runOfRiver
al,h0035,0.4521075902330779,scr1999,avaConv,runOfRiver
al,h0036,0.4521075902330779,scr1999,avaConv,runOfRiver
al,h0037,0.40993799598359293,scr1999,avaConv,runOfRiver
al,h0038,0.36789550576494917,scr1999,avaConv,runOfRiver
al,h0039,0.3259938668412276,scr1999,avaConv,runOfRiver
al,h0040,0.3259938668412276,scr1999,avaConv,runOfRiver
al,h0041,0.3259938668412276,scr1999,avaConv,runOfRiver
al,h0042,0.3259938668412276,scr1999,avaConv,runOfRiver
al,h0043,0.3053929836312786,scr1999,avaConv,runOfRiver
al,h0044,0.28483287849289435,scr1999,avaConv,runOfRiver
al,h0045,0.26431633777171193,scr1999,avaConv,runOfRiver
al,h0046,0.26431633777171193,scr1999,avaConv,runOfRiver
al,h0047,0.26431633777171193,scr1999,avaConv,runOfRiver
al,h0048,0.26431633777171193,scr1999,avaConv,runOfRiver
at,h0001,0.45237478321716557,scr1999,avaConv,runOfRiver
at,h0002,0.45237478321716557,scr1999,avaConv,runOfRiver
at,h0003,0.45237478321716557,scr1999,avaConv,runOfRiver
at,h0004,0.45237478321716557,scr1999,avaConv,runOfRiver
at,h0005,0.45237478321716557,scr1999,avaConv,runOfRiver
at,h0006,0.45237478321716557,scr1999,avaConv,runOfRiver
at,h0007,0.4500375030005992,scr1999,avaConv,runOfRiver
at,h0008,0.44770883776455983,scr1999,avaConv,runOfRiver
at,h0009,0.44538880118348495,scr1999,avaConv,runOfRiver
at,h0010,0.44538880118348495,scr1999,avaConv,runOfRiver
at,h0011,0.44538880118348495,scr1999,avaConv,runOfRiver
at,h0012,0.44538880118348495,scr1999,avaConv,runOfRiver
at,h0013,0.4496441117094514,scr1999,avaConv,runOfRiver
at,h0014,0.4539283225217346,scr1999,avaConv,runOfRiver
at,h0015,0.45824135034704705,scr1999,avaConv,runOfRiver
at,h0016,0.45824135034704705,scr1999,avaConv,runOfRiver
at,h0017,0.45824135034704705,scr1999,avaConv,runOfRiver
at,h0018,0.45824135034704705,scr1999,avaConv,runOfRiver
at,h0019,0.4888493172155426,scr1999,avaConv,runOfRiver
at,h0020,0.5208056488123252,scr1999,avaConv,runOfRiver
at,h0021,0.5540863878466509,scr1999,avaConv,runOfRiver
at,h0022,0.5540863878466509,scr1999,avaConv,runOfRiver
at,h0023,0.5540863878466509,scr1999,avaConv,runOfRiver
at,h0024,0.5540863878466509,scr1999,avaConv,runOfRiver
at,h0025,0.5398564402252928,scr1999,avaConv,runOfRiver
at,h0026,0.5258608532401435,scr1999,avaConv,runOfRiver
at,h0027,0.5121013203624405,scr1999,avaConv,runOfRiver
at,h0028,0.5121013203624405,scr1999,avaConv,runOfRiver
at,h0029,0.5121013203624405,scr1999,avaConv,runOfRiver
at,h0030,0.5121013203624405,scr1999,avaConv,runOfRiver
at,h0031,0.5079949406387518,scr1999,avaConv,runOfRiver
at,h0032,0.5039102734356391,scr1999,avaConv,runOfRiver
at,h0033,0.4998473683067787,scr1999,avaConv,runOfRiver
at,h0034,0.4998473683067787,scr1999,avaConv,runOfRiver
at,h0035,0.4998473683067787,scr1999,avaConv,runOfRiver
at,h0036,0.4998473683067787,scr1999,avaConv,runOfRiver
at,h0037,0.4882059434181851,scr1999,avaConv,runOfRiver
at,h0038,0.4767486466146372,scr1999,avaConv,runOfRiver
at,h0039,0.4654767544132238,scr1999,avaConv,runOfRiver
at,h0040,0.4654767544132238,scr1999,avaConv,runOfRiver
at,h0041,0.4654767544132238,scr1999,avaConv,runOfRiver
at,h0042,0.4654767544132238,scr1999,avaConv,runOfRiver
at,h0043,0.4549472278854077,scr1999,avaConv,runOfRiver
at,h0044,0.44458718862922675,scr1999,avaConv,runOfRiver
at,h0045,0.4343978329375948,scr1999,avaConv,runOfRiver
at,h0046,0.4343978329375948,scr1999,avaConv,runOfRiver
at,h0047,0.4343978329375948,scr1999,avaConv,runOfRiver
at,h0048,0.4343978329375948,scr1999,avaConv,runOfRiver
ba,h0001,0.2761952139747253,scr1999,avaConv,runOfRiver
ba,h0002,0.2761952139747253,scr1999,avaConv,runOfRiver
ba,h0003,0.2761952139747253,scr1999,avaConv,runOfRiver
ba,h0004,0.2761952139747253,scr1999,avaConv,runOfRiver
ba,h0005,0.2761952139747253,scr1999,avaConv,runOfRiver
ba,h0006,0.2761952139747253,scr1999,avaConv,runOfRiver
ba,h0007,0.27565840109259493,scr1999,avaConv,runOfRiver
ba,h0008,0.2751218834249145,scr1999,avaConv,runOfRiver
ba,h0009,0.27458566130170486,scr1999,avaConv,runOfRiver
ba,h0010,0.27458566130170486,scr1999,avaConv,runOfRiver
ba,h0011,0.27458566130170486,scr1999,avaConv,runOfRiver
ba,h0012,0.27458566130170486,scr1999,avaConv,runOfRiver
ba,h0013,0.27706069929343735,scr1999,avaConv,runOfRiver
ba,h0014,0.27954199603891516,scr1999,avaConv,runOfRiver
ba,h0015,0.2820295196632313,scr1999,avaConv,runOfRiver
ba,h0016,0.2820295196632313,scr1999,avaConv,runOfRiver
ba,h0017,0.2820295196632313,scr1999,avaConv,runOfRiver
ba,h0018,0.2820295196632313,scr1999,avaConv,runOfRiver
ba,h0019,0.2931479113690919,scr1999,avaConv,runOfRiver
ba,h0020,0.3043857718761823,scr1999,avaConv,runOfRiver
ba,h0021,0.3157405776819961,scr1999,avaConv,runOfRiver
ba,h0022,0.3157405776819961,scr1999,avaConv,runOfRiver
ba,h0023,0.3157405776819961,scr1999,avaConv,runOfRiver
ba,h0024,0.3157405776819961,scr1999,avaConv,runOfRiver
ba,h0025,0.3432206185388685,scr1999,avaConv,runOfRiver
ba,h0026,0.3713200202068688,scr1999,avaConv,runOfRiver
ba,h0027,0.4000122430303327,scr1999,avaConv,runOfRiver
ba,h0028,0.4000122430303327,scr1999,avaConv,runOfRiver
ba,h0029,0.4000122430303327,scr1999,avaConv,runOfRiver
ba,h0030,0.4000122430303327,scr1999,avaConv,runOfRiver
ba,h0031,0.3774866783696762,scr1999,avaConv,runOfRiver
ba,h0032,0.35532153919032466,scr1999,avaConv,runOfRiver
ba,h0033,0.33352913150609487,scr1999,avaConv,runOfRiver
ba,h0034,0.33352913150609487,scr1999,avaConv,runOfRiver
ba,h0035,0.33352913150609487,scr1999,avaConv,runOfRiver
ba,h0036,0.33352913150609487,scr1999,avaConv,runOfRiver
ba,h0037,0.32047329394703783,scr1999,avaConv,runOfRiver
ba,h0038,0.3075632730164664,scr1999,avaConv,runOfRiver
ba,h0039,0.2948024902861681,scr1999,avaConv,runOfRiver
ba,h0040,0.2948024902861681,scr1999,avaConv,runOfRiver
ba,h0041,0.2948024902861681,scr1999,avaConv,runOfRiver
ba,h0042,0.2948024902861681,scr1999,avaConv,runOfRiver
ba,h0043,0.28395184218880926,scr1999,avaConv,runOfRiver
ba,h0044,0.2732166608819172,scr1999,avaConv,runOfRiver
ba,h0045,0.2625995235624217,scr1999,avaConv,runOfRiver
ba,h0046,0.2625995235624217,scr1999,avaConv,runOfRiver
ba,h0047,0.2625995235624217,scr1999,avaConv,runOfRiver
ba,h0048,0.2625995235624217,scr1999,avaConv,runOfRiver
be,h0001,0.594444155711322,scr1999,avaConv,runOfRiver
be,h0002,0.594444155711322,scr1999,avaConv,runOfRiver
be,h0003,0.594444155711322,scr1999,avaConv,runOfRiver
be,h0004,0.594444155711322,scr1999,avaConv,runOfRiver
be,h0005,0.594444155711322,scr1999,avaConv,runOfRiver
be,h0006,0.594444155711322,scr1999,avaConv,runOfRiver
be,h0007,0.5930588680170797,scr1999,avaConv,runOfRiver
be,h0008,0.5916734823663373,scr1999,avaConv,runOfRiver
be,h0009,0.5902879985199405,scr1999,avaConv,runOfRiver
be,h0010,0.5902879985199405,scr1999,avaConv,runOfRiver
be,h0011,0.5902879985199405,scr1999,avaConv,runOfRiver
be,h0012,0.5902879985199405,scr1999,avaConv,runOfRiver
be,h0013,0.5926630535514374,scr1999,avaConv,runOfRiver
be,h0014,0.5950378205097647,scr1999,avaConv,runOfRiver
be,h0015,0.5974123005935899,scr1999,avaConv,runOfRiver
be,h0016,0.5974123005935899,scr1999,avaConv,runOfRiver
be,h0017,0.5974123005935899,scr1999,avaConv,runOfRiver
be,h0018,0.5974123005935899,scr1999,avaConv,runOfRiver
be,h0019,0.6069073758170238,scr1999,avaConv,runOfRiver
be,h0020,0.6163979544452867,scr1999,avaConv,runOfRiver
be,h0021,0.6258841086864427,scr1999,avaConv,runOfRiver
be,h0022,0.6258841086864427,scr1999,avaConv,runOfRiver
be,h0023,0.6258841086864427,scr1999,avaConv,runOfRiver
be,h0024,0.6258841086864427,scr1999,avaConv,runOfRiver
be,h0025,0.6118509419961938,scr1999,avaConv,runOfRiver
be,h0026,0.597808019467271,scr1999,avaConv,runOfRiver
be,h0027,0.5837551019032159,scr1999,avaConv,runOfRiver
be,h0028,0.5837551019032159,scr1999,avaConv,runOfRiver
be,h0029,0.5837551019032159,scr1999,avaConv,runOfRiver
be,h0030,0.5837551019032159,scr1999,avaConv,runOfRiver
be,h0031,0.601764772942574,scr1999,avaConv,runOfRiver
be,h0032,0.6197581364150192,scr1999,avaConv,runOfRiver
be,h0033,0.6377356860637438,scr1999,avaConv,runOfRiver
be,h0034,0.6377356860637438,scr1999,avaConv,runOfRiver
be,h0035,0.6377356860637438,scr1999,avaConv,runOfRiver
be,h0036,0.6377356860637438,scr1999,avaConv,runOfRiver
be,h0037,0.64188215528148,scr1999,avaConv,runOfRiver
be,h0038,0.6460278127336899,scr1999,avaConv,runOfRiver
be,h0039,0.6501726638588263,scr1999,avaConv,runOfRiver
be,h0040,0.6501726638588263,scr1999,avaConv,runOfRiver
be,h0041,0.6501726638588263,scr1999,avaConv,runOfRiver
be,h0042,0.6501726638588263,scr1999,avaConv,runOfRiver
be,h0043,0.6335883995692547,scr1999,avaConv,runOfRiver
be,h0044,0.6169909679691058,scr1999,avaConv,runOfRiver
be,h0045,0.6003799990913592,scr1999,avaConv,runOfRiver
be,h0046,0.6003799990913592,scr1999,avaConv,runOfRiver
be,h0047,0.6003799990913592,scr1999,avaConv,runOfRiver
be,h0048,0.6003799990913592,scr1999,avaConv,runOfRiver
bg,h0001,0.10847469883691248,scr1999,avaConv,runOfRiver
bg,h0002,0.10847469883691248,scr1999,avaConv,runOfRiver
bg,h0003,0.10847469883691248,scr1999,avaConv,runOfRiver
bg,h0004,0.10847469883691248,scr1999,avaConv,runOfRiver
bg,h0005,0.10847469883691248,scr1999,avaConv,runOfRiver
bg,h0006,0.10847469883691248,scr1999,avaConv,runOfRiver
bg,h0007,0.11005710542305477,scr1999,avaConv,runOfRiver
bg,h0008,0.11164040129555643,scr1999,avaConv,runOfRiver
bg,h0009,0.11322457465619128,scr1999,avaConv,runOfRiver
bg,h0010,0.11322457465619128,scr1999,avaConv,runOfRiver
bg,h0011,0.11322457465619128,scr1999,avaConv,runOfRiver
bg,h0012,0.11322457465619128,scr1999,avaConv,runOfRiver
bg,h0013,0.11315125268371878,scr1999,avaConv,runOfRiver
bg,h0014,0.11307793256651262,scr1999,avaConv,runOfRiver
bg,h0015,0.11300461430569726,scr1999,avaConv,runOfRiver
bg,h0016,0.11300461430569726,scr1999,avaConv,runOfRiver
bg,h0017,0.11300461430569726,scr1999,avaConv,runOfRiver
bg,h0018,0.11300461430569726,scr1999,avaConv,runOfRiver
bg,h0019,0.11244562883591866,scr1999,avaConv,runOfRiver
bg,h0020,0.11188675186350296,scr1999,avaConv,runOfRiver
bg,h0021,0.11132798389500723,scr1999,avaConv,runOfRiver
bg,h0022,0.11132798389500723,scr1999,avaConv,runOfRiver
bg,h0023,0.11132798389500723,scr1999,avaConv,runOfRiver
bg,h0024,0.11132798389500723,scr1999,avaConv,runOfRiver
bg,h0025,0.12055906851521987,scr1999,avaConv,runOfRiver
bg,h0026,0.12981784064958335,scr1999,avaConv,runOfRiver
bg,h0027,0.1391024492048763,scr1999,avaConv,runOfRiver
bg,h0028,0.1391024492048763,scr1999,avaConv,runOfRiver
bg,h0029,0.1391024492048763,scr1999,avaConv,runOfRiver
bg,h0030,0.1391024492048763,scr1999,avaConv,runOfRiver
bg,h0031,0.1414129326946349,scr1999,avaConv,runOfRiver
bg,h0032,0.1437248875051118,scr1999,avaConv,runOfRiver
bg,h0033,0.14603829155783915,scr1999,avaConv,runOfRiver
bg,h0034,0.14603829155783915,scr1999,avaConv,runOfRiver
bg,h0035,0.14603829155783915,scr1999,avaConv,runOfRiver
bg,h0036,0.14603829155783915,scr1999,avaConv,runOfRiver
bg,h0037,0.1412905509452182,scr1999,avaConv,runOfRiver
bg,h0038,0.1365490171762308,scr1999,avaConv,runOfRiver
bg,h0039,0.13181389107449148,scr1999,avaConv,runOfRiver
bg,h0040,0.13181389107449148,scr1999,avaConv,runOfRiver
bg,h0041,0.13181389107449148,scr1999,avaConv,runOfRiver
bg,h0042,0.13181389107449148,scr1999,avaConv,runOfRiver
bg,h0043,0.12671564645643396,scr1999,avaConv,runOfRiver
bg,h0044,0.12162539014952975,scr1999,avaConv,runOfRiver
bg,h0045,0.11654343404501913,scr1999,avaConv,runOfRiver
bg,h0046,0.11654343404501913,scr1999,avaConv,runOfRiver
bg,h0047,0.11654343404501913,scr1999,avaConv,runOfRiver
bg,h0048,0.11654343404501913,scr1999,avaConv,runOfRiver
ch,h0001,0.25375178656503095,scr1999,avaConv,runOfRiver
ch,h0002,0.25375178656503095,scr1999,avaConv,runOfRiver
ch,h0003,0.25375178656503095,scr1999,avaConv,runOfRiver
ch,h0004,0.25375178656503095,scr1999,avaConv,runOfRiver
ch,h0005,0.25375178656503095,scr1999,avaConv,runOfRiver
ch,h0006,0.25375178656503095,scr1999,avaConv,runOfRiver
ch,h0007,0.2545388086278974,scr1999,avaConv,runOfRiver
ch,h0008,0.2553258553840245,scr1999,avaConv,runOfRiver
ch,h0009,0.25611292675771286,scr1999,avaConv,runOfRiver
ch,h0010,0.25611292675771286,scr1999,avaConv,runOfRiver
ch,h0011,0.25611292675771286,scr1999,avaConv,runOfRiver
ch,h0012,0.25611292675771286,scr1999,avaConv,runOfRiver
ch,h0013,0.25689672933435115,scr1999,avaConv,runOfRiver
ch,h0014,0.2576805561745301,scr1999,avaConv,runOfRiver
ch,h0015,0.2584644072048588,scr1999,avaConv,runOfRiver
ch,h0016,0.2584644072048588,scr1999,avaConv,runOfRiver
ch,h0017,0.2584644072048588,scr1999,avaConv,runOfRiver
ch,h0018,0.2584644072048588,scr1999,avaConv,runOfRiver
ch,h0019,0.25924828235239095,scr1999,avaConv,runOfRiver
ch,h0020,0.2600321815446213,scr1999,avaConv,runOfRiver
ch,h0021,0.26081610470948124,scr1999,avaConv,runOfRiver
ch,h0022,0.26081610470948124,scr1999,avaConv,runOfRiver
ch,h0023,0.26081610470948124,scr1999,avaConv,runOfRiver
ch,h0024,0.26081610470948124,scr1999,avaConv,runOfRiver
ch,h0025,0.26186356874886285,scr1999,avaConv,runOfRiver
ch,h0026,0.2629110752879887,scr1999,avaConv,runOfRiver
ch,h0027,0.263958624158528,scr1999,avaConv,runOfRiver
ch,h0028,0.263958624158528,scr1999,avaConv,runOfRiver
ch,h0029,0.263958624158528,scr1999,avaConv,runOfRiver
ch,h0030,0.263958624158528,scr1999,avaConv,runOfRiver
ch,h0031,0.26474266631870697,scr1999,avaConv,runOfRiver
ch,h0032,0.26552673202747845,scr1999,avaConv,runOfRiver
ch,h0033,0.26631082121572774,scr1999,avaConv,runOfRiver
ch,h0034,0.26631082121572774,scr1999,avaConv,runOfRiver
ch,h0035,0.26631082121572774,scr1999,avaConv,runOfRiver
ch,h0036,0.26631082121572774,scr1999,avaConv,runOfRiver
ch,h0037,0.2670982284547912,scr1999,avaConv,runOfRiver
ch,h0038,0.26788565923259783,scr1999,avaConv,runOfRiver
ch,h0039,0.26867311348038464,scr1999,avaConv,runOfRiver
ch,h0040,0.26867311348038464,scr1999,avaConv,runOfRiver
ch,h0041,0.26867311348038464,scr1999,avaConv,runOfRiver
ch,h0042,0.26867311348038464,scr1999,avaConv,runOfRiver
ch,h0043,0.2694572961955707,scr1999,avaConv,runOfRiver
ch,h0044,0.27024150204984415,scr1999,avaConv,runOfRiver
ch,h0045,0.2710257309764814,scr1999,avaConv,runOfRiver
ch,h0046,0.2710257309764814,scr1999,avaConv,runOfRiver
ch,h0047,0.2710257309764814,scr1999,avaConv,runOfRiver
ch,h0048,0.2710257309764814,scr1999,avaConv,runOfRiver
cz,h0001,0.38318064608294855,scr1999,avaConv,runOfRiver
cz,h0002,0.38318064608294855,scr1999,avaConv,runOfRiver
cz,h0003,0.3831806460829486,scr1999,avaConv,runOfRiver
cz,h0004,0.3831806460829486,scr1999,avaConv,runOfRiver
cz,h0005,0.3831806460829486,scr1999,avaConv,runOfRiver
cz,h0006,0.3831806460829486,scr1999,avaConv,runOfRiver
cz,h0007,0.3831806460829486,scr1999,avaConv,runOfRiver
cz,h0008,0.3831806460829486,scr1999,avaConv,runOfRiver
cz,h0009,0.3831806460829486,scr1999,avaConv,runOfRiver
cz,h0010,0.3831806460829486,scr1999,avaConv,runOfRiver
cz,h0011,0.3831806460829486,scr1999,avaConv,runOfRiver
cz,h0012,0.3831806460829486,scr1999,avaConv,runOfRiver
cz,h0013,0.3831806460829486,scr1999,avaConv,runOfRiver
cz,h0014,0.3831806460829486,scr1999,avaConv,runOfRiver
cz,h0015,0.3831806460829486,scr1999,avaConv,runOfRiver
cz,h0016,0.3831806460829486,scr1999,avaConv,runOfRiver
cz,h0017,0.3831806460829486,scr1999,avaConv,runOfRiver
cz,h0018,0.3831806460829486,scr1999,avaConv,runOfRiver
cz,h0019,0.36081973064071204,scr1999,avaConv,runOfRiver
cz,h0020,0.33843118569848335,scr1999,avaConv,runOfRiver
cz,h0021,0.3160131443829473,scr1999,avaConv,runOfRiver
cz,h0022,0.3160131443829473,scr1999,avaConv,runOfRiver
cz,h0023,0.3160131443829473,scr1999,avaConv,runOfRiver
cz,h0024,0.3160131443829473,scr1999,avaConv,runOfRiver
cz,h0025,0.3160131443829473,scr1999,avaConv,runOfRiver
cz,h0026,0.3160131443829473,scr1999,avaConv,runOfRiver
cz,h0027,0.3160131443829473,scr1999,avaConv,runOfRiver
cz,h0028,0.3160131443829473,scr1999,avaConv,runOfRiver
cz,h0029,0.3160131443829473,scr1999,avaConv,runOfRiver
cz,h0030,0.3160131443829473,scr1999,avaConv,runOfRiver
cz,h0031,0.3277366073825586,scr1999,avaConv,runOfRiver
cz,h0032,0.33945174561772,scr1999,avaConv,runOfRiver
cz,h0033,0.35115885167251637,scr1999,avaConv,runOfRiver
cz,h0034,0.35115885167251637,scr1999,avaConv,runOfRiver
cz,h0035,0.35115885167251637,scr1999,avaConv,runOfRiver
cz,h0036,0.35115885167251637,scr1999,avaConv,runOfRiver
cz,h0037,0.35115885167251637,scr1999,avaConv,runOfRiver
cz,h0038,0.35115885167251637,scr1999,avaConv,runOfRiver
cz,h0039,0.35115885167251637,scr1999,avaConv,runOfRiver
cz,h0040,0.35115885167251637,scr1999,avaConv,runOfRiver
cz,h0041,0.35115885167251637,scr1999,avaConv,runOfRiver
cz,h0042,0.35115885167251637,scr1999,avaConv,runOfRiver
cz,h0043,0.35351332933161156,scr1999,avaConv,runOfRiver
cz,h0044,0.35586749508542864,scr1999,avaConv,runOfRiver
cz,h0045,0.3582213510376349,scr1999,avaConv,runOfRiver
cz,h0046,0.3582213510376349,scr1999,avaConv,runOfRiver
cz,h0047,0.3582213510376349,scr1999,avaConv,runOfRiver
cz,h0048,0.3582213510376349,scr1999,avaConv,runOfRiver
de,h0001,0.4050061218802187,scr1999,avaConv,runOfRiver
de,h0002,0.4050061218802187,scr1999,avaConv,runOfRiver
de,h0003,0.4050061218802188,scr1999,avaConv,runOfRiver
de,h0004,0.4050061218802188,scr1999,avaConv,runOfRiver
de,h0005,0.4050061218802188,scr1999,avaConv,runOfRiver
de,h0006,0.4050061218802188,scr1999,avaConv,runOfRiver
de,h0007,0.40897510016884686,scr1999,avaConv,runOfRiver
de,h0008,0.4129471075699179,scr1999,avaConv,runOfRiver
de,h0009,0.4169221177838719,scr1999,avaConv,runOfRiver
de,h0010,0.4169221177838719,scr1999,avaConv,runOfRiver
de,h0011,0.4169221177838719,scr1999,avaConv,runOfRiver
de,h0012,0.4169221177838719,scr1999,avaConv,runOfRiver
de,h0013,0.4127036665192175,scr1999,avaConv,runOfRiver
de,h0014,0.40848859909291035,scr1999,avaConv,runOfRiver
de,h0015,0.404276946993532,scr1999,avaConv,runOfRiver
de,h0016,0.404276946993532,scr1999,avaConv,runOfRiver
de,h0017,0.404276946993532,scr1999,avaConv,runOfRiver
de,h0018,0.404276946993532,scr1999,avaConv,runOfRiver
de,h0019,0.41288900726263844,scr1999,avaConv,runOfRiver
de,h0020,0.4215151992740336,scr1999,avaConv,runOfRiver
de,h0021,0.43015526204258236,scr1999,avaConv,runOfRiver
de,h0022,0.43015526204258236,scr1999,avaConv,runOfRiver
de,h0023,0.43015526204258236,scr1999,avaConv,runOfRiver
de,h0024,0.43015526204258236,scr1999,avaConv,runOfRiver
de,h0025,0.425270956098572,scr1999,avaConv,runOfRiver
de,h0026,0.42039104439995834,scr1999,avaConv,runOfRiver
de,h0027,0.41551557286538754,scr1999,avaConv,runOfRiver
de,h0028,0.41551557286538754,scr1999,avaConv,runOfRiver
de,h0029,0.41551557286538754,scr1999,avaConv,runOfRiver
de,h0030,0.41551557286538754,scr1999,avaConv,runOfRiver
de,h0031,0.4067873363786759,scr1999,avaConv,runOfRiver
de,h0032,0.39807379737312487,scr1999,avaConv,runOfRiver
de,h0033,0.3893752462038095,scr1999,avaConv,runOfRiver
de,h0034,0.3893752462038095,scr1999,avaConv,runOfRiver
de,h0035,0.3893752462038095,scr1999,avaConv,runOfRiver
de,h0036,0.3893752462038095,scr1999,avaConv,runOfRiver
de,h0037,0.39800648643668923,scr1999,avaConv,runOfRiver
de,h0038,0.4066524858848747,scr1999,avaConv,runOfRiver
de,h0039,0.41531296074301605,scr1999,avaConv,runOfRiver
de,h0040,0.41531296074301605,scr1999,avaConv,runOfRiver
de,h0041,0.41531296074301605,scr1999,avaConv,runOfRiver
de,h0042,0.41531296074301605,scr1999,avaConv,runOfRiver
de,h0043,0.4125287782486232,scr1999,avaConv,runOfRiver
de,h0044,0.4097460708084364,scr1999,avaConv,runOfRiver
de,h0045,0.40696484745711436,scr1999,avaConv,runOfRiver
de,h0046,0.40696484745711436,scr1999,avaConv,runOfRiver
de,h0047,0.40696484745711436,scr1999,avaConv,runOfRiver
de,h0048,0.40696484745711436,scr1999,avaConv,runOfRiver
es,h0001,0.15882529810950574,scr1999,avaConv,runOfRiver
es,h0002,0.15882529810950574,scr1999,avaConv,runOfRiver
es,h0003,0.15882529810950574,scr1999,avaConv,runOfRiver
es,h0004,0.15882529810950574,scr1999,avaConv,runOfRiver
es,h0005,0.15882529810950574,scr1999,avaConv,runOfRiver
es,h0006,0.15882529810950574,scr1999,avaConv,runOfRiver
es,h0007,0.15674835954874572,scr1999,avaConv,runOfRiver
es,h0008,0.1546695705637847,scr1999,avaConv,runOfRiver
es,h0009,0.15258890559422186,scr1999,avaConv,runOfRiver
es,h0010,0.15258890559422186,scr1999,avaConv,runOfRiver
es,h0011,0.15258890559422186,scr1999,avaConv,runOfRiver
es,h0012,0.15258890559422186,scr1999,avaConv,runOfRiver
es,h0013,0.15243277936845565,scr1999,avaConv,runOfRiver
es,h0014,0.15227664243170616,scr1999,avaConv,runOfRiver
es,h0015,0.15212049477271508,scr1999,avaConv,runOfRiver
es,h0016,0.15212049477271508,scr1999,avaConv,runOfRiver
es,h0017,0.15212049477271508,scr1999,avaConv,runOfRiver
es,h0018,0.15212049477271508,scr1999,avaConv,runOfRiver
es,h0019,0.1669210686499786,scr1999,avaConv,runOfRiver
es,h0020,0.18163333341950996,scr1999,avaConv,runOfRiver
es,h0021,0.19626472710823104,scr1999,avaConv,runOfRiver
es,h0022,0.19626472710823104,scr1999,avaConv,runOfRiver
es,h0023,0.19626472710823104,scr1999,avaConv,runOfRiver
es,h0024,0.19626472710823104,scr1999,avaConv,runOfRiver
es,h0025,0.18246467170236455,scr1999,avaConv,runOfRiver
es,h0026,0.1685930041240916,scr1999,avaConv,runOfRiver
es,h0027,0.15464357388396396,scr1999,avaConv,runOfRiver
es,h0028,0.15464357388396396,scr1999,avaConv,runOfRiver
es,h0029,0.15464357388396396,scr1999,avaConv,runOfRiver
es,h0030,0.15464357388396396,scr1999,avaConv,runOfRiver
es,h0031,0.15897666984058817,scr1999,avaConv,runOfRiver
es,h0032,0.16330183364904444,scr1999,avaConv,runOfRiver
es,h0033,0.16761928191388492,scr1999,avaConv,runOfRiver
es,h0034,0.16761928191388492,scr1999,avaConv,runOfRiver
es,h0035,0.16761928191388492,scr1999,avaConv,runOfRiver
es,h0036,0.16761928191388492,scr1999,avaConv,runOfRiver
es,h0037,0.16858438878541845,scr1999,avaConv,runOfRiver
es,h0038,0.16954912185293478,scr1999,avaConv,runOfRiver
es,h0039,0.17051348332027771,scr1999,avaConv,runOfRiver
es,h0040,0.17051348332027771,scr1999,avaConv,runOfRiver
es,h0041,0.17051348332027771,scr1999,avaConv,runOfRiver
es,h0042,0.17051348332027771,scr1999,avaConv,runOfRiver
es,h0043,0.167459830813479,scr1999,avaConv,runOfRiver
es,h0044,0.16440240716238752,scr1999,avaConv,runOfRiver
es,h0045,0.16134113979705644,scr1999,avaConv,runOfRiver
es,h0046,0.16134113979705644,scr1999,avaConv,runOfRiver
es,h0047,0.16134113979705644,scr1999,avaConv,runOfRiver
es,h0048,0.16134113979705644,scr1999,avaConv,runOfRiver
fr,h0001,0.4604233778278586,scr1999,avaConv,runOfRiver
fr,h0002,0.4604233778278586,scr1999,avaConv,runOfRiver
fr,h0003,0.4604233778278586,scr1999,avaConv,runOfRiver
fr,h0004,0.4604233778278586,scr1999,avaConv,runOfRiver
fr,h0005,0.4604233778278586,scr1999,avaConv,runOfRiver
fr,h0006,0.4604233778278586,scr1999,avaConv,runOfRiver
fr,h0007,0.45386087686888676,scr1999,avaConv,runOfRiver
fr,h0008,0.44727959675853934,scr1999,avaConv,runOfRiver
fr,h0009,0.44067922345067345,scr1999,avaConv,runOfRiver
fr,h0010,0.44067922345067345,scr1999,avaConv,runOfRiver
fr,h0011,0.44067922345067345,scr1999,avaConv,runOfRiver
fr,h0012,0.44067922345067345,scr1999,avaConv,runOfRiver
fr,h0013,0.41517547875696226,scr1999,avaConv,runOfRiver
fr,h0014,0.3893660439229002,scr1999,avaConv,runOfRiver
fr,h0015,0.3632285075034474,scr1999,avaConv,runOfRiver
fr,h0016,0.3632285075034474,scr1999,avaConv,runOfRiver
fr,h0017,0.3632285075034474,scr1999,avaConv,runOfRiver
fr,h0018,0.3632285075034474,scr1999,avaConv,runOfRiver
fr,h0019,0.4293382854147775,scr1999,avaConv,runOfRiver
fr,h0020,0.49352035877259026,scr1999,avaConv,runOfRiver
fr,h0021,0.556059846500192,scr1999,avaConv,runOfRiver
fr,h0022,0.556059846500192,scr1999,avaConv,runOfRiver
fr,h0023,0.556059846500192,scr1999,avaConv,runOfRiver
fr,h0024,0.556059846500192,scr1999,avaConv,runOfRiver
fr,h0025,0.5298273252865806,scr1999,avaConv,runOfRiver
fr,h0026,0.5033258654104488,scr1999,avaConv,runOfRiver
fr,h0027,0.4765387512658824,scr1999,avaConv,runOfRiver
fr,h0028,0.4765387512658824,scr1999,avaConv,runOfRiver
fr,h0029,0.4765387512658824,scr1999,avaConv,runOfRiver
fr,h0030,0.4765387512658824,scr1999,avaConv,runOfRiver
fr,h0031,0.5245153791033087,scr1999,avaConv,runOfRiver
fr,h0032,0.5716104058989214,scr1999,avaConv,runOfRiver
fr,h0033,0.6179097774657099,scr1999,avaConv,runOfRiver
fr,h0034,0.6179097774657099,scr1999,avaConv,runOfRiver
fr,h0035,0.6179097774657099,scr1999,avaConv,runOfRiver
fr,h0036,0.6179097774657099,scr1999,avaConv,runOfRiver
fr,h0037,0.5937226767402936,scr1999,avaConv,runOfRiver
fr,h0038,0.5693267541112983,scr1999,avaConv,runOfRiver
fr,h0039,0.5447111686683059,scr1999,avaConv,runOfRiver
fr,h0040,0.5447111686683059,scr1999,avaConv,runOfRiver
fr,h0041,0.5447111686683059,scr1999,avaConv,runOfRiver
fr,h0042,0.5447111686683059,scr1999,avaConv,runOfRiver
fr,h0043,0.5130884547656009,scr1999,avaConv,runOfRiver
fr,h0044,0.48106411931075643,scr1999,avaConv,runOfRiver
fr,h0045,0.44860684767227377,scr1999,avaConv,runOfRiver
fr,h0046,0.44860684767227377,scr1999,avaConv,runOfRiver
fr,h0047,0.44860684767227377,scr1999,avaConv,runOfRiver
fr,h0048,0.44860684767227377,scr1999,avaConv,runOfRiver
gr,h0001,0.5465299051034297,scr1999,avaConv,runOfRiver
gr,h0002,0.5465299051034297,scr1999,avaConv,runOfRiver
gr,h0003,0.5465299051034297,scr1999,avaConv,runOfRiver
gr,h0004,0.5465299051034297,scr1999,avaConv,runOfRiver
gr,h0005,0.5465299051034297,scr1999,avaConv,runOfRiver
gr,h0006,0.5465299051034297,scr1999,avaConv,runOfRiver
gr,h0007,0.5465299051034297,scr1999,avaConv,runOfRiver
gr,h0008,0.5465299051034297,scr1999,avaConv,runOfRiver
gr,h0009,0.5465299051034297,scr1999,avaConv,runOfRiver
gr,h0010,0.5465299051034297,scr1999,avaConv,runOfRiver
gr,h0011,0.5465299051034297,scr1999,avaConv,runOfRiver
gr,h0012,0.5465299051034297,scr1999,avaConv,runOfRiver
gr,h0013,0.5465299051034297,scr1999,avaConv,runOfRiver
gr,h0014,0.5465299051034297,scr1999,avaConv,runOfRiver
gr,h0015,0.5465299051034297,scr1999,avaConv,runOfRiver
gr,h0016,0.5465299051034297,scr1999,avaConv,runOfRiver
gr,h0017,0.5465299051034297,scr1999,avaConv,runOfRiver
gr,h0018,0.5465299051034297,scr1999,avaConv,runOfRiver
gr,h0019,0.529288420359711,scr1999,avaConv,runOfRiver
gr,h0020,0.5120581618822727,scr1999,avaConv,runOfRiver
gr,h0021,0.49483949802489763,scr1999,avaConv,runOfRiver
gr,h0022,0.49483949802489763,scr1999,avaConv,runOfRiver
gr,h0023,0.49483949802489763,scr1999,avaConv,runOfRiver
gr,h0024,0.49483949802489763,scr1999,avaConv,runOfRiver
gr,h0025,0.49483949802489763,scr1999,avaConv,runOfRiver
gr,h0026,0.49483949802489763,scr1999,avaConv,runOfRiver
gr,h0027,0.49483949802489763,scr1999,avaConv,runOfRiver
gr,h0028,0.49483949802489763,scr1999,avaConv,runOfRiver
gr,h0029,0.49483949802489763,scr1999,avaConv,runOfRiver
gr,h0030,0.49483949802489763,scr1999,avaConv,runOfRiver
gr,h0031,0.482415479070702,scr1999,avaConv,runOfRiver
gr,h0032,0.46999786544825084,scr1999,avaConv,runOfRiver
gr,h0033,0.45758682240791204,scr1999,avaConv,runOfRiver
gr,h0034,0.45758682240791204,scr1999,avaConv,runOfRiver
gr,h0035,0.45758682240791204,scr1999,avaConv,runOfRiver
gr,h0036,0.45758682240791204,scr1999,avaConv,runOfRiver
gr,h0037,0.45758682240791204,scr1999,avaConv,runOfRiver
gr,h0038,0.45758682240791204,scr1999,avaConv,runOfRiver
gr,h0039,0.45758682240791204,scr1999,avaConv,runOfRiver
gr,h0040,0.45758682240791204,scr1999,avaConv,runOfRiver
gr,h0041,0.45758682240791204,scr1999,avaConv,runOfRiver
gr,h0042,0.45758682240791204,scr1999,avaConv,runOfRiver
gr,h0043,0.48848049868371685,scr1999,avaConv,runOfRiver
gr,h0044,0.5194133725769883,scr1999,avaConv,runOfRiver
gr,h0045,0.5503831621196135,scr1999,avaConv,runOfRiver
gr,h0046,0.5503831621196135,scr1999,avaConv,runOfRiver
gr,h0047,0.5503831621196135,scr1999,avaConv,runOfRiver
gr,h0048,0.5503831621196135,scr1999,avaConv,runOfRiver
hr,h0001,0.44363442235299,scr1999,avaConv,runOfRiver
hr,h0002,0.44363442235299,scr1999,avaConv,runOfRiver
hr,h0003,0.44363442235299,scr1999,avaConv,runOfRiver
hr,h0004,0.44363442235299,scr1999,avaConv,runOfRiver
hr,h0005,0.44363442235299,scr1999,avaConv,runOfRiver
hr,h0006,0.44363442235299,scr1999,avaConv,runOfRiver
hr,h0007,0.46701925576121606,scr1999,avaConv,runOfRiver
hr,h0008,0.4899207045964802,scr1999,avaConv,runOfRiver
hr,h0009,0.5123679325155366,scr1999,avaConv,runOfRiver
hr,h0010,0.5123679325155366,scr1999,avaConv,runOfRiver
hr,h0011,0.5123679325155366,scr1999,avaConv,runOfRiver
hr,h0012,0.5123679325155366,scr1999,avaConv,runOfRiver
hr,h0013,0.5079135228979093,scr1999,avaConv,runOfRiver
hr,h0014,0.5034418035837482,scr1999,avaConv,runOfRiver
hr,h0015,0.49895256836740143,scr1999,avaConv,runOfRiver
hr,h0016,0.49895256836740143,scr1999,avaConv,runOfRiver
hr,h0017,0.49895256836740143,scr1999,avaConv,runOfRiver
hr,h0018,0.49895256836740143,scr1999,avaConv,runOfRiver
hr,h0019,0.4786341978825892,scr1999,avaConv,runOfRiver
hr,h0020,0.4579404337464543,scr1999,avaConv,runOfRiver
hr,h0021,0.43684935225310273,scr1999,avaConv,runOfRiver
hr,h0022,0.43684935225310273,scr1999,avaConv,runOfRiver
hr,h0023,0.43684935225310273,scr1999,avaConv,runOfRiver
hr,h0024,0.43684935225310273,scr1999,avaConv,runOfRiver
hr,h0025,0.47181447114480357,scr1999,avaConv,runOfRiver
hr,h0026,0.5057142370047629,scr1999,avaConv,runOfRiver
hr,h0027,0.5386416288979137,scr1999,avaConv,runOfRiver
hr,h0028,0.5386416288979137,scr1999,avaConv,runOfRiver
hr,h0029,0.5386416288979137,scr1999,avaConv,runOfRiver
hr,h0030,0.5386416288979137,scr1999,avaConv,runOfRiver
hr,h0031,0.5218702803085564,scr1999,avaConv,runOfRiver
hr,h0032,0.5048539962093539,scr1999,avaConv,runOfRiver
hr,h0033,0.48758156208650894,scr1999,avaConv,runOfRiver
hr,h0034,0.48758156208650894,scr1999,avaConv,runOfRiver
hr,h0035,0.48758156208650894,scr1999,avaConv,runOfRiver
hr,h0036,0.48758156208650894,scr1999,avaConv,runOfRiver
hr,h0037,0.4719562365306853,scr1999,avaConv,runOfRiver
hr,h0038,0.4561084626698657,scr1999,avaConv,runOfRiver
hr,h0039,0.44002831996471103,scr1999,avaConv,runOfRiver
hr,h0040,0.44002831996471103,scr1999,avaConv,runOfRiver
hr,h0041,0.44002831996471103,scr1999,avaConv,runOfRiver
hr,h0042,0.44002831996471103,scr1999,avaConv,runOfRiver
hr,h0043,0.4428704949229272,scr1999,avaConv,runOfRiver
hr,h0044,0.4457052306352587,scr1999,avaConv,runOfRiver
hr,h0045,0.4485325860056075,scr1999,avaConv,runOfRiver
hr,h0046,0.4485325860056075,scr1999,avaConv,runOfRiver
hr,h0047,0.4485325860056075,scr1999,avaConv,runOfRiver
hr,h0048,0.4485325860056075,scr1999,avaConv,runOfRiver
hu,h0001,0.4728277840330669,scr1999,avaConv,runOfRiver
hu,h0002,0.4728277840330669,scr1999,avaConv,runOfRiver
hu,h0003,0.47282778403306686,scr1999,avaConv,runOfRiver
hu,h0004,0.47282778403306686,scr1999,avaConv,runOfRiver
hu,h0005,0.47282778403306686,scr1999,avaConv,runOfRiver
hu,h0006,0.47282778403306686,scr1999,avaConv,runOfRiver
hu,h0007,0.46946563531234387,scr1999,avaConv,runOfRiver
hu,h0008,0.46610980118442485,scr1999,avaConv,runOfRiver
hu,h0009,0.46276030948318025,scr1999,avaConv,runOfRiver
hu,h0010,0.46276030948318025,scr1999,avaConv,runOfRiver
hu,h0011,0.46276030948318025,scr1999,avaConv,runOfRiver
hu,h0012,0.46276030948318025,scr1999,avaConv,runOfRiver
hu,h0013,0.4835672256190334,scr1999,avaConv,runOfRiver
hu,h0014,0.5046111576032127,scr1999,avaConv,runOfRiver
hu,h0015,0.5258860373927855,scr1999,avaConv,runOfRiver
hu,h0016,0.5258860373927855,scr1999,avaConv,runOfRiver
hu,h0017,0.5258860373927855,scr1999,avaConv,runOfRiver
hu,h0018,0.5258860373927855,scr1999,avaConv,runOfRiver
hu,h0019,0.5464329517462732,scr1999,avaConv,runOfRiver
hu,h0020,0.5671809728143707,scr1999,avaConv,runOfRiver
hu,h0021,0.5881256540665027,scr1999,avaConv,runOfRiver
hu,h0022,0.5881256540665027,scr1999,avaConv,runOfRiver
hu,h0023,0.5881256540665027,scr1999,avaConv,runOfRiver
hu,h0024,0.5881256540665027,scr1999,avaConv,runOfRiver
hu,h0025,0.6108965682865382,scr1999,avaConv,runOfRiver
hu,h0026,0.6338856875156271,scr1999,avaConv,runOfRiver
hu,h0027,0.6570882851645478,scr1999,avaConv,runOfRiver
hu,h0028,0.6570882851645478,scr1999,avaConv,runOfRiver
hu,h0029,0.6570882851645478,scr1999,avaConv,runOfRiver
hu,h0030,0.6570882851645478,scr1999,avaConv,runOfRiver
hu,h0031,0.625979421678527,scr1999,avaConv,runOfRiver
hu,h0032,0.5952584177892917,scr1999,avaConv,runOfRiver
hu,h0033,0.5649370446760659,scr1999,avaConv,runOfRiver
hu,h0034,0.5649370446760659,scr1999,avaConv,runOfRiver
hu,h0035,0.5649370446760659,scr1999,avaConv,runOfRiver
hu,h0036,0.5649370446760659,scr1999,avaConv,runOfRiver
hu,h0037,0.5601363319518924,scr1999,avaConv,runOfRiver
hu,h0038,0.555346169969118,scr1999,avaConv,runOfRiver
hu,h0039,0.5505666132064727,scr1999,avaConv,runOfRiver
hu,h0040,0.5505666132064727,scr1999,avaConv,runOfRiver
hu,h0041,0.5505666132064727,scr1999,avaConv,runOfRiver
hu,h0042,0.5505666132064727,scr1999,avaConv,runOfRiver
hu,h0043,0.563015496955842,scr1999,avaConv,runOfRiver
hu,h0044,0.5755354871103402,scr1999,avaConv,runOfRiver
hu,h0045,0.5881256540665027,scr1999,avaConv,runOfRiver
hu,h0046,0.5881256540665027,scr1999,avaConv,runOfRiver
hu,h0047,0.5881256540665027,scr1999,avaConv,runOfRiver
hu,h0048,0.5881256540665027,scr1999,avaConv,runOfRiver
ie,h0001,0.8449058817937721,scr1999,avaConv,runOfRiver
ie,h0002,0.8449058817937721,scr1999,avaConv,runOfRiver
ie,h0003,0.8449058817937721,scr1999,avaConv,runOfRiver
ie,h0004,0.8449058817937721,scr1999,avaConv,runOfRiver
ie,h0005,0.8449058817937721,scr1999,avaConv,runOfRiver
ie,h0006,0.8449058817937721,scr1999,avaConv,runOfRiver
ie,h0007,0.8751273077114441,scr1999,avaConv,runOfRiver
ie,h0008,0.905399343783845,scr1999,avaConv,runOfRiver
ie,h0009,0.9357204347660766,scr1999,avaConv,runOfRiver
ie,h0010,0.9357204347660766,scr1999,avaConv,runOfRiver
ie,h0011,0.9357204347660766,scr1999,avaConv,runOfRiver
ie,h0012,0.9357204347660766,scr1999,avaConv,runOfRiver
ie,h0013,0.969171712711401,scr1999,avaConv,runOfRiver
ie,h0014,1.00267890076139,scr1999,avaConv,runOfRiver
ie,h0015,1.036240284037679,scr1999,avaConv,runOfRiver
ie,h0016,1.036240284037679,scr1999,avaConv,runOfRiver
ie,h0017,1.036240284037679,scr1999,avaConv,runOfRiver
ie,h0018,1.036240284037679,scr1999,avaConv,runOfRiver
ie,h0019,0.9934172828347236,scr1999,avaConv,runOfRiver
ie,h0020,0.9506833176512052,scr1999,avaConv,runOfRiver
ie,h0021,0.9080420515274917,scr1999,avaConv,runOfRiver
ie,h0022,0.9080420515274917,scr1999,avaConv,runOfRiver
ie,h0023,0.9080420515274917,scr1999,avaConv,runOfRiver
ie,h0024,0.9080420515274917,scr1999,avaConv,runOfRiver
ie,h0025,0.8716918700077758,scr1999,avaConv,runOfRiver
ie,h0026,0.8354149353214109,scr1999,avaConv,runOfRiver
ie,h0027,0.7992141640226272,scr1999,avaConv,runOfRiver
ie,h0028,0.7992141640226272,scr1999,avaConv,runOfRiver
ie,h0029,0.7992141640226272,scr1999,avaConv,runOfRiver
ie,h0030,0.7992141640226272,scr1999,avaConv,runOfRiver
ie,h0031,0.8251950491248262,scr1999,avaConv,runOfRiver
ie,h0032,0.8512156291176931,scr1999,avaConv,runOfRiver
ie,h0033,0.8772747879757135,scr1999,avaConv,runOfRiver
ie,h0034,0.8772747879757135,scr1999,avaConv,runOfRiver
ie,h0035,0.8772747879757135,scr1999,avaConv,runOfRiver
ie,h0036,0.8772747879757135,scr1999,avaConv,runOfRiver
ie,h0037,0.8905948233215818,scr1999,avaConv,runOfRiver
ie,h0038,0.9039245062953997,scr1999,avaConv,runOfRiver
ie,h0039,0.9172637062929154,scr1999,avaConv,runOfRiver
ie,h0040,0.9172637062929154,scr1999,avaConv,runOfRiver
ie,h0041,0.9172637062929154,scr1999,avaConv,runOfRiver
ie,h0042,0.9172637062929154,scr1999,avaConv,runOfRiver
ie,h0043,0.8993163902408928,scr1999,avaConv,runOfRiver
ie,h0044,0.8813863880850279,scr1999,avaConv,runOfRiver
ie,h0045,0.8634740227513441,scr1999,avaConv,runOfRiver
ie,h0046,0.8634740227513441,scr1999,avaConv,runOfRiver
ie,h0047,0.8634740227513441,scr1999,avaConv,runOfRiver
ie,h0048,0.8634740227513441,scr1999,avaConv,runOfRiver
it_cn,h0001,0.30303442182086915,scr1999,avaConv,runOfRiver
it_cn,h0002,0.30303442182086915,scr1999,avaConv,runOfRiver
it_cn,h0003,0.30303442182086915,scr1999,avaConv,runOfRiver
it_cn,h0004,0.30303442182086915,scr1999,avaConv,runOfRiver
it_cn,h0005,0.30303442182086915,scr1999,avaConv,runOfRiver
it_cn,h0006,0.30303442182086915,scr1999,avaConv,runOfRiver
it_cn,h0007,0.3208930570235937,scr1999,avaConv,runOfRiver
it_cn,h0008,0.338731721545613,scr1999,avaConv,runOfRiver
it_cn,h0009,0.35655149956649895,scr1999,avaConv,runOfRiver
it_cn,h0010,0.35655149956649895,scr1999,avaConv,runOfRiver
it_cn,h0011,0.35655149956649895,scr1999,avaConv,runOfRiver
it_cn,h0012,0.35655149956649895,scr1999,avaConv,runOfRiver
it_cn,h0013,0.3487951450028216,scr1999,avaConv,runOfRiver
it_cn,h0014,0.3410353180264447,scr1999,avaConv,runOfRiver
it_cn,h0015,0.3332719371239127,scr1999,avaConv,runOfRiver
it_cn,h0016,0.3332719371239127,scr1999,avaConv,runOfRiver
it_cn,h0017,0.3332719371239127,scr1999,avaConv,runOfRiver
it_cn,h0018,0.3332719371239127,scr1999,avaConv,runOfRiver
it_cn,h0019,0.34899535229835327,scr1999,avaConv,runOfRiver
it_cn,h0020,0.3647045216609657,scr1999,avaConv,runOfRiver
it_cn,h0021,0.38040007810717674,scr1999,avaConv,runOfRiver
it_cn,h0022,0.38040007810717674,scr1999,avaConv,runOfRiver
it_cn,h0023,0.38040007810717674,scr1999,avaConv,runOfRiver
it_cn,h0024,0.38040007810717674,scr1999,avaConv,runOfRiver
it_cn,h0025,0.3649045493736056,scr1999,avaConv,runOfRiver
it_cn,h0026,0.34939575995789024,scr1999,avaConv,runOfRiver
it_cn,h0027,0.33387310191488107,scr1999,avaConv,runOfRiver
it_cn,h0028,0.33387310191488107,scr1999,avaConv,runOfRiver
it_cn,h0029,0.33387310191488107,scr1999,avaConv,runOfRiver
it_cn,h0030,0.33387310191488107,scr1999,avaConv,runOfRiver
it_cn,h0031,0.33442415051404334,scr1999,avaConv,runOfRiver
it_cn,h0032,0.33497518085088995,scr1999,avaConv,runOfRiver
it_cn,h0033,0.33552619295638797,scr1999,avaConv,runOfRiver
it_cn,h0034,0.33552619295638797,scr1999,avaConv,runOfRiver
it_cn,h0035,0.33552619295638797,scr1999,avaConv,runOfRiver
it_cn,h0036,0.33552619295638797,scr1999,avaConv,runOfRiver
it_cn,h0037,0.3302156780062196,scr1999,avaConv,runOfRiver
it_cn,h0038,0.3249034448670198,scr1999,avaConv,runOfRiver
it_cn,h0039,0.31958946457546755,scr1999,avaConv,runOfRiver
it_cn,h0040,0.31958946457546755,scr1999,avaConv,runOfRiver
it_cn,h0041,0.31958946457546755,scr1999,avaConv,runOfRiver
it_cn,h0042,0.31958946457546755,scr1999,avaConv,runOfRiver
it_cn,h0043,0.31051146772136445,scr1999,avaConv,runOfRiver
it_cn,h0044,0.3014281326729902,scr1999,avaConv,runOfRiver
it_cn,h0045,0.2923392936258333,scr1999,avaConv,runOfRiver
it_cn,h0046,0.2923392936258333,scr1999,avaConv,runOfRiver
it_cn,h0047,0.2923392936258333,scr1999,avaConv,runOfRiver
it_cn,h0048,0.2923392936258333,scr1999,avaConv,runOfRiver
it_cs,h0001,0.32322352911188323,scr1999,avaConv,runOfRiver
it_cs,h0002,0.32322352911188323,scr1999,avaConv,runOfRiver
it_cs,h0003,0.32322352911188323,scr1999,avaConv,runOfRiver
it_cs,h0004,0.32322352911188323,scr1999,avaConv,runOfRiver
it_cs,h0005,0.32322352911188323,scr1999,avaConv,runOfRiver
it_cs,h0006,0.32322352911188323,scr1999,avaConv,runOfRiver
it_cs,h0007,0.3711848458467224,scr1999,avaConv,runOfRiver
it_cs,h0008,0.4193303456124755,scr1999,avaConv,runOfRiver
it_cs,h0009,0.46763977190921435,scr1999,avaConv,runOfRiver
it_cs,h0010,0.46763977190921435,scr1999,avaConv,runOfRiver
it_cs,h0011,0.46763977190921435,scr1999,avaConv,runOfRiver
it_cs,h0012,0.46763977190921435,scr1999,avaConv,runOfRiver
it_cs,h0013,0.4482798797342218,scr1999,avaConv,runOfRiver
it_cs,h0014,0.42894460582739924,scr1999,avaConv,runOfRiver
it_cs,h0015,0.4096350037546175,scr1999,avaConv,runOfRiver
it_cs,h0016,0.4096350037546175,scr1999,avaConv,runOfRiver
it_cs,h0017,0.4096350037546175,scr1999,avaConv,runOfRiver
it_cs,h0018,0.4096350037546175,scr1999,avaConv,runOfRiver
it_cs,h0019,0.3970586950150884,scr1999,avaConv,runOfRiver
it_cs,h0020,0.3844941304656878,scr1999,avaConv,runOfRiver
it_cs,h0021,0.3719416748737341,scr1999,avaConv,runOfRiver
it_cs,h0022,0.3719416748737341,scr1999,avaConv,runOfRiver
it_cs,h0023,0.3719416748737341,scr1999,avaConv,runOfRiver
it_cs,h0024,0.3719416748737341,scr1999,avaConv,runOfRiver
it_cs,h0025,0.38184282290517046,scr1999,avaConv,runOfRiver
it_cs,h0026,0.39175155569835196,scr1999,avaConv,runOfRiver
it_cs,h0027,0.40166769065801056,scr1999,avaConv,runOfRiver
it_cs,h0028,0.40166769065801056,scr1999,avaConv,runOfRiver
it_cs,h0029,0.40166769065801056,scr1999,avaConv,runOfRiver
it_cs,h0030,0.40166769065801056,scr1999,avaConv,runOfRiver
it_cs,h0031,0.3992463137144462,scr1999,avaConv,runOfRiver
it_cs,h0032,0.3968253699743447,scr1999,avaConv,runOfRiver
it_cs,h0033,0.3944048619500181,scr1999,avaConv,runOfRiver
it_cs,h0034,0.3944048619500181,scr1999,avaConv,runOfRiver
it_cs,h0035,0.3944048619500181,scr1999,avaConv,runOfRiver
it_cs,h0036,0.3944048619500181,scr1999,avaConv,runOfRiver
it_cs,h0037,0.3902064675925251,scr1999,avaConv,runOfRiver
it_cs,h0038,0.3860094059065663,scr1999,avaConv,runOfRiver
it_cs,h0039,0.38181369066855175,scr1999,avaConv,runOfRiver
it_cs,h0040,0.38181369066855175,scr1999,avaConv,runOfRiver
it_cs,h0041,0.38181369066855175,scr1999,avaConv,runOfRiver
it_cs,h0042,0.38181369066855175,scr1999,avaConv,runOfRiver
it_cs,h0043,0.3768039261812103,scr1999,avaConv,runOfRiver
it_cs,h0044,0.37179612729591505,scr1999,avaConv,runOfRiver
it_cs,h0045,0.3667903191920687,scr1999,avaConv,runOfRiver
it_cs,h0046,0.3667903191920687,scr1999,avaConv,runOfRiver
it_cs,h0047,0.3667903191920687,scr1999,avaConv,runOfRiver
it_cs,h0048,0.3667903191920687,scr1999,avaConv,runOfRiver
it_n,h0001,0.21271035630066426,scr1999,avaConv,runOfRiver
it_n,h0002,0.21271035630066426,scr1999,avaConv,runOfRiver
it_n,h0003,0.2127103563006643,scr1999,avaConv,runOfRiver
it_n,h0004,0.2127103563006643,scr1999,avaConv,runOfRiver
it_n,h0005,0.2127103563006643,scr1999,avaConv,runOfRiver
it_n,h0006,0.2127103563006643,scr1999,avaConv,runOfRiver
it_n,h0007,0.22142271210252537,scr1999,avaConv,runOfRiver
it_n,h0008,0.23011886688741615,scr1999,avaConv,runOfRiver
it_n,h0009,0.23879943187534527,scr1999,avaConv,runOfRiver
it_n,h0010,0.23879943187534527,scr1999,avaConv,runOfRiver
it_n,h0011,0.23879943187534527,scr1999,avaConv,runOfRiver
it_n,h0012,0.23879943187534527,scr1999,avaConv,runOfRiver
it_n,h0013,0.2381926446122737,scr1999,avaConv,runOfRiver
it_n,h0014,0.23758578365567104,scr1999,avaConv,runOfRiver
it_n,h0015,0.23697884881676937,scr1999,avaConv,runOfRiver
it_n,h0016,0.23697884881676937,scr1999,avaConv,runOfRiver
it_n,h0017,0.23697884881676937,scr1999,avaConv,runOfRiver
it_n,h0018,0.23697884881676937,scr1999,avaConv,runOfRiver
it_n,h0019,0.2267372876856977,scr1999,avaConv,runOfRiver
it_n,h0020,0.21647372359152614,scr1999,avaConv,runOfRiver
it_n,h0021,0.20618711685562235,scr1999,avaConv,runOfRiver
it_n,h0022,0.20618711685562235,scr1999,avaConv,runOfRiver
it_n,h0023,0.20618711685562235,scr1999,avaConv,runOfRiver
it_n,h0024,0.20618711685562235,scr1999,avaConv,runOfRiver
it_n,h0025,0.20805234414778703,scr1999,avaConv,runOfRiver
it_n,h0026,0.20991678517231793,scr1999,avaConv,runOfRiver
it_n,h0027,0.2117804468444668,scr1999,avaConv,runOfRiver
it_n,h0028,0.2117804468444668,scr1999,avaConv,runOfRiver
it_n,h0029,0.2117804468444668,scr1999,avaConv,runOfRiver
it_n,h0030,0.2117804468444668,scr1999,avaConv,runOfRiver
it_n,h0031,0.2122274799217,scr1999,avaConv,runOfRiver
it_n,h0032,0.21267446861915756,scr1999,avaConv,runOfRiver
it_n,h0033,0.213121413029355,scr1999,avaConv,runOfRiver
it_n,h0034,0.213121413029355,scr1999,avaConv,runOfRiver
it_n,h0035,0.213121413029355,scr1999,avaConv,runOfRiver
it_n,h0036,0.213121413029355,scr1999,avaConv,runOfRiver
it_n,h0037,0.21117019120995176,scr1999,avaConv,runOfRiver
it_n,h0038,0.20921811961839806,scr1999,avaConv,runOfRiver
it_n,h0039,0.20726519039947683,scr1999,avaConv,runOfRiver
it_n,h0040,0.20726519039947683,scr1999,avaConv,runOfRiver
it_n,h0041,0.20726519039947683,scr1999,avaConv,runOfRiver
it_n,h0042,0.20726519039947683,scr1999,avaConv,runOfRiver
it_n,h0043,0.20649423139958872,scr1999,avaConv,runOfRiver
it_n,h0044,0.20572313708424814,scr1999,avaConv,runOfRiver
it_n,h0045,0.20495190695198845,scr1999,avaConv,runOfRiver
it_n,h0046,0.20495190695198845,scr1999,avaConv,runOfRiver
it_n,h0047,0.20495190695198845,scr1999,avaConv,runOfRiver
it_n,h0048,0.20495190695198845,scr1999,avaConv,runOfRiver
it_sar,h0001,0.25623377532038416,scr1999,avaConv,runOfRiver
it_sar,h0002,0.25623377532038416,scr1999,avaConv,runOfRiver
it_sar,h0003,0.25623377532038416,scr1999,avaConv,runOfRiver
it_sar,h0004,0.25623377532038416,scr1999,avaConv,runOfRiver
it_sar,h0005,0.25623377532038416,scr1999,avaConv,runOfRiver
it_sar,h0006,0.25623377532038416,scr1999,avaConv,runOfRiver
it_sar,h0007,0.2435911883090351,scr1999,avaConv,runOfRiver
it_sar,h0008,0.23088036782438093,scr1999,avaConv,runOfRiver
it_sar,h0009,0.21809702550279825,scr1999,avaConv,runOfRiver
it_sar,h0010,0.21809702550279825,scr1999,avaConv,runOfRiver
it_sar,h0011,0.21809702550279825,scr1999,avaConv,runOfRiver
it_sar,h0012,0.21809702550279825,scr1999,avaConv,runOfRiver
it_sar,h0013,0.22243210155743975,scr1999,avaConv,runOfRiver
it_sar,h0014,0.2267585163048655,scr1999,avaConv,runOfRiver
it_sar,h0015,0.23107645654827885,scr1999,avaConv,runOfRiver
it_sar,h0016,0.23107645654827885,scr1999,avaConv,runOfRiver
it_sar,h0017,0.23107645654827885,scr1999,avaConv,runOfRiver
it_sar,h0018,0.23107645654827885,scr1999,avaConv,runOfRiver
it_sar,h0019,0.23284048583695055,scr1999,avaConv,runOfRiver
it_sar,h0020,0.23460313887831785,scr1999,avaConv,runOfRiver
it_sar,h0021,0.23636442740244928,scr1999,avaConv,runOfRiver
it_sar,h0022,0.23636442740244928,scr1999,avaConv,runOfRiver
it_sar,h0023,0.23636442740244928,scr1999,avaConv,runOfRiver
it_sar,h0024,0.23636442740244928,scr1999,avaConv,runOfRiver
it_sar,h0025,0.2267585163048655,scr1999,avaConv,runOfRiver
it_sar,h0026,0.2171105530093076,scr1999,avaConv,runOfRiver
it_sar,h0027,0.20741841704658298,scr1999,avaConv,runOfRiver
it_sar,h0028,0.20741841704658298,scr1999,avaConv,runOfRiver
it_sar,h0029,0.20741841704658298,scr1999,avaConv,runOfRiver
it_sar,h0030,0.20741841704658298,scr1999,avaConv,runOfRiver
it_sar,h0031,0.21849148629471005,scr1999,avaConv,runOfRiver
it_sar,h0032,0.22950726551063244,scr1999,avaConv,runOfRiver
it_sar,h0033,0.2404688586509422,scr1999,avaConv,runOfRiver
it_sar,h0034,0.2404688586509422,scr1999,avaConv,runOfRiver
it_sar,h0035,0.2404688586509422,scr1999,avaConv,runOfRiver
it_sar,h0036,0.2404688586509422,scr1999,avaConv,runOfRiver
it_sar,h0037,0.20979620802240745,scr1999,avaConv,runOfRiver
it_sar,h0038,0.17865633082494753,scr1999,avaConv,runOfRiver
it_sar,h0039,0.14695629088468237,scr1999,avaConv,runOfRiver
it_sar,h0040,0.14695629088468237,scr1999,avaConv,runOfRiver
it_sar,h0041,0.14695629088468237,scr1999,avaConv,runOfRiver
it_sar,h0042,0.14695629088468237,scr1999,avaConv,runOfRiver
it_sar,h0043,0.1567768717414434,scr1999,avaConv,runOfRiver
it_sar,h0044,0.1665365222435185,scr1999,avaConv,runOfRiver
it_sar,h0045,0.1762391632890638,scr1999,avaConv,runOfRiver
it_sar,h0046,0.1762391632890638,scr1999,avaConv,runOfRiver
it_sar,h0047,0.1762391632890638,scr1999,avaConv,runOfRiver
it_sar,h0048,0.1762391632890638,scr1999,avaConv,runOfRiver
it_sic,h0001,0.10849351093890638,scr1999,avaConv,runOfRiver
it_sic,h0002,0.10849351093890638,scr1999,avaConv,runOfRiver
it_sic,h0003,0.10849351093890637,scr1999,avaConv,runOfRiver
it_sic,h0004,0.10849351093890637,scr1999,avaConv,runOfRiver
it_sic,h0005,0.10849351093890637,scr1999,avaConv,runOfRiver
it_sic,h0006,0.10849351093890637,scr1999,avaConv,runOfRiver
it_sic,h0007,0.27165208694426274,scr1999,avaConv,runOfRiver
it_sic,h0008,0.4607405236098937,scr1999,avaConv,runOfRiver
it_sic,h0009,0.6676573487563249,scr1999,avaConv,runOfRiver
it_sic,h0010,0.6676573487563249,scr1999,avaConv,runOfRiver
it_sic,h0011,0.6676573487563249,scr1999,avaConv,runOfRiver
it_sic,h0012,0.6676573487563249,scr1999,avaConv,runOfRiver
it_sic,h0013,0.6092906798752207,scr1999,avaConv,runOfRiver
it_sic,h0014,0.5520318887079957,scr1999,avaConv,runOfRiver
it_sic,h0015,0.4959533436270426,scr1999,avaConv,runOfRiver
it_sic,h0016,0.4959533436270426,scr1999,avaConv,runOfRiver
it_sic,h0017,0.4959533436270426,scr1999,avaConv,runOfRiver
it_sic,h0018,0.4959533436270426,scr1999,avaConv,runOfRiver
it_sic,h0019,0.38674006771808705,scr1999,avaConv,runOfRiver
it_sic,h0020,0.2836118451615197,scr1999,avaConv,runOfRiver
it_sic,h0021,0.18799081675095985,scr1999,avaConv,runOfRiver
it_sic,h0022,0.18799081675095985,scr1999,avaConv,runOfRiver
it_sic,h0023,0.18799081675095985,scr1999,avaConv,runOfRiver
it_sic,h0024,0.18799081675095985,scr1999,avaConv,runOfRiver
it_sic,h0025,0.2135911038770224,scr1999,avaConv,runOfRiver
it_sic,h0026,0.23988229814951773,scr1999,avaConv,runOfRiver
it_sic,h0027,0.26681124664841505,scr1999,avaConv,runOfRiver
it_sic,h0028,0.26681124664841505,scr1999,avaConv,runOfRiver
it_sic,h0029,0.26681124664841505,scr1999,avaConv,runOfRiver
it_sic,h0030,0.26681124664841505,scr1999,avaConv,runOfRiver
it_sic,h0031,0.26286442545379435,scr1999,avaConv,runOfRiver
it_sic,h0032,0.2589302194748188,scr1999,avaConv,runOfRiver
it_sic,h0033,0.2550087580539918,scr1999,avaConv,runOfRiver
it_sic,h0034,0.2550087580539918,scr1999,avaConv,runOfRiver
it_sic,h0035,0.2550087580539918,scr1999,avaConv,runOfRiver
it_sic,h0036,0.2550087580539918,scr1999,avaConv,runOfRiver
it_sic,h0037,0.24763679634711327,scr1999,avaConv,runOfRiver
it_sic,h0038,0.24031170570603472,scr1999,avaConv,runOfRiver
it_sic,h0039,0.23303445509178555,scr1999,avaConv,runOfRiver
it_sic,h0040,0.23303445509178555,scr1999,avaConv,runOfRiver
it_sic,h0041,0.23303445509178555,scr1999,avaConv,runOfRiver
it_sic,h0042,0.23303445509178555,scr1999,avaConv,runOfRiver
it_sic,h0043,0.23388808652052345,scr1999,avaConv,runOfRiver
it_sic,h0044,0.23474239241699368,scr1999,avaConv,runOfRiver
it_sic,h0045,0.2355973711001088,scr1999,avaConv,runOfRiver
it_sic,h0046,0.2355973711001088,scr1999,avaConv,runOfRiver
it_sic,h0047,0.2355973711001088,scr1999,avaConv,runOfRiver
it_sic,h0048,0.2355973711001088,scr1999,avaConv,runOfRiver
lt,h0001,0.6416171067545641,scr1999,avaConv,runOfRiver
lt,h0002,0.6416171067545641,scr1999,avaConv,runOfRiver
lt,h0003,0.6416171067545641,scr1999,avaConv,runOfRiver
lt,h0004,0.6416171067545641,scr1999,avaConv,runOfRiver
lt,h0005,0.6416171067545641,scr1999,avaConv,runOfRiver
lt,h0006,0.6416171067545641,scr1999,avaConv,runOfRiver
lt,h0007,0.6362806516629707,scr1999,avaConv,runOfRiver
lt,h0008,0.6309476556861671,scr1999,avaConv,runOfRiver
lt,h0009,0.6256181447850092,scr1999,avaConv,runOfRiver
lt,h0010,0.6256181447850092,scr1999,avaConv,runOfRiver
lt,h0011,0.6256181447850092,scr1999,avaConv,runOfRiver
lt,h0012,0.6256181447850092,scr1999,avaConv,runOfRiver
lt,h0013,0.5952488274753133,scr1999,avaConv,runOfRiver
lt,h0014,0.5649992690158894,scr1999,avaConv,runOfRiver
lt,h0015,0.5348751765054266,scr1999,avaConv,runOfRiver
lt,h0016,0.5348751765054266,scr1999,avaConv,runOfRiver
lt,h0017,0.5348751765054266,scr1999,avaConv,runOfRiver
lt,h0018,0.5348751765054266,scr1999,avaConv,runOfRiver
lt,h0019,0.5888827682682857,scr1999,avaConv,runOfRiver
lt,h0020,0.6432780386894362,scr1999,avaConv,runOfRiver
lt,h0021,0.6980316224982,scr1999,avaConv,runOfRiver
lt,h0022,0.6980316224982,scr1999,avaConv,runOfRiver
lt,h0023,0.6980316224982,scr1999,avaConv,runOfRiver
lt,h0024,0.6980316224982,scr1999,avaConv,runOfRiver
lt,h0025,0.6915863142698045,scr1999,avaConv,runOfRiver
lt,h0026,0.6851456323508367,scr1999,avaConv,runOfRiver
lt,h0027,0.6787096152225481,scr1999,avaConv,runOfRiver
lt,h0028,0.6787096152225481,scr1999,avaConv,runOfRiver
lt,h0029,0.6787096152225481,scr1999,avaConv,runOfRiver
lt,h0030,0.6787096152225481,scr1999,avaConv,runOfRiver
lt,h0031,0.6640674218128599,scr1999,avaConv,runOfRiver
lt,h0032,0.64945011137713,scr1999,avaConv,runOfRiver
lt,h0033,0.6348581801134052,scr1999,avaConv,runOfRiver
lt,h0034,0.6348581801134052,scr1999,avaConv,runOfRiver
lt,h0035,0.6348581801134052,scr1999,avaConv,runOfRiver
lt,h0036,0.6348581801134052,scr1999,avaConv,runOfRiver
lt,h0037,0.639837905630554,scr1999,avaConv,runOfRiver
lt,h0038,0.6448206295350843,scr1999,avaConv,runOfRiver
lt,h0039,0.6498063312477272,scr1999,avaConv,runOfRiver
lt,h0040,0.6498063312477272,scr1999,avaConv,runOfRiver
lt,h0041,0.6498063312477272,scr1999,avaConv,runOfRiver
lt,h0042,0.6498063312477272,scr1999,avaConv,runOfRiver
lt,h0043,0.6412612359794695,scr1999,avaConv,runOfRiver
lt,h0044,0.6327249350715011,scr1999,avaConv,runOfRiver
lt,h0045,0.6241975338238961,scr1999,avaConv,runOfRiver
lt,h0046,0.6241975338238961,scr1999,avaConv,runOfRiver
lt,h0047,0.6241975338238961,scr1999,avaConv,runOfRiver
lt,h0048,0.6241975338238961,scr1999,avaConv,runOfRiver
lv,h0001,0.30057189729276296,scr1999,avaConv,runOfRiver
lv,h0002,0.30057189729276296,scr1999,avaConv,runOfRiver
lv,h0003,0.30057189729276296,scr1999,avaConv,runOfRiver
lv,h0004,0.30057189729276296,scr1999,avaConv,runOfRiver
lv,h0005,0.30057189729276296,scr1999,avaConv,runOfRiver
lv,h0006,0.30057189729276296,scr1999,avaConv,runOfRiver
lv,h0007,0.28072340403441504,scr1999,avaConv,runOfRiver
lv,h0008,0.2608332392601478,scr1999,avaConv,runOfRiver
lv,h0009,0.24089815882343193,scr1999,avaConv,runOfRiver
lv,h0010,0.24089815882343193,scr1999,avaConv,runOfRiver
lv,h0011,0.24089815882343193,scr1999,avaConv,runOfRiver
lv,h0012,0.24089815882343193,scr1999,avaConv,runOfRiver
lv,h0013,0.24436149298003948,scr1999,avaConv,runOfRiver
lv,h0014,0.24782338285543867,scr1999,avaConv,runOfRiver
lv,h0015,0.25128384891083233,scr1999,avaConv,runOfRiver
lv,h0016,0.25128384891083233,scr1999,avaConv,runOfRiver
lv,h0017,0.25128384891083233,scr1999,avaConv,runOfRiver
lv,h0018,0.25128384891083233,scr1999,avaConv,runOfRiver
lv,h0019,0.23738846880619183,scr1999,avaConv,runOfRiver
lv,h0020,0.22346912489390183,scr1999,avaConv,runOfRiver
lv,h0021,0.20952430558607188,scr1999,avaConv,runOfRiver
lv,h0022,0.20952430558607188,scr1999,avaConv,runOfRiver
lv,h0023,0.20952430558607188,scr1999,avaConv,runOfRiver
lv,h0024,0.20952430558607188,scr1999,avaConv,runOfRiver
lv,h0025,0.19261716519230968,scr1999,avaConv,runOfRiver
lv,h0026,0.17566670118123337,scr1999,avaConv,runOfRiver
lv,h0027,0.15866872520652364,scr1999,avaConv,runOfRiver
lv,h0028,0.15866872520652364,scr1999,avaConv,runOfRiver
lv,h0029,0.15866872520652364,scr1999,avaConv,runOfRiver
lv,h0030,0.15866872520652364,scr1999,avaConv,runOfRiver
lv,h0031,0.14842140606654797,scr1999,avaConv,runOfRiver
lv,h0032,0.13815379568702876,scr1999,avaConv,runOfRiver
lv,h0033,0.12786441070299706,scr1999,avaConv,runOfRiver
lv,h0034,0.12786441070299706,scr1999,avaConv,runOfRiver
lv,h0035,0.12786441070299706,scr1999,avaConv,runOfRiver
lv,h0036,0.12786441070299706,scr1999,avaConv,runOfRiver
lv,h0037,0.12636519524257567,scr1999,avaConv,runOfRiver
lv,h0038,0.12486547715439233,scr1999,avaConv,runOfRiver
lv,h0039,0.12336525056816369,scr1999,avaConv,runOfRiver
lv,h0040,0.12336525056816369,scr1999,avaConv,runOfRiver
lv,h0041,0.12336525056816369,scr1999,avaConv,runOfRiver
lv,h0042,0.12336525056816369,scr1999,avaConv,runOfRiver
lv,h0043,0.14934056231654105,scr1999,avaConv,runOfRiver
lv,h0044,0.1751866431261084,scr1999,avaConv,runOfRiver
lv,h0045,0.20092254367934131,scr1999,avaConv,runOfRiver
lv,h0046,0.20092254367934131,scr1999,avaConv,runOfRiver
lv,h0047,0.20092254367934131,scr1999,avaConv,runOfRiver
lv,h0048,0.20092254367934131,scr1999,avaConv,runOfRiver
me,h0001,0.36684406446155976,scr1999,avaConv,runOfRiver
me,h0002,0.36684406446155976,scr1999,avaConv,runOfRiver
me,h0003,0.3668440644615597,scr1999,avaConv,runOfRiver
me,h0004,0.3668440644615597,scr1999,avaConv,runOfRiver
me,h0005,0.3668440644615597,scr1999,avaConv,runOfRiver
me,h0006,0.3668440644615597,scr1999,avaConv,runOfRiver
me,h0007,0.3668440644615597,scr1999,avaConv,runOfRiver
me,h0008,0.3668440644615597,scr1999,avaConv,runOfRiver
me,h0009,0.3668440644615597,scr1999,avaConv,runOfRiver
me,h0010,0.3668440644615597,scr1999,avaConv,runOfRiver
me,h0011,0.3668440644615597,scr1999,avaConv,runOfRiver
me,h0012,0.3668440644615597,scr1999,avaConv,runOfRiver
me,h0013,0.3668440644615597,scr1999,avaConv,runOfRiver
me,h0014,0.3668440644615597,scr1999,avaConv,runOfRiver
me,h0015,0.3668440644615597,scr1999,avaConv,runOfRiver
me,h0016,0.3668440644615597,scr1999,avaConv,runOfRiver
me,h0017,0.3668440644615597,scr1999,avaConv,runOfRiver
me,h0018,0.3668440644615597,scr1999,avaConv,runOfRiver
me,h0019,0.3459503704421035,scr1999,avaConv,runOfRiver
me,h0020,0.32499280651465107,scr1999,avaConv,runOfRiver
me,h0021,0.30396699362274837,scr1999,avaConv,runOfRiver
me,h0022,0.30396699362274837,scr1999,avaConv,runOfRiver
me,h0023,0.30396699362274837,scr1999,avaConv,runOfRiver
me,h0024,0.30396699362274837,scr1999,avaConv,runOfRiver
me,h0025,0.30396699362274837,scr1999,avaConv,runOfRiver
me,h0026,0.30396699362274837,scr1999,avaConv,runOfRiver
me,h0027,0.30396699362274837,scr1999,avaConv,runOfRiver
me,h0028,0.30396699362274837,scr1999,avaConv,runOfRiver
me,h0029,0.30396699362274837,scr1999,avaConv,runOfRiver
me,h0030,0.30396699362274837,scr1999,avaConv,runOfRiver
me,h0031,0.34331721748374966,scr1999,avaConv,runOfRiver
me,h0032,0.3824408760612396,scr1999,avaConv,runOfRiver
me,h0033,0.42136261952626836,scr1999,avaConv,runOfRiver
me,h0034,0.42136261952626836,scr1999,avaConv,runOfRiver
me,h0035,0.42136261952626836,scr1999,avaConv,runOfRiver
me,h0036,0.42136261952626836,scr1999,avaConv,runOfRiver
me,h0037,0.42136261952626836,scr1999,avaConv,runOfRiver
me,h0038,0.42136261952626836,scr1999,avaConv,runOfRiver
me,h0039,0.42136261952626836,scr1999,avaConv,runOfRiver
me,h0040,0.42136261952626836,scr1999,avaConv,runOfRiver
me,h0041,0.42136261952626836,scr1999,avaConv,runOfRiver
me,h0042,0.42136261952626836,scr1999,avaConv,runOfRiver
me,h0043,0.3970208885818203,scr1999,avaConv,runOfRiver
me,h0044,0.37260322356247116,scr1999,avaConv,runOfRiver
me,h0045,0.3481043043748942,scr1999,avaConv,runOfRiver
me,h0046,0.3481043043748942,scr1999,avaConv,runOfRiver
me,h0047,0.3481043043748942,scr1999,avaConv,runOfRiver
me,h0048,0.3481043043748942,scr1999,avaConv,runOfRiver
mk,h0001,0.3014521574834284,scr1999,avaConv,runOfRiver
mk,h0002,0.3014521574834284,scr1999,avaConv,runOfRiver
mk,h0003,0.3014521574834284,scr1999,avaConv,runOfRiver
mk,h0004,0.3014521574834284,scr1999,avaConv,runOfRiver
mk,h0005,0.3014521574834284,scr1999,avaConv,runOfRiver
mk,h0006,0.3014521574834284,scr1999,avaConv,runOfRiver
mk,h0007,0.32371585213074505,scr1999,avaConv,runOfRiver
mk,h0008,0.34609728985449445,scr1999,avaConv,runOfRiver
mk,h0009,0.3685897578573499,scr1999,avaConv,runOfRiver
mk,h0010,0.3685897578573499,scr1999,avaConv,runOfRiver
mk,h0011,0.3685897578573499,scr1999,avaConv,runOfRiver
mk,h0012,0.3685897578573499,scr1999,avaConv,runOfRiver
mk,h0013,0.31734246719435244,scr1999,avaConv,runOfRiver
mk,h0014,0.2667229427146071,scr1999,avaConv,runOfRiver
mk,h0015,0.2168360402729544,scr1999,avaConv,runOfRiver
mk,h0016,0.2168360402729544,scr1999,avaConv,runOfRiver
mk,h0017,0.2168360402729544,scr1999,avaConv,runOfRiver
mk,h0018,0.2168360402729544,scr1999,avaConv,runOfRiver
mk,h0019,0.22884373090252796,scr1999,avaConv,runOfRiver
mk,h0020,0.24090042062670391,scr1999,avaConv,runOfRiver
mk,h0021,0.2530039235870551,scr1999,avaConv,runOfRiver
mk,h0022,0.2530039235870551,scr1999,avaConv,runOfRiver
mk,h0023,0.2530039235870551,scr1999,avaConv,runOfRiver
mk,h0024,0.2530039235870551,scr1999,avaConv,runOfRiver
mk,h0025,0.2451899603784622,scr1999,avaConv,runOfRiver
mk,h0026,0.2373951758255986,scr1999,avaConv,runOfRiver
mk,h0027,0.22962012770986057,scr1999,avaConv,runOfRiver
mk,h0028,0.22962012770986057,scr1999,avaConv,runOfRiver
mk,h0029,0.22962012770986057,scr1999,avaConv,runOfRiver
mk,h0030,0.22962012770986057,scr1999,avaConv,runOfRiver
mk,h0031,0.22109107894083546,scr1999,avaConv,runOfRiver
mk,h0032,0.2125874722088495,scr1999,avaConv,runOfRiver
mk,h0033,0.20411021305105082,scr1999,avaConv,runOfRiver
mk,h0034,0.20411021305105082,scr1999,avaConv,runOfRiver
mk,h0035,0.20411021305105082,scr1999,avaConv,runOfRiver
mk,h0036,0.20411021305105082,scr1999,avaConv,runOfRiver
mk,h0037,0.2288437309025279,scr1999,avaConv,runOfRiver
mk,h0038,0.25378635422697116,scr1999,avaConv,runOfRiver
mk,h0039,0.27891968954643653,scr1999,avaConv,runOfRiver
mk,h0040,0.27891968954643653,scr1999,avaConv,runOfRiver
mk,h0041,0.27891968954643653,scr1999,avaConv,runOfRiver
mk,h0042,0.27891968954643653,scr1999,avaConv,runOfRiver
mk,h0043,0.2804964919440267,scr1999,avaConv,runOfRiver
mk,h0044,0.28207397536443307,scr1999,avaConv,runOfRiver
mk,h0045,0.28365213644779813,scr1999,avaConv,runOfRiver
mk,h0046,0.28365213644779813,scr1999,avaConv,runOfRiver
mk,h0047,0.28365213644779813,scr1999,avaConv,runOfRiver
mk,h0048,0.28365213644779813,scr1999,avaConv,runOfRiver
nl,h0001,0.5856139155161788,scr1999,avaConv,runOfRiver
nl,h0002,0.5856139155161788,scr1999,avaConv,runOfRiver
nl,h0003,0.5856139155161788,scr1999,avaConv,runOfRiver
nl,h0004,0.5856139155161788,scr1999,avaConv,runOfRiver
nl,h0005,0.5856139155161788,scr1999,avaConv,runOfRiver
nl,h0006,0.5856139155161788,scr1999,avaConv,runOfRiver
nl,h0007,0.5839588490302878,scr1999,avaConv,runOfRiver
nl,h0008,0.5823036405395767,scr1999,avaConv,runOfRiver
nl,h0009,0.5806482896231608,scr1999,avaConv,runOfRiver
nl,h0010,0.5806482896231608,scr1999,avaConv,runOfRiver
nl,h0011,0.5806482896231608,scr1999,avaConv,runOfRiver
nl,h0012,0.5806482896231608,scr1999,avaConv,runOfRiver
nl,h0013,0.5831312625617826,scr1999,avaConv,runOfRiver
nl,h0014,0.5856139155161788,scr1999,avaConv,runOfRiver
nl,h0015,0.588096249900653,scr1999,avaConv,runOfRiver
nl,h0016,0.588096249900653,scr1999,avaConv,runOfRiver
nl,h0017,0.588096249900653,scr1999,avaConv,runOfRiver
nl,h0018,0.588096249900653,scr1999,avaConv,runOfRiver
nl,h0019,0.5976089389460066,scr1999,avaConv,runOfRiver
nl,h0020,0.6071170445382783,scr1999,avaConv,runOfRiver
nl,h0021,0.6166206415429134,scr1999,avaConv,runOfRiver
nl,h0022,0.6166206415429134,scr1999,avaConv,runOfRiver
nl,h0023,0.6166206415429134,scr1999,avaConv,runOfRiver
nl,h0024,0.6166206415429134,scr1999,avaConv,runOfRiver
nl,h0025,0.6025702567436384,scr1999,avaConv,runOfRiver
nl,h0026,0.5885099414246127,scr1999,avaConv,runOfRiver
nl,h0027,0.5744394479516588,scr1999,avaConv,runOfRiver
nl,h0028,0.5744394479516588,scr1999,avaConv,runOfRiver
nl,h0029,0.5744394479516588,scr1999,avaConv,runOfRiver
nl,h0030,0.5744394479516588,scr1999,avaConv,runOfRiver
nl,h0031,0.5922327697441256,scr1999,avaConv,runOfRiver
nl,h0032,0.61000991752441,scr1999,avaConv,runOfRiver
nl,h0033,0.6277713828316789,scr1999,avaConv,runOfRiver
nl,h0034,0.6277713828316789,scr1999,avaConv,runOfRiver
nl,h0035,0.6277713828316789,scr1999,avaConv,runOfRiver
nl,h0036,0.6277713828316789,scr1999,avaConv,runOfRiver
nl,h0037,0.6318997584635295,scr1999,avaConv,runOfRiver
nl,h0038,0.636027316697191,scr1999,avaConv,runOfRiver
nl,h0039,0.6401540630706091,scr1999,avaConv,runOfRiver
nl,h0040,0.6401540630706091,scr1999,avaConv,runOfRiver
nl,h0041,0.6401540630706091,scr1999,avaConv,runOfRiver
nl,h0042,0.6401540630706091,scr1999,avaConv,runOfRiver
nl,h0043,0.6236421841887401,scr1999,avaConv,runOfRiver
nl,h0044,0.6071170445382783,scr1999,avaConv,runOfRiver
nl,h0045,0.5905782671172397,scr1999,avaConv,runOfRiver
nl,h0046,0.5905782671172397,scr1999,avaConv,runOfRiver
nl,h0047,0.5905782671172397,scr1999,avaConv,runOfRiver
nl,h0048,0.5905782671172397,scr1999,avaConv,runOfRiver
pl,h0001,0.390150808581421,scr1999,avaConv,runOfRiver
pl,h0002,0.390150808581421,scr1999,avaConv,runOfRiver
pl,h0003,0.390150808581421,scr1999,avaConv,runOfRiver
pl,h0004,0.390150808581421,scr1999,avaConv,runOfRiver
pl,h0005,0.390150808581421,scr1999,avaConv,runOfRiver
pl,h0006,0.390150808581421,scr1999,avaConv,runOfRiver
pl,h0007,0.3790862583494939,scr1999,avaConv,runOfRiver
pl,h0008,0.36804039327233756,scr1999,avaConv,runOfRiver
pl,h0009,0.3570137211667338,scr1999,avaConv,runOfRiver
pl,h0010,0.3570137211667338,scr1999,avaConv,runOfRiver
pl,h0011,0.3570137211667338,scr1999,avaConv,runOfRiver
pl,h0012,0.3570137211667338,scr1999,avaConv,runOfRiver
pl,h0013,0.3638231250140665,scr1999,avaConv,runOfRiver
pl,h0014,0.37063992951393,scr1999,avaConv,runOfRiver
pl,h0015,0.3774640111062472,scr1999,avaConv,runOfRiver
pl,h0016,0.3774640111062472,scr1999,avaConv,runOfRiver
pl,h0017,0.3774640111062472,scr1999,avaConv,runOfRiver
pl,h0018,0.3774640111062472,scr1999,avaConv,runOfRiver
pl,h0019,0.39582232873497103,scr1999,avaConv,runOfRiver
pl,h0020,0.41423009093805796,scr1999,avaConv,runOfRiver
pl,h0021,0.4326853037853402,scr1999,avaConv,runOfRiver
pl,h0022,0.4326853037853402,scr1999,avaConv,runOfRiver
pl,h0023,0.4326853037853402,scr1999,avaConv,runOfRiver
pl,h0024,0.4326853037853402,scr1999,avaConv,runOfRiver
pl,h0025,0.4203386922024227,scr1999,avaConv,runOfRiver
pl,h0026,0.4080130177803588,scr1999,avaConv,runOfRiver
pl,h0027,0.39570885198212746,scr1999,avaConv,runOfRiver
pl,h0028,0.39570885198212746,scr1999,avaConv,runOfRiver
pl,h0029,0.39570885198212746,scr1999,avaConv,runOfRiver
pl,h0030,0.39570885198212746,scr1999,avaConv,runOfRiver
pl,h0031,0.4190861978318707,scr1999,avaConv,runOfRiver
pl,h0032,0.4425392324877533,scr1999,avaConv,runOfRiver
pl,h0033,0.46606431778423024,scr1999,avaConv,runOfRiver
pl,h0034,0.46606431778423024,scr1999,avaConv,runOfRiver
pl,h0035,0.46606431778423024,scr1999,avaConv,runOfRiver
pl,h0036,0.46606431778423024,scr1999,avaConv,runOfRiver
pl,h0037,0.4686612970118058,scr1999,avaConv,runOfRiver
pl,h0038,0.47125910690536393,scr1999,avaConv,runOfRiver
pl,h0039,0.47385774333168534,scr1999,avaConv,runOfRiver
pl,h0040,0.47385774333168534,scr1999,avaConv,runOfRiver
pl,h0041,0.47385774333168534,scr1999,avaConv,runOfRiver
pl,h0042,0.47385774333168534,scr1999,avaConv,runOfRiver
pl,h0043,0.4539307707245061,scr1999,avaConv,runOfRiver
pl,h0044,0.43405419280257385,scr1999,avaConv,runOfRiver
pl,h0045,0.4142300909380579,scr1999,avaConv,runOfRiver
pl,h0046,0.4142300909380579,scr1999,avaConv,runOfRiver
pl,h0047,0.4142300909380579,scr1999,avaConv,runOfRiver
pl,h0048,0.4142300909380579,scr1999,avaConv,runOfRiver
pt,h0001,0.0,scr1999,avaConv,runOfRiver
pt,h0002,0.0,scr1999,avaConv,runOfRiver
pt,h0003,0.0,scr1999,avaConv,runOfRiver
pt,h0004,0.0,scr1999,avaConv,runOfRiver
pt,h0005,0.0,scr1999,avaConv,runOfRiver
pt,h0006,0.0,scr1999,avaConv,runOfRiver
pt,h0007,0.0009621137308007936,scr1999,avaConv,runOfRiver
pt,h0008,0.002135212045199398,scr1999,avaConv,runOfRiver
pt,h0009,0.0034037963463635483,scr1999,avaConv,runOfRiver
pt,h0010,0.0034037963463635483,scr1999,avaConv,runOfRiver
pt,h0011,0.0034037963463635483,scr1999,avaConv,runOfRiver
pt,h0012,0.0034037963463635483,scr1999,avaConv,runOfRiver
pt,h0013,0.11288805193400511,scr1999,avaConv,runOfRiver
pt,h0014,0.24368358844551813,scr1999,avaConv,runOfRiver
pt,h0015,0.3848322066345242,scr1999,avaConv,runOfRiver
pt,h0016,0.3848322066345242,scr1999,avaConv,runOfRiver
pt,h0017,0.3848322066345242,scr1999,avaConv,runOfRiver
pt,h0018,0.3848322066345242,scr1999,avaConv,runOfRiver
pt,h0019,0.387608956262321,scr1999,avaConv,runOfRiver
pt,h0020,0.3903883044575309,scr1999,avaConv,runOfRiver
pt,h0021,0.39317023753586977,scr1999,avaConv,runOfRiver
pt,h0022,0.39317023753586977,scr1999,avaConv,runOfRiver
pt,h0023,0.39317023753586977,scr1999,avaConv,runOfRiver
pt,h0024,0.39317023753586977,scr1999,avaConv,runOfRiver
pt,h0025,0.2466369140731292,scr1999,avaConv,runOfRiver
pt,h0026,0.11113311302528427,scr1999,avaConv,runOfRiver
pt,h0027,0.0,scr1999,avaConv,runOfRiver
pt,h0028,0.0,scr1999,avaConv,runOfRiver
pt,h0029,0.0,scr1999,avaConv,runOfRiver
pt,h0030,0.0,scr1999,avaConv,runOfRiver
pt,h0031,0.01728100829801592,scr1999,avaConv,runOfRiver
pt,h0032,0.03835161674743237,scr1999,avaConv,runOfRiver
pt,h0033,0.06113729699846026,scr1999,avaConv,runOfRiver
pt,h0034,0.06113729699846026,scr1999,avaConv,runOfRiver
pt,h0035,0.06113729699846026,scr1999,avaConv,runOfRiver
pt,h0036,0.06113729699846026,scr1999,avaConv,runOfRiver
pt,h0037,0.1519028735983741,scr1999,avaConv,runOfRiver
pt,h0038,0.2508546412312203,scr1999,avaConv,runOfRiver
pt,h0039,0.35531046131388805,scr1999,avaConv,runOfRiver
pt,h0040,0.35531046131388805,scr1999,avaConv,runOfRiver
pt,h0041,0.35531046131388805,scr1999,avaConv,runOfRiver
pt,h0042,0.35531046131388805,scr1999,avaConv,runOfRiver
pt,h0043,0.222887358579278,scr1999,avaConv,runOfRiver
pt,h0044,0.10043170587819418,scr1999,avaConv,runOfRiver
pt,h0045,0.0,scr1999,avaConv,runOfRiver
pt,h0046,0.0,scr1999,avaConv,runOfRiver
pt,h0047,0.0,scr1999,avaConv,runOfRiver
pt,h0048,0.0,scr1999,avaConv,runOfRiver
ro,h0001,0.2873277663948997,scr1999,avaConv,runOfRiver
ro,h0002,0.2873277663948997,scr1999,avaConv,runOfRiver
ro,h0003,0.2873277663948997,scr1999,avaConv,runOfRiver
ro,h0004,0.2873277663948997,scr1999,avaConv,runOfRiver
ro,h0005,0.2873277663948997,scr1999,avaConv,runOfRiver
ro,h0006,0.2873277663948997,scr1999,avaConv,runOfRiver
ro,h0007,0.28122934996813315,scr1999,avaConv,runOfRiver
ro,h0008,0.27517608498274704,scr1999,avaConv,runOfRiver
ro,h0009,0.26916860545896787,scr1999,avaConv,runOfRiver
ro,h0010,0.26916860545896787,scr1999,avaConv,runOfRiver
ro,h0011,0.26916860545896787,scr1999,avaConv,runOfRiver
ro,h0012,0.26916860545896787,scr1999,avaConv,runOfRiver
ro,h0013,0.26916860545896787,scr1999,avaConv,runOfRiver
ro,h0014,0.26916860545896787,scr1999,avaConv,runOfRiver
ro,h0015,0.26916860545896787,scr1999,avaConv,runOfRiver
ro,h0016,0.26916860545896787,scr1999,avaConv,runOfRiver
ro,h0017,0.26916860545896787,scr1999,avaConv,runOfRiver
ro,h0018,0.26916860545896787,scr1999,avaConv,runOfRiver
ro,h0019,0.2751091356100465,scr1999,avaConv,runOfRiver
ro,h0020,0.2810944471849336,scr1999,avaConv,runOfRiver
ro,h0021,0.28712392668878733,scr1999,avaConv,runOfRiver
ro,h0022,0.28712392668878733,scr1999,avaConv,runOfRiver
ro,h0023,0.28712392668878733,scr1999,avaConv,runOfRiver
ro,h0024,0.28712392668878733,scr1999,avaConv,runOfRiver
ro,h0025,0.29452249491269544,scr1999,avaConv,runOfRiver
ro,h0026,0.30198460770364877,scr1999,avaConv,runOfRiver
ro,h0027,0.30950927608347406,scr1999,avaConv,runOfRiver
ro,h0028,0.30950927608347406,scr1999,avaConv,runOfRiver
ro,h0029,0.30950927608347406,scr1999,avaConv,runOfRiver
ro,h0030,0.30950927608347406,scr1999,avaConv,runOfRiver
ro,h0031,0.3209921044768256,scr1999,avaConv,runOfRiver
ro,h0032,0.3326123828370942,scr1999,avaConv,runOfRiver
ro,h0033,0.344367157321697,scr1999,avaConv,runOfRiver
ro,h0034,0.344367157321697,scr1999,avaConv,runOfRiver
ro,h0035,0.344367157321697,scr1999,avaConv,runOfRiver
ro,h0036,0.344367157321697,scr1999,avaConv,runOfRiver
ro,h0037,0.3418955080534747,scr1999,avaConv,runOfRiver
ro,h0038,0.3394296544506409,scr1999,avaConv,runOfRiver
ro,h0039,0.3369696219110255,scr1999,avaConv,runOfRiver
ro,h0040,0.3369696219110255,scr1999,avaConv,runOfRiver
ro,h0041,0.3369696219110255,scr1999,avaConv,runOfRiver
ro,h0042,0.3369696219110255,scr1999,avaConv,runOfRiver
ro,h0043,0.33322423750414926,scr1999,avaConv,runOfRiver
ro,h0044,0.32949258045395474,scr1999,avaConv,runOfRiver
ro,h0045,0.3257747451473824,scr1999,avaConv,runOfRiver
ro,h0046,0.3257747451473824,scr1999,avaConv,runOfRiver
ro,h0047,0.3257747451473824,scr1999,avaConv,runOfRiver
ro,h0048,0.3257747451473824,scr1999,avaConv,runOfRiver
rs,h0001,0.2888172102208516,scr1999,avaConv,runOfRiver
rs,h0002,0.2888172102208516,scr1999,avaConv,runOfRiver
rs,h0003,0.2888172102208516,scr1999,avaConv,runOfRiver
rs,h0004,0.2888172102208516,scr1999,avaConv,runOfRiver
rs,h0005,0.2888172102208516,scr1999,avaConv,runOfRiver
rs,h0006,0.2888172102208516,scr1999,avaConv,runOfRiver
rs,h0007,0.28932946163397366,scr1999,avaConv,runOfRiver
rs,h0008,0.2898415271669571,scr1999,avaConv,runOfRiver
rs,h0009,0.29035340712783186,scr1999,avaConv,runOfRiver
rs,h0010,0.29035340712783186,scr1999,avaConv,runOfRiver
rs,h0011,0.29035340712783186,scr1999,avaConv,runOfRiver
rs,h0012,0.29035340712783186,scr1999,avaConv,runOfRiver
rs,h0013,0.29367193951252146,scr1999,avaConv,runOfRiver
rs,h0014,0.29698274715848927,scr1999,avaConv,runOfRiver
rs,h0015,0.3002859116116269,scr1999,avaConv,runOfRiver
rs,h0016,0.3002859116116269,scr1999,avaConv,runOfRiver
rs,h0017,0.3002859116116269,scr1999,avaConv,runOfRiver
rs,h0018,0.3002859116116269,scr1999,avaConv,runOfRiver
rs,h0019,0.31298603477171294,scr1999,avaConv,runOfRiver
rs,h0020,0.32557750800629215,scr1999,avaConv,runOfRiver
rs,h0021,0.33806445612226677,scr1999,avaConv,runOfRiver
rs,h0022,0.33806445612226677,scr1999,avaConv,runOfRiver
rs,h0023,0.33806445612226677,scr1999,avaConv,runOfRiver
rs,h0024,0.33806445612226677,scr1999,avaConv,runOfRiver
rs,h0025,0.34820893932061914,scr1999,avaConv,runOfRiver
rs,h0026,0.35828798539158135,scr1999,avaConv,runOfRiver
rs,h0027,0.36830348114524436,scr1999,avaConv,runOfRiver
rs,h0028,0.36830348114524436,scr1999,avaConv,runOfRiver
rs,h0029,0.36830348114524436,scr1999,avaConv,runOfRiver
rs,h0030,0.36830348114524436,scr1999,avaConv,runOfRiver
rs,h0031,0.3717103382093291,scr1999,avaConv,runOfRiver
rs,h0032,0.375110059265121,scr1999,avaConv,runOfRiver
rs,h0033,0.378502712154123,scr1999,avaConv,runOfRiver
rs,h0034,0.378502712154123,scr1999,avaConv,runOfRiver
rs,h0035,0.378502712154123,scr1999,avaConv,runOfRiver
rs,h0036,0.378502712154123,scr1999,avaConv,runOfRiver
rs,h0037,0.37606198051478923,scr1999,avaConv,runOfRiver
rs,h0038,0.37361759830890573,scr1999,avaConv,runOfRiver
rs,h0039,0.37116954043481587,scr1999,avaConv,runOfRiver
rs,h0040,0.37116954043481587,scr1999,avaConv,runOfRiver
rs,h0041,0.37116954043481587,scr1999,avaConv,runOfRiver
rs,h0042,0.37116954043481587,scr1999,avaConv,runOfRiver
rs,h0043,0.35997094322010226,scr1999,avaConv,runOfRiver
rs,h0044,0.3486930515052735,scr1999,avaConv,runOfRiver
rs,h0045,0.3373332309888334,scr1999,avaConv,runOfRiver
rs,h0046,0.3373332309888334,scr1999,avaConv,runOfRiver
rs,h0047,0.3373332309888334,scr1999,avaConv,runOfRiver
rs,h0048,0.3373332309888334,scr1999,avaConv,runOfRiver
si,h0001,0.26848886756269263,scr1999,avaConv,runOfRiver
si,h0002,0.26848886756269263,scr1999,avaConv,runOfRiver
si,h0003,0.26848886756269263,scr1999,avaConv,runOfRiver
si,h0004,0.26848886756269263,scr1999,avaConv,runOfRiver
si,h0005,0.26848886756269263,scr1999,avaConv,runOfRiver
si,h0006,0.26848886756269263,scr1999,avaConv,runOfRiver
si,h0007,0.2697246486417261,scr1999,avaConv,runOfRiver
si,h0008,0.2709634826658214,scr1999,avaConv,runOfRiver
si,h0009,0.2722053629803048,scr1999,avaConv,runOfRiver
si,h0010,0.2722053629803048,scr1999,avaConv,runOfRiver
si,h0011,0.2722053629803048,scr1999,avaConv,runOfRiver
si,h0012,0.2722053629803048,scr1999,avaConv,runOfRiver
si,h0013,0.2719730046377956,scr1999,avaConv,runOfRiver
si,h0014,0.27174075253720426,scr1999,avaConv,runOfRiver
si,h0015,0.2715086067216287,scr1999,avaConv,runOfRiver
si,h0016,0.2715086067216287,scr1999,avaConv,runOfRiver
si,h0017,0.2715086067216287,scr1999,avaConv,runOfRiver
si,h0018,0.2715086067216287,scr1999,avaConv,runOfRiver
si,h0019,0.2668535847210736,scr1999,avaConv,runOfRiver
si,h0020,0.2622420929926787,scr1999,avaConv,runOfRiver
si,h0021,0.25767449887605925,scr1999,avaConv,runOfRiver
si,h0022,0.25767449887605925,scr1999,avaConv,runOfRiver
si,h0023,0.25767449887605925,scr1999,avaConv,runOfRiver
si,h0024,0.25767449887605925,scr1999,avaConv,runOfRiver
si,h0025,0.26389627818173567,scr1999,avaConv,runOfRiver
si,h0026,0.2701989816307878,scr1999,avaConv,runOfRiver
si,h0027,0.27658169844104374,scr1999,avaConv,runOfRiver
si,h0028,0.27658169844104374,scr1999,avaConv,runOfRiver
si,h0029,0.27658169844104374,scr1999,avaConv,runOfRiver
si,h0030,0.27658169844104374,scr1999,avaConv,runOfRiver
si,h0031,0.2825929289811255,scr1999,avaConv,runOfRiver
si,h0032,0.2886720130071176,scr1999,avaConv,runOfRiver
si,h0033,0.29481828567809015,scr1999,avaConv,runOfRiver
si,h0034,0.29481828567809015,scr1999,avaConv,runOfRiver
si,h0035,0.29481828567809015,scr1999,avaConv,runOfRiver
si,h0036,0.29481828567809015,scr1999,avaConv,runOfRiver
si,h0037,0.297636295820277,scr1999,avaConv,runOfRiver
si,h0038,0.30046801660137956,scr1999,avaConv,runOfRiver
si,h0039,0.3033133894264476,scr1999,avaConv,runOfRiver
si,h0040,0.3033133894264476,scr1999,avaConv,runOfRiver
si,h0041,0.3033133894264476,scr1999,avaConv,runOfRiver
si,h0042,0.3033133894264476,scr1999,avaConv,runOfRiver
si,h0043,0.2950364324273755,scr1999,avaConv,runOfRiver
si,h0044,0.2868770431364988,scr1999,avaConv,runOfRiver
si,h0045,0.2788367428658927,scr1999,avaConv,runOfRiver
si,h0046,0.2788367428658927,scr1999,avaConv,runOfRiver
si,h0047,0.2788367428658927,scr1999,avaConv,runOfRiver
si,h0048,0.2788367428658927,scr1999,avaConv,runOfRiver
sk,h0001,0.3630706206579011,scr1999,avaConv,runOfRiver
sk,h0002,0.3630706206579011,scr1999,avaConv,runOfRiver
sk,h0003,0.3630706206579011,scr1999,avaConv,runOfRiver
sk,h0004,0.3630706206579011,scr1999,avaConv,runOfRiver
sk,h0005,0.3630706206579011,scr1999,avaConv,runOfRiver
sk,h0006,0.3630706206579011,scr1999,avaConv,runOfRiver
sk,h0007,0.35822398430144586,scr1999,avaConv,runOfRiver
sk,h0008,0.35337866823899977,scr1999,avaConv,runOfRiver
sk,h0009,0.34853469024625827,scr1999,avaConv,runOfRiver
sk,h0010,0.34853469024625827,scr1999,avaConv,runOfRiver
sk,h0011,0.34853469024625827,scr1999,avaConv,runOfRiver
sk,h0012,0.34853469024625827,scr1999,avaConv,runOfRiver
sk,h0013,0.36256150322359604,scr1999,avaConv,runOfRiver
sk,h0014,0.37659925373119585,scr1999,avaConv,runOfRiver
sk,h0015,0.39064754142091773,scr1999,avaConv,runOfRiver
sk,h0016,0.39064754142091773,scr1999,avaConv,runOfRiver
sk,h0017,0.39064754142091773,scr1999,avaConv,runOfRiver
sk,h0018,0.39064754142091773,scr1999,avaConv,runOfRiver
sk,h0019,0.39931733597007124,scr1999,avaConv,runOfRiver
sk,h0020,0.4079909148222135,scr1999,avaConv,runOfRiver
sk,h0021,0.4166681991546083,scr1999,avaConv,runOfRiver
sk,h0022,0.4166681991546083,scr1999,avaConv,runOfRiver
sk,h0023,0.4166681991546083,scr1999,avaConv,runOfRiver
sk,h0024,0.4166681991546083,scr1999,avaConv,runOfRiver
sk,h0025,0.4151791893696205,scr1999,avaConv,runOfRiver
sk,h0026,0.4136902868015919,scr1999,avaConv,runOfRiver
sk,h0027,0.4122014918282467,scr1999,avaConv,runOfRiver
sk,h0028,0.4122014918282467,scr1999,avaConv,runOfRiver
sk,h0029,0.4122014918282467,scr1999,avaConv,runOfRiver
sk,h0030,0.4122014918282467,scr1999,avaConv,runOfRiver
sk,h0031,0.41784884715352866,scr1999,avaConv,runOfRiver
sk,h0032,0.4234977352726248,scr1999,avaConv,runOfRiver
sk,h0033,0.42914813617328873,scr1999,avaConv,runOfRiver
sk,h0034,0.42914813617328873,scr1999,avaConv,runOfRiver
sk,h0035,0.42914813617328873,scr1999,avaConv,runOfRiver
sk,h0036,0.42914813617328873,scr1999,avaConv,runOfRiver
sk,h0037,0.42402972387838567,scr1999,avaConv,runOfRiver
sk,h0038,0.41891255135483285,scr1999,avaConv,runOfRiver
sk,h0039,0.41379663342132067,scr1999,avaConv,runOfRiver
sk,h0040,0.41379663342132067,scr1999,avaConv,runOfRiver
sk,h0041,0.41379663342132067,scr1999,avaConv,runOfRiver
sk,h0042,0.41379663342132067,scr1999,avaConv,runOfRiver
sk,h0043,0.4030265331528363,scr1999,avaConv,runOfRiver
sk,h0044,0.39226221262378735,scr1999,avaConv,runOfRiver
sk,h0045,0.3815038272124355,scr1999,avaConv,runOfRiver
sk,h0046,0.3815038272124355,scr1999,avaConv,runOfRiver
sk,h0047,0.3815038272124355,scr1999,avaConv,runOfRiver
sk,h0048,0.3815038272124355,scr1999,avaConv,runOfRiver
uk,h0001,0.29622620564017793,scr1999,avaConv,runOfRiver
uk,h0002,0.29622620564017793,scr1999,avaConv,runOfRiver
uk,h0003,0.29622620564017793,scr1999,avaConv,runOfRiver
uk,h0004,0.29622620564017793,scr1999,avaConv,runOfRiver
uk,h0005,0.29622620564017793,scr1999,avaConv,runOfRiver
uk,h0006,0.29622620564017793,scr1999,avaConv,runOfRiver
uk,h0007,0.3328743540311198,scr1999,avaConv,runOfRiver
uk,h0008,0.3694830048372361,scr1999,avaConv,runOfRiver
uk,h0009,0.4060560804428375,scr1999,avaConv,runOfRiver
uk,h0010,0.4060560804428375,scr1999,avaConv,runOfRiver
uk,h0011,0.4060560804428375,scr1999,avaConv,runOfRiver
uk,h0012,0.4060560804428375,scr1999,avaConv,runOfRiver
uk,h0013,0.4094644166518664,scr1999,avaConv,runOfRiver
uk,h0014,0.41287247426311946,scr1999,avaConv,runOfRiver
uk,h0015,0.4162802555806355,scr1999,avaConv,runOfRiver
uk,h0016,0.4162802555806355,scr1999,avaConv,runOfRiver
uk,h0017,0.4162802555806355,scr1999,avaConv,runOfRiver
uk,h0018,0.4162802555806355,scr1999,avaConv,runOfRiver
uk,h0019,0.37898366034459213,scr1999,avaConv,runOfRiver
uk,h0020,0.3416509788379978,scr1999,avaConv,runOfRiver
uk,h0021,0.30427825584367185,scr1999,avaConv,runOfRiver
uk,h0022,0.30427825584367185,scr1999,avaConv,runOfRiver
uk,h0023,0.30427825584367185,scr1999,avaConv,runOfRiver
uk,h0024,0.30427825584367185,scr1999,avaConv,runOfRiver
uk,h0025,0.30139474493002616,scr1999,avaConv,runOfRiver
uk,h0026,0.2985109647853075,scr1999,avaConv,runOfRiver
uk,h0027,0.29562691282074355,scr1999,avaConv,runOfRiver
uk,h0028,0.29562691282074355,scr1999,avaConv,runOfRiver
uk,h0029,0.29562691282074355,scr1999,avaConv,runOfRiver
uk,h0030,0.29562691282074355,scr1999,avaConv,runOfRiver
uk,h0031,0.3592714076497746,scr1999,avaConv,runOfRiver
uk,h0032,0.4228050790284219,scr1999,avaConv,runOfRiver
uk,h0033,0.4862447305308081,scr1999,avaConv,runOfRiver
uk,h0034,0.4862447305308081,scr1999,avaConv,runOfRiver
uk,h0035,0.4862447305308081,scr1999,avaConv,runOfRiver
uk,h0036,0.4862447305308081,scr1999,avaConv,runOfRiver
uk,h0037,0.5047596678399047,scr1999,avaConv,runOfRiver
uk,h0038,0.5232679139582913,scr1999,avaConv,runOfRiver
uk,h0039,0.541769706923774,scr1999,avaConv,runOfRiver
uk,h0040,0.541769706923774,scr1999,avaConv,runOfRiver
uk,h0041,0.541769706923774,scr1999,avaConv,runOfRiver
uk,h0042,0.541769706923774,scr1999,avaConv,runOfRiver
uk,h0043,0.5246277868541582,scr1999,avaConv,runOfRiver
uk,h0044,0.5074803418479809,scr1999,avaConv,runOfRiver
uk,h0045,0.49032718410588105,scr1999,avaConv,runOfRiver
uk,h0046,0.49032718410588105,scr1999,avaConv,runOfRiver
uk,h0047,0.49032718410588105,scr1999,avaConv,runOfRiver
uk,h0048,0.49032718410588105,scr1999,avaConv,runOfRiver
