region_3,timestep_6,value,scenario_1,parameter,technology_2
al,h0073,0.5375600137989047,scr2003,avaConv,offshore
al,h0074,0.1872446462270504,scr2003,avaConv,offshore
al,h0075,0.08014264620770203,scr2003,avaConv,offshore
al,h0076,0.07325660556720454,scr2003,avaConv,offshore
al,h0077,0.059592191799941505,scr2003,avaConv,offshore
al,h0078,0.031356341732282786,scr2003,avaConv,offshore
al,h0079,0.0,scr2003,avaConv,offshore
al,h0080,0.0016794061916948783,scr2003,avaConv,offshore
al,h0081,0.34036939395026944,scr2003,avaConv,offshore
al,h0082,0.510397799867412,scr2003,avaConv,offshore
al,h0083,0.5382846527774001,scr2003,avaConv,offshore
al,h0084,0.15876684035573327,scr2003,avaConv,offshore
al,h0085,0.0670573654067916,scr2003,avaConv,offshore
al,h0086,0.0394609926003018,scr2003,avaConv,offshore
al,h0087,0.0036034378138249373,scr2003,avaConv,offshore
al,h0088,0.028580918474252454,scr2003,avaConv,offshore
al,h0089,0.3364047323080465,scr2003,avaConv,offshore
al,h0090,0.33650528816981806,scr2003,avaConv,offshore
al,h0091,0.7886615472307625,scr2003,avaConv,offshore
al,h0092,0.819072838011487,scr2003,avaConv,offshore
al,h0093,0.8189461609849968,scr2003,avaConv,offshore
al,h0094,0.27339110658211224,scr2003,avaConv,offshore
al,h0095,0.042187015416649,scr2003,avaConv,offshore
al,h0096,0.46679940107894896,scr2003,avaConv,offshore
ba,h0073,0.34026826812443706,scr2003,avaConv,offshore
ba,h0074,0.13779295618039047,scr2003,avaConv,offshore
ba,h0075,0.0,scr2003,avaConv,offshore
ba,h0076,0.006479074061205077,scr2003,avaConv,offshore
ba,h0077,0.006479074061205077,scr2003,avaConv,offshore
ba,h0078,0.047097534092571704,scr2003,avaConv,offshore
ba,h0079,0.2507725348966678,scr2003,avaConv,offshore
ba,h0080,0.33219556478011264,scr2003,avaConv,offshore
ba,h0081,0.3629441229700375,scr2003,avaConv,offshore
ba,h0082,0.11488609082323473,scr2003,avaConv,offshore
ba,h0083,0.059769493192600144,scr2003,avaConv,offshore
ba,h0084,0.013442677500235964,scr2003,avaConv,offshore
ba,h0085,0.030499870451127082,scr2003,avaConv,offshore
ba,h0086,0.030499870451127082,scr2003,avaConv,offshore
ba,h0087,0.022160431191286852,scr2003,avaConv,offshore
ba,h0088,0.03737899326013407,scr2003,avaConv,offshore
ba,h0089,0.46084946253032033,scr2003,avaConv,offshore
ba,h0090,0.44958631927110404,scr2003,avaConv,offshore
ba,h0091,0.95,scr2003,avaConv,offshore
ba,h0092,0.8121131483148497,scr2003,avaConv,offshore
ba,h0093,0.8121131483148497,scr2003,avaConv,offshore
ba,h0094,0.24930450305694457,scr2003,avaConv,offshore
ba,h0095,0.19911314913174002,scr2003,avaConv,offshore
ba,h0096,0.7396916891846925,scr2003,avaConv,offshore
be,h0073,0.22388875918560264,scr2003,avaConv,offshore
be,h0074,0.20608527800737803,scr2003,avaConv,offshore
be,h0075,0.3681432373592177,scr2003,avaConv,offshore
be,h0076,0.2742802727523147,scr2003,avaConv,offshore
be,h0077,0.18559363996172634,scr2003,avaConv,offshore
be,h0078,0.052744814607219706,scr2003,avaConv,offshore
be,h0079,0.2868918679123722,scr2003,avaConv,offshore
be,h0080,0.3492428677860467,scr2003,avaConv,offshore
be,h0081,0.32202043436084093,scr2003,avaConv,offshore
be,h0082,0.07173475927488977,scr2003,avaConv,offshore
be,h0083,0.15487680178413138,scr2003,avaConv,offshore
be,h0084,0.19721471967623344,scr2003,avaConv,offshore
be,h0085,0.211393635705722,scr2003,avaConv,offshore
be,h0086,0.05116058644172014,scr2003,avaConv,offshore
be,h0087,0.29160642315123636,scr2003,avaConv,offshore
be,h0088,0.2943898978448633,scr2003,avaConv,offshore
be,h0089,0.31148899431396376,scr2003,avaConv,offshore
be,h0090,0.023543535498501585,scr2003,avaConv,offshore
be,h0091,0.35561976843724286,scr2003,avaConv,offshore
be,h0092,0.7191427255289191,scr2003,avaConv,offshore
be,h0093,0.6900915325328186,scr2003,avaConv,offshore
be,h0094,0.6917537224935395,scr2003,avaConv,offshore
be,h0095,0.6395868339476963,scr2003,avaConv,offshore
be,h0096,0.7871477332004415,scr2003,avaConv,offshore
bg,h0073,0.1018433762382086,scr2003,avaConv,offshore
bg,h0074,0.21136822058416763,scr2003,avaConv,offshore
bg,h0075,0.12146080395988658,scr2003,avaConv,offshore
bg,h0076,0.11290196973717653,scr2003,avaConv,offshore
bg,h0077,0.017259274216636797,scr2003,avaConv,offshore
bg,h0078,0.008958188268953976,scr2003,avaConv,offshore
bg,h0079,0.0080315110860055,scr2003,avaConv,offshore
bg,h0080,0.0745391608176953,scr2003,avaConv,offshore
bg,h0081,0.23889332195351345,scr2003,avaConv,offshore
bg,h0082,0.2566053834785584,scr2003,avaConv,offshore
bg,h0083,0.4130659627580298,scr2003,avaConv,offshore
bg,h0084,0.2416948860483514,scr2003,avaConv,offshore
bg,h0085,0.30936458042731413,scr2003,avaConv,offshore
bg,h0086,0.09126488061155216,scr2003,avaConv,offshore
bg,h0087,0.1013780657644843,scr2003,avaConv,offshore
bg,h0088,0.31861846865971133,scr2003,avaConv,offshore
bg,h0089,0.3149240027052918,scr2003,avaConv,offshore
bg,h0090,0.29535521997733905,scr2003,avaConv,offshore
bg,h0091,0.1365408650385187,scr2003,avaConv,offshore
bg,h0092,0.42282184274540935,scr2003,avaConv,offshore
bg,h0093,0.431838612412055,scr2003,avaConv,offshore
bg,h0094,0.29515472761016165,scr2003,avaConv,offshore
bg,h0095,0.31317753564773576,scr2003,avaConv,offshore
bg,h0096,0.40471771449009575,scr2003,avaConv,offshore
de,h0073,0.3777025773836688,scr2003,avaConv,offshore
de,h0074,0.6592292244996749,scr2003,avaConv,offshore
de,h0075,0.5632844124907199,scr2003,avaConv,offshore
de,h0076,0.5335746088657218,scr2003,avaConv,offshore
de,h0077,0.5134738562853598,scr2003,avaConv,offshore
de,h0078,0.7080194949867227,scr2003,avaConv,offshore
de,h0079,0.6061394420425694,scr2003,avaConv,offshore
de,h0080,0.5668057530936832,scr2003,avaConv,offshore
de,h0081,0.340490529943912,scr2003,avaConv,offshore
de,h0082,0.2725957312640922,scr2003,avaConv,offshore
de,h0083,0.0024370965336459327,scr2003,avaConv,offshore
de,h0084,0.05331222442247002,scr2003,avaConv,offshore
de,h0085,0.08746122967926662,scr2003,avaConv,offshore
de,h0086,0.00028181890415560074,scr2003,avaConv,offshore
de,h0087,0.4213500548628412,scr2003,avaConv,offshore
de,h0088,0.4857327579134025,scr2003,avaConv,offshore
de,h0089,0.5217488725215063,scr2003,avaConv,offshore
de,h0090,0.13799575749184334,scr2003,avaConv,offshore
de,h0091,0.24498108536417268,scr2003,avaConv,offshore
de,h0092,0.5642717700039341,scr2003,avaConv,offshore
de,h0093,0.8424939480051241,scr2003,avaConv,offshore
de,h0094,0.7871877804460037,scr2003,avaConv,offshore
de,h0095,0.49953903849293296,scr2003,avaConv,offshore
de,h0096,0.29919496018416597,scr2003,avaConv,offshore
dk_e,h0073,0.06579899760878212,scr2003,avaConv,offshore
dk_e,h0074,0.38197797131348843,scr2003,avaConv,offshore
dk_e,h0075,0.41632226460966476,scr2003,avaConv,offshore
dk_e,h0076,0.5171226771470896,scr2003,avaConv,offshore
dk_e,h0077,0.5133903532338928,scr2003,avaConv,offshore
dk_e,h0078,0.5033321300408594,scr2003,avaConv,offshore
dk_e,h0079,0.42216453886108324,scr2003,avaConv,offshore
dk_e,h0080,0.13808504445688308,scr2003,avaConv,offshore
dk_e,h0081,0.15556209608753638,scr2003,avaConv,offshore
dk_e,h0082,0.09506371692176854,scr2003,avaConv,offshore
dk_e,h0083,0.05488444071649798,scr2003,avaConv,offshore
dk_e,h0084,0.0,scr2003,avaConv,offshore
dk_e,h0085,0.15750543611650836,scr2003,avaConv,offshore
dk_e,h0086,0.210910645700683,scr2003,avaConv,offshore
dk_e,h0087,0.534154477151653,scr2003,avaConv,offshore
dk_e,h0088,0.6804595020458837,scr2003,avaConv,offshore
dk_e,h0089,0.8186318944763744,scr2003,avaConv,offshore
dk_e,h0090,0.5675040617031585,scr2003,avaConv,offshore
dk_e,h0091,0.3456535615927822,scr2003,avaConv,offshore
dk_e,h0092,0.43988540356541345,scr2003,avaConv,offshore
dk_e,h0093,0.7281926239164026,scr2003,avaConv,offshore
dk_e,h0094,0.710353368320347,scr2003,avaConv,offshore
dk_e,h0095,0.46713756736579165,scr2003,avaConv,offshore
dk_e,h0096,0.3756144677432031,scr2003,avaConv,offshore
dk_w,h0073,0.2716904144476027,scr2003,avaConv,offshore
dk_w,h0074,0.5939189433948642,scr2003,avaConv,offshore
dk_w,h0075,0.655610589416828,scr2003,avaConv,offshore
dk_w,h0076,0.766407069937783,scr2003,avaConv,offshore
dk_w,h0077,0.7681849494349207,scr2003,avaConv,offshore
dk_w,h0078,0.7929374730062138,scr2003,avaConv,offshore
dk_w,h0079,0.6694914709875095,scr2003,avaConv,offshore
dk_w,h0080,0.4815704501222077,scr2003,avaConv,offshore
dk_w,h0081,0.2551619726734398,scr2003,avaConv,offshore
dk_w,h0082,0.2314863714291221,scr2003,avaConv,offshore
dk_w,h0083,0.1498283744601306,scr2003,avaConv,offshore
dk_w,h0084,0.30290698885114037,scr2003,avaConv,offshore
dk_w,h0085,0.41946965899336247,scr2003,avaConv,offshore
dk_w,h0086,0.3308603984180197,scr2003,avaConv,offshore
dk_w,h0087,0.4961648909707764,scr2003,avaConv,offshore
dk_w,h0088,0.5395204815734749,scr2003,avaConv,offshore
dk_w,h0089,0.5391402641293432,scr2003,avaConv,offshore
dk_w,h0090,0.25401260687780675,scr2003,avaConv,offshore
dk_w,h0091,0.4335767043257523,scr2003,avaConv,offshore
dk_w,h0092,0.7445370407559846,scr2003,avaConv,offshore
dk_w,h0093,0.9427339693781618,scr2003,avaConv,offshore
dk_w,h0094,0.7191285804818053,scr2003,avaConv,offshore
dk_w,h0095,0.5232403180270735,scr2003,avaConv,offshore
dk_w,h0096,0.1687994880254895,scr2003,avaConv,offshore
ee,h0073,0.3510471621450649,scr2003,avaConv,offshore
ee,h0074,0.38725276236450407,scr2003,avaConv,offshore
ee,h0075,0.48694984179388184,scr2003,avaConv,offshore
ee,h0076,0.6190671652295039,scr2003,avaConv,offshore
ee,h0077,0.6390166361328175,scr2003,avaConv,offshore
ee,h0078,0.4051730093447058,scr2003,avaConv,offshore
ee,h0079,0.2898243325257974,scr2003,avaConv,offshore
ee,h0080,0.1685521709292287,scr2003,avaConv,offshore
ee,h0081,0.340423573026868,scr2003,avaConv,offshore
ee,h0082,0.30109606650134324,scr2003,avaConv,offshore
ee,h0083,0.42097904565385513,scr2003,avaConv,offshore
ee,h0084,0.2392509995135091,scr2003,avaConv,offshore
ee,h0085,0.20472354578284963,scr2003,avaConv,offshore
ee,h0086,0.27344216138155775,scr2003,avaConv,offshore
ee,h0087,0.5986339742581586,scr2003,avaConv,offshore
ee,h0088,0.9205503327108616,scr2003,avaConv,offshore
ee,h0089,0.6099712093855253,scr2003,avaConv,offshore
ee,h0090,0.41408235717519487,scr2003,avaConv,offshore
ee,h0091,0.2883528559257588,scr2003,avaConv,offshore
ee,h0092,0.4272452961132671,scr2003,avaConv,offshore
ee,h0093,0.5339273851737634,scr2003,avaConv,offshore
ee,h0094,0.6657786781616281,scr2003,avaConv,offshore
ee,h0095,0.7672733909078151,scr2003,avaConv,offshore
ee,h0096,0.6885495222553469,scr2003,avaConv,offshore
es,h0073,0.4300345801126723,scr2003,avaConv,offshore
es,h0074,0.4218250971833695,scr2003,avaConv,offshore
es,h0075,0.277563034953182,scr2003,avaConv,offshore
es,h0076,0.0,scr2003,avaConv,offshore
es,h0077,0.3844874866726915,scr2003,avaConv,offshore
es,h0078,0.492634797590608,scr2003,avaConv,offshore
es,h0079,0.49899536549222767,scr2003,avaConv,offshore
es,h0080,0.3247919991287119,scr2003,avaConv,offshore
es,h0081,0.3810617373336012,scr2003,avaConv,offshore
es,h0082,0.660809682119119,scr2003,avaConv,offshore
es,h0083,0.5990761165828328,scr2003,avaConv,offshore
es,h0084,0.6431196533873118,scr2003,avaConv,offshore
es,h0085,0.38808396232055453,scr2003,avaConv,offshore
es,h0086,0.4772967287876846,scr2003,avaConv,offshore
es,h0087,0.27963046003665076,scr2003,avaConv,offshore
es,h0088,0.23336679654341763,scr2003,avaConv,offshore
es,h0089,0.18408418327575793,scr2003,avaConv,offshore
es,h0090,0.14092196954360886,scr2003,avaConv,offshore
es,h0091,0.4304724730364898,scr2003,avaConv,offshore
es,h0092,0.4617819361431109,scr2003,avaConv,offshore
es,h0093,0.4639808612835723,scr2003,avaConv,offshore
es,h0094,0.3372006712220487,scr2003,avaConv,offshore
es,h0095,0.17527844646160468,scr2003,avaConv,offshore
es,h0096,0.43720942682689745,scr2003,avaConv,offshore
fi,h0073,0.1819887695733995,scr2003,avaConv,offshore
fi,h0074,0.3138007015812484,scr2003,avaConv,offshore
fi,h0075,0.3225602528643521,scr2003,avaConv,offshore
fi,h0076,0.4029407166196249,scr2003,avaConv,offshore
fi,h0077,0.284384000167878,scr2003,avaConv,offshore
fi,h0078,0.10307229323660322,scr2003,avaConv,offshore
fi,h0079,0.08313344858350474,scr2003,avaConv,offshore
fi,h0080,0.07069294471696283,scr2003,avaConv,offshore
fi,h0081,0.2976969216473001,scr2003,avaConv,offshore
fi,h0082,0.45075680972847615,scr2003,avaConv,offshore
fi,h0083,0.47951053506117874,scr2003,avaConv,offshore
fi,h0084,0.31690631660059143,scr2003,avaConv,offshore
fi,h0085,0.1326772250399968,scr2003,avaConv,offshore
fi,h0086,0.22838196224089646,scr2003,avaConv,offshore
fi,h0087,0.4787839914228011,scr2003,avaConv,offshore
fi,h0088,0.6278944820806167,scr2003,avaConv,offshore
fi,h0089,0.45896914646551706,scr2003,avaConv,offshore
fi,h0090,0.2019066271575154,scr2003,avaConv,offshore
fi,h0091,0.3539331893421757,scr2003,avaConv,offshore
fi,h0092,0.5072003952929136,scr2003,avaConv,offshore
fi,h0093,0.6436414837866893,scr2003,avaConv,offshore
fi,h0094,0.5968808798129952,scr2003,avaConv,offshore
fi,h0095,0.7109057777235361,scr2003,avaConv,offshore
fi,h0096,0.6023666444244768,scr2003,avaConv,offshore
fr,h0073,0.3210859382712834,scr2003,avaConv,offshore
fr,h0074,0.2511289516903832,scr2003,avaConv,offshore
fr,h0075,0.32954584584795055,scr2003,avaConv,offshore
fr,h0076,0.2643447355795416,scr2003,avaConv,offshore
fr,h0077,0.09698281114134101,scr2003,avaConv,offshore
fr,h0078,0.021571611086786083,scr2003,avaConv,offshore
fr,h0079,0.3022151610573738,scr2003,avaConv,offshore
fr,h0080,0.30532361067450636,scr2003,avaConv,offshore
fr,h0081,0.43189648724027385,scr2003,avaConv,offshore
fr,h0082,0.2030056401154215,scr2003,avaConv,offshore
fr,h0083,0.42007110344142223,scr2003,avaConv,offshore
fr,h0084,0.40129491141057916,scr2003,avaConv,offshore
fr,h0085,0.35866709353910636,scr2003,avaConv,offshore
fr,h0086,0.1380539251582003,scr2003,avaConv,offshore
fr,h0087,0.16590103909993836,scr2003,avaConv,offshore
fr,h0088,0.14991542859375767,scr2003,avaConv,offshore
fr,h0089,0.13198872200815426,scr2003,avaConv,offshore
fr,h0090,0.0006621808856433209,scr2003,avaConv,offshore
fr,h0091,0.1060419601650149,scr2003,avaConv,offshore
fr,h0092,0.45692283678164436,scr2003,avaConv,offshore
fr,h0093,0.4791524446405018,scr2003,avaConv,offshore
fr,h0094,0.6380218465058527,scr2003,avaConv,offshore
fr,h0095,0.572953467313983,scr2003,avaConv,offshore
fr,h0096,0.7634634614033711,scr2003,avaConv,offshore
gr,h0073,0.9300730430727808,scr2003,avaConv,offshore
gr,h0074,0.9138276222841627,scr2003,avaConv,offshore
gr,h0075,0.7916599639712876,scr2003,avaConv,offshore
gr,h0076,0.7756434331956785,scr2003,avaConv,offshore
gr,h0077,0.7756846063836405,scr2003,avaConv,offshore
gr,h0078,0.5977884198010792,scr2003,avaConv,offshore
gr,h0079,0.5069937472506385,scr2003,avaConv,offshore
gr,h0080,0.3130704816307145,scr2003,avaConv,offshore
gr,h0081,0.6394442668443947,scr2003,avaConv,offshore
gr,h0082,0.6670488613603263,scr2003,avaConv,offshore
gr,h0083,0.5919176995802135,scr2003,avaConv,offshore
gr,h0084,0.3018579660191716,scr2003,avaConv,offshore
gr,h0085,0.2866103350480115,scr2003,avaConv,offshore
gr,h0086,0.5282028619288293,scr2003,avaConv,offshore
gr,h0087,0.5043774982415282,scr2003,avaConv,offshore
gr,h0088,0.5142077136896225,scr2003,avaConv,offshore
gr,h0089,0.35839744551472796,scr2003,avaConv,offshore
gr,h0090,0.6584277656392239,scr2003,avaConv,offshore
gr,h0091,0.5824968486934087,scr2003,avaConv,offshore
gr,h0092,0.6738102893034824,scr2003,avaConv,offshore
gr,h0093,0.6452708659395142,scr2003,avaConv,offshore
gr,h0094,0.6016012634300743,scr2003,avaConv,offshore
gr,h0095,0.4225309979866815,scr2003,avaConv,offshore
gr,h0096,0.3165109304875174,scr2003,avaConv,offshore
hr,h0073,0.4815678899330957,scr2003,avaConv,offshore
hr,h0074,0.17993992271828407,scr2003,avaConv,offshore
hr,h0075,0.021158148901681443,scr2003,avaConv,offshore
hr,h0076,0.02625135551684729,scr2003,avaConv,offshore
hr,h0077,0.01371906030014615,scr2003,avaConv,offshore
hr,h0078,0.018751863561336565,scr2003,avaConv,offshore
hr,h0079,0.3555171081546997,scr2003,avaConv,offshore
hr,h0080,0.3474596683329858,scr2003,avaConv,offshore
hr,h0081,0.5425760616376831,scr2003,avaConv,offshore
hr,h0082,0.16877692996480864,scr2003,avaConv,offshore
hr,h0083,0.2595258861707131,scr2003,avaConv,offshore
hr,h0084,0.34576025298188684,scr2003,avaConv,offshore
hr,h0085,0.2570711405528404,scr2003,avaConv,offshore
hr,h0086,0.16601040002031545,scr2003,avaConv,offshore
hr,h0087,0.024009611317245973,scr2003,avaConv,offshore
hr,h0088,0.020365300451434448,scr2003,avaConv,offshore
hr,h0089,0.22203798593390858,scr2003,avaConv,offshore
hr,h0090,0.22585278270404385,scr2003,avaConv,offshore
hr,h0091,0.7036809941190655,scr2003,avaConv,offshore
hr,h0092,0.95,scr2003,avaConv,offshore
hr,h0093,0.8975194344653682,scr2003,avaConv,offshore
hr,h0094,0.3861222954394181,scr2003,avaConv,offshore
hr,h0095,0.16803587891514857,scr2003,avaConv,offshore
hr,h0096,0.5991941695385037,scr2003,avaConv,offshore
ie,h0073,0.0,scr2003,avaConv,offshore
ie,h0074,0.020001843677553345,scr2003,avaConv,offshore
ie,h0075,0.33700630528710307,scr2003,avaConv,offshore
ie,h0076,0.4441588006776944,scr2003,avaConv,offshore
ie,h0077,0.5293917197772463,scr2003,avaConv,offshore
ie,h0078,0.47106836237015925,scr2003,avaConv,offshore
ie,h0079,0.6011397760601769,scr2003,avaConv,offshore
ie,h0080,0.5434067812538239,scr2003,avaConv,offshore
ie,h0081,0.6336285482363361,scr2003,avaConv,offshore
ie,h0082,0.4417040627866197,scr2003,avaConv,offshore
ie,h0083,0.5969565673208928,scr2003,avaConv,offshore
ie,h0084,0.4843665375623539,scr2003,avaConv,offshore
ie,h0085,0.728484710737509,scr2003,avaConv,offshore
ie,h0086,0.7804224465527168,scr2003,avaConv,offshore
ie,h0087,0.8593167299243782,scr2003,avaConv,offshore
ie,h0088,0.677180809482886,scr2003,avaConv,offshore
ie,h0089,0.550632766556252,scr2003,avaConv,offshore
ie,h0090,0.2603515952973945,scr2003,avaConv,offshore
ie,h0091,0.45836644241602686,scr2003,avaConv,offshore
ie,h0092,0.6531222116982822,scr2003,avaConv,offshore
ie,h0093,0.8705967964942091,scr2003,avaConv,offshore
ie,h0094,0.7915066155975972,scr2003,avaConv,offshore
ie,h0095,0.6583469875659766,scr2003,avaConv,offshore
ie,h0096,0.603298942714639,scr2003,avaConv,offshore
it_s,h0073,0.3006242805123941,scr2003,avaConv,offshore
it_s,h0074,0.22815813517344924,scr2003,avaConv,offshore
it_s,h0075,0.17397371120350483,scr2003,avaConv,offshore
it_s,h0076,0.23193932627860045,scr2003,avaConv,offshore
it_s,h0077,0.18782449177074062,scr2003,avaConv,offshore
it_s,h0078,0.14159235521196226,scr2003,avaConv,offshore
it_s,h0079,0.02224657977660311,scr2003,avaConv,offshore
it_s,h0080,0.008368706384964482,scr2003,avaConv,offshore
it_s,h0081,0.32693371060704496,scr2003,avaConv,offshore
it_s,h0082,0.3640758465554433,scr2003,avaConv,offshore
it_s,h0083,0.49309510481123475,scr2003,avaConv,offshore
it_s,h0084,0.2779500947140371,scr2003,avaConv,offshore
it_s,h0085,0.2848731255637086,scr2003,avaConv,offshore
it_s,h0086,0.16211337372497153,scr2003,avaConv,offshore
it_s,h0087,0.026915833921805094,scr2003,avaConv,offshore
it_s,h0088,0.13993684365134532,scr2003,avaConv,offshore
it_s,h0089,0.22158916171391976,scr2003,avaConv,offshore
it_s,h0090,0.233075758377677,scr2003,avaConv,offshore
it_s,h0091,0.1630402644875992,scr2003,avaConv,offshore
it_s,h0092,0.41457443312116066,scr2003,avaConv,offshore
it_s,h0093,0.4087309285524741,scr2003,avaConv,offshore
it_s,h0094,0.3140510141056434,scr2003,avaConv,offshore
it_s,h0095,0.08778673865786936,scr2003,avaConv,offshore
it_s,h0096,0.38713811976770235,scr2003,avaConv,offshore
it_cn,h0073,0.04682060416770023,scr2003,avaConv,offshore
it_cn,h0074,0.02865763153779194,scr2003,avaConv,offshore
it_cn,h0075,0.1119168403738242,scr2003,avaConv,offshore
it_cn,h0076,0.0893287746994919,scr2003,avaConv,offshore
it_cn,h0077,0.08912810195683704,scr2003,avaConv,offshore
it_cn,h0078,0.011362515283469639,scr2003,avaConv,offshore
it_cn,h0079,0.2715725152766559,scr2003,avaConv,offshore
it_cn,h0080,0.29313352754567334,scr2003,avaConv,offshore
it_cn,h0081,0.30722865332487975,scr2003,avaConv,offshore
it_cn,h0082,0.045923821976066884,scr2003,avaConv,offshore
it_cn,h0083,0.16289772473306147,scr2003,avaConv,offshore
it_cn,h0084,0.2617498920347398,scr2003,avaConv,offshore
it_cn,h0085,0.2792499095752579,scr2003,avaConv,offshore
it_cn,h0086,0.136200892173914,scr2003,avaConv,offshore
it_cn,h0087,0.06297631188024888,scr2003,avaConv,offshore
it_cn,h0088,0.09303824747661271,scr2003,avaConv,offshore
it_cn,h0089,0.10835168881317112,scr2003,avaConv,offshore
it_cn,h0090,0.13722671544354098,scr2003,avaConv,offshore
it_cn,h0091,0.4179685329982127,scr2003,avaConv,offshore
it_cn,h0092,0.5712034579881058,scr2003,avaConv,offshore
it_cn,h0093,0.4984074616402455,scr2003,avaConv,offshore
it_cn,h0094,0.19066504654184419,scr2003,avaConv,offshore
it_cn,h0095,0.19254913759674644,scr2003,avaConv,offshore
it_cn,h0096,0.4701690397057375,scr2003,avaConv,offshore
it_cs,h0073,0.03913835402463869,scr2003,avaConv,offshore
it_cs,h0074,0.03522872588772475,scr2003,avaConv,offshore
it_cs,h0075,0.10391046602113675,scr2003,avaConv,offshore
it_cs,h0076,0.08777440675857157,scr2003,avaConv,offshore
it_cs,h0077,0.08209001146886334,scr2003,avaConv,offshore
it_cs,h0078,0.03156321063789427,scr2003,avaConv,offshore
it_cs,h0079,0.27213363464943763,scr2003,avaConv,offshore
it_cs,h0080,0.3536039153713143,scr2003,avaConv,offshore
it_cs,h0081,0.3440151493097713,scr2003,avaConv,offshore
it_cs,h0082,0.11061579258240342,scr2003,avaConv,offshore
it_cs,h0083,0.1937691788124184,scr2003,avaConv,offshore
it_cs,h0084,0.3478293206399149,scr2003,avaConv,offshore
it_cs,h0085,0.3521833864710116,scr2003,avaConv,offshore
it_cs,h0086,0.18973374629701772,scr2003,avaConv,offshore
it_cs,h0087,0.02770364115669679,scr2003,avaConv,offshore
it_cs,h0088,0.04316142074603267,scr2003,avaConv,offshore
it_cs,h0089,0.09943579091832261,scr2003,avaConv,offshore
it_cs,h0090,0.13393264796044507,scr2003,avaConv,offshore
it_cs,h0091,0.40376739131469164,scr2003,avaConv,offshore
it_cs,h0092,0.609761399025768,scr2003,avaConv,offshore
it_cs,h0093,0.5643237589361745,scr2003,avaConv,offshore
it_cs,h0094,0.3287389406860964,scr2003,avaConv,offshore
it_cs,h0095,0.22012341671133034,scr2003,avaConv,offshore
it_cs,h0096,0.4315500213409668,scr2003,avaConv,offshore
it_n,h0073,0.029216520221450215,scr2003,avaConv,offshore
it_n,h0074,0.019120630039445523,scr2003,avaConv,offshore
it_n,h0075,0.04586503351918468,scr2003,avaConv,offshore
it_n,h0076,0.05815089678141703,scr2003,avaConv,offshore
it_n,h0077,0.05815089678141703,scr2003,avaConv,offshore
it_n,h0078,0.03230223143052537,scr2003,avaConv,offshore
it_n,h0079,0.35345935238750287,scr2003,avaConv,offshore
it_n,h0080,0.379069967998107,scr2003,avaConv,offshore
it_n,h0081,0.415745277610445,scr2003,avaConv,offshore
it_n,h0082,0.07992107352638907,scr2003,avaConv,offshore
it_n,h0083,0.06870472061230717,scr2003,avaConv,offshore
it_n,h0084,0.03406109880402311,scr2003,avaConv,offshore
it_n,h0085,0.03719319840349564,scr2003,avaConv,offshore
it_n,h0086,0.016389746275839917,scr2003,avaConv,offshore
it_n,h0087,0.06906864417248183,scr2003,avaConv,offshore
it_n,h0088,0.2874386905725404,scr2003,avaConv,offshore
it_n,h0089,0.2874386905725404,scr2003,avaConv,offshore
it_n,h0090,0.3956224231466644,scr2003,avaConv,offshore
it_n,h0091,0.5183734151012308,scr2003,avaConv,offshore
it_n,h0092,0.5308281154849783,scr2003,avaConv,offshore
it_n,h0093,0.3758386937269985,scr2003,avaConv,offshore
it_n,h0094,0.3592792439195438,scr2003,avaConv,offshore
it_n,h0095,0.6641875846831883,scr2003,avaConv,offshore
it_n,h0096,0.9499999999999998,scr2003,avaConv,offshore
it_sar,h0073,0.03509640950016401,scr2003,avaConv,offshore
it_sar,h0074,0.0,scr2003,avaConv,offshore
it_sar,h0075,0.0538879727667104,scr2003,avaConv,offshore
it_sar,h0076,0.09468351070511621,scr2003,avaConv,offshore
it_sar,h0077,0.0830635919991155,scr2003,avaConv,offshore
it_sar,h0078,0.15674388708021525,scr2003,avaConv,offshore
it_sar,h0079,0.19386138934504135,scr2003,avaConv,offshore
it_sar,h0080,0.25847584386495565,scr2003,avaConv,offshore
it_sar,h0081,0.3898732783436429,scr2003,avaConv,offshore
it_sar,h0082,0.33601118188353085,scr2003,avaConv,offshore
it_sar,h0083,0.5477369187262892,scr2003,avaConv,offshore
it_sar,h0084,0.33312956447449865,scr2003,avaConv,offshore
it_sar,h0085,0.3547460911300336,scr2003,avaConv,offshore
it_sar,h0086,0.12564401211999585,scr2003,avaConv,offshore
it_sar,h0087,0.14628411337815325,scr2003,avaConv,offshore
it_sar,h0088,0.13492964223792575,scr2003,avaConv,offshore
it_sar,h0089,0.06918712766147789,scr2003,avaConv,offshore
it_sar,h0090,0.024691254857895258,scr2003,avaConv,offshore
it_sar,h0091,0.29127737311129026,scr2003,avaConv,offshore
it_sar,h0092,0.5929575003486267,scr2003,avaConv,offshore
it_sar,h0093,0.6342043847394851,scr2003,avaConv,offshore
it_sar,h0094,0.46235842264755705,scr2003,avaConv,offshore
it_sar,h0095,0.3599501347669705,scr2003,avaConv,offshore
it_sar,h0096,0.4743711250457567,scr2003,avaConv,offshore
it_sic,h0073,0.15915806717213038,scr2003,avaConv,offshore
it_sic,h0074,0.10945172285227109,scr2003,avaConv,offshore
it_sic,h0075,0.0697823008071635,scr2003,avaConv,offshore
it_sic,h0076,0.05026345658410788,scr2003,avaConv,offshore
it_sic,h0077,0.003812118981027811,scr2003,avaConv,offshore
it_sic,h0078,0.152009014406495,scr2003,avaConv,offshore
it_sic,h0079,0.391694095345868,scr2003,avaConv,offshore
it_sic,h0080,0.391881286294622,scr2003,avaConv,offshore
it_sic,h0081,0.36515880487188385,scr2003,avaConv,offshore
it_sic,h0082,0.13259213041984444,scr2003,avaConv,offshore
it_sic,h0083,0.3408534986675016,scr2003,avaConv,offshore
it_sic,h0084,0.24266104087804227,scr2003,avaConv,offshore
it_sic,h0085,0.27361304122642566,scr2003,avaConv,offshore
it_sic,h0086,0.07057372938060139,scr2003,avaConv,offshore
it_sic,h0087,0.06285314090184374,scr2003,avaConv,offshore
it_sic,h0088,0.010237926379913876,scr2003,avaConv,offshore
it_sic,h0089,0.03895585077373989,scr2003,avaConv,offshore
it_sic,h0090,0.12887864256269632,scr2003,avaConv,offshore
it_sic,h0091,0.1517080421806791,scr2003,avaConv,offshore
it_sic,h0092,0.4318572978888662,scr2003,avaConv,offshore
it_sic,h0093,0.31195119927187376,scr2003,avaConv,offshore
it_sic,h0094,0.5777239925710984,scr2003,avaConv,offshore
it_sic,h0095,0.5785746676767716,scr2003,avaConv,offshore
it_sic,h0096,0.6157855759630961,scr2003,avaConv,offshore
lt,h0073,0.2805555505601124,scr2003,avaConv,offshore
lt,h0074,0.36698919602819885,scr2003,avaConv,offshore
lt,h0075,0.409262583141015,scr2003,avaConv,offshore
lt,h0076,0.4351598782693878,scr2003,avaConv,offshore
lt,h0077,0.6137220490147381,scr2003,avaConv,offshore
lt,h0078,0.5497419309585565,scr2003,avaConv,offshore
lt,h0079,0.39046798973784697,scr2003,avaConv,offshore
lt,h0080,0.1959095892709083,scr2003,avaConv,offshore
lt,h0081,0.26314395029556603,scr2003,avaConv,offshore
lt,h0082,0.3706418458254256,scr2003,avaConv,offshore
lt,h0083,0.557742939353383,scr2003,avaConv,offshore
lt,h0084,0.4767821374944574,scr2003,avaConv,offshore
lt,h0085,0.3688378265846253,scr2003,avaConv,offshore
lt,h0086,0.37086129117547534,scr2003,avaConv,offshore
lt,h0087,0.6834303686476242,scr2003,avaConv,offshore
lt,h0088,0.7777313697539394,scr2003,avaConv,offshore
lt,h0089,0.5925449610831047,scr2003,avaConv,offshore
lt,h0090,0.3941942869820072,scr2003,avaConv,offshore
lt,h0091,0.25220195386539473,scr2003,avaConv,offshore
lt,h0092,0.15203624952520706,scr2003,avaConv,offshore
lt,h0093,0.35862504898357617,scr2003,avaConv,offshore
lt,h0094,0.6738314435554972,scr2003,avaConv,offshore
lt,h0095,0.8494895773803645,scr2003,avaConv,offshore
lt,h0096,0.8420024880826021,scr2003,avaConv,offshore
lv,h0073,0.24069797893447648,scr2003,avaConv,offshore
lv,h0074,0.3122423136209223,scr2003,avaConv,offshore
lv,h0075,0.41102141412475557,scr2003,avaConv,offshore
lv,h0076,0.5142984519279193,scr2003,avaConv,offshore
lv,h0077,0.6741569090231122,scr2003,avaConv,offshore
lv,h0078,0.5579438189047372,scr2003,avaConv,offshore
lv,h0079,0.3458432418536593,scr2003,avaConv,offshore
lv,h0080,0.16412060402745382,scr2003,avaConv,offshore
lv,h0081,0.22743000487556908,scr2003,avaConv,offshore
lv,h0082,0.26263902430455716,scr2003,avaConv,offshore
lv,h0083,0.4285463644014183,scr2003,avaConv,offshore
lv,h0084,0.331247445714554,scr2003,avaConv,offshore
lv,h0085,0.29608163290228073,scr2003,avaConv,offshore
lv,h0086,0.31466312288685927,scr2003,avaConv,offshore
lv,h0087,0.6350745370232147,scr2003,avaConv,offshore
lv,h0088,0.8557927834736125,scr2003,avaConv,offshore
lv,h0089,0.6342165010047704,scr2003,avaConv,offshore
lv,h0090,0.4439914426373272,scr2003,avaConv,offshore
lv,h0091,0.261020219390531,scr2003,avaConv,offshore
lv,h0092,0.2115017457750278,scr2003,avaConv,offshore
lv,h0093,0.3772085329161235,scr2003,avaConv,offshore
lv,h0094,0.6409684802568866,scr2003,avaConv,offshore
lv,h0095,0.7881264679451951,scr2003,avaConv,offshore
lv,h0096,0.7856066146183706,scr2003,avaConv,offshore
me,h0073,0.3183450341005589,scr2003,avaConv,offshore
me,h0074,0.05219104870901089,scr2003,avaConv,offshore
me,h0075,0.02489880847250891,scr2003,avaConv,offshore
me,h0076,0.014033772058458405,scr2003,avaConv,offshore
me,h0077,0.007097626826139073,scr2003,avaConv,offshore
me,h0078,0.02372399287287794,scr2003,avaConv,offshore
me,h0079,0.06154166258618268,scr2003,avaConv,offshore
me,h0080,0.06146689297130531,scr2003,avaConv,offshore
me,h0081,0.11099240356787055,scr2003,avaConv,offshore
me,h0082,0.0789901585396146,scr2003,avaConv,offshore
me,h0083,0.07984798976472791,scr2003,avaConv,offshore
me,h0084,0.011373209290692418,scr2003,avaConv,offshore
me,h0085,0.03645503418010307,scr2003,avaConv,offshore
me,h0086,0.035699541759977006,scr2003,avaConv,offshore
me,h0087,0.03171042967369883,scr2003,avaConv,offshore
me,h0088,0.021731762152199297,scr2003,avaConv,offshore
me,h0089,0.38286596116292493,scr2003,avaConv,offshore
me,h0090,0.3872379902328413,scr2003,avaConv,offshore
me,h0091,0.6768210318404461,scr2003,avaConv,offshore
me,h0092,0.5708550849097933,scr2003,avaConv,offshore
me,h0093,0.5693035475970942,scr2003,avaConv,offshore
me,h0094,0.2475864740587292,scr2003,avaConv,offshore
me,h0095,0.061339551453590435,scr2003,avaConv,offshore
me,h0096,0.45611491628524414,scr2003,avaConv,offshore
nl,h0073,0.1857167007736789,scr2003,avaConv,offshore
nl,h0074,0.1833880590910698,scr2003,avaConv,offshore
nl,h0075,0.22579516084554513,scr2003,avaConv,offshore
nl,h0076,0.2256988891288393,scr2003,avaConv,offshore
nl,h0077,0.16738956346717904,scr2003,avaConv,offshore
nl,h0078,0.12985785880199718,scr2003,avaConv,offshore
nl,h0079,0.3104908693703205,scr2003,avaConv,offshore
nl,h0080,0.4549114700578423,scr2003,avaConv,offshore
nl,h0081,0.41762114079830875,scr2003,avaConv,offshore
nl,h0082,0.22607772277590438,scr2003,avaConv,offshore
nl,h0083,0.17639826917535256,scr2003,avaConv,offshore
nl,h0084,0.23156067165317418,scr2003,avaConv,offshore
nl,h0085,0.23795842893599728,scr2003,avaConv,offshore
nl,h0086,0.0,scr2003,avaConv,offshore
nl,h0087,0.34549550711419136,scr2003,avaConv,offshore
nl,h0088,0.3635510085855947,scr2003,avaConv,offshore
nl,h0089,0.38706368528117024,scr2003,avaConv,offshore
nl,h0090,0.0012787763206376646,scr2003,avaConv,offshore
nl,h0091,0.319804106381932,scr2003,avaConv,offshore
nl,h0092,0.6293578283227628,scr2003,avaConv,offshore
nl,h0093,0.6962974555085042,scr2003,avaConv,offshore
nl,h0094,0.7519679369143719,scr2003,avaConv,offshore
nl,h0095,0.675775485848247,scr2003,avaConv,offshore
nl,h0096,0.7519233484098617,scr2003,avaConv,offshore
no_m,h0073,0.20740801548210658,scr2003,avaConv,offshore
no_m,h0074,0.4528630472145176,scr2003,avaConv,offshore
no_m,h0075,0.4524420079376495,scr2003,avaConv,offshore
no_m,h0076,0.5761359517298694,scr2003,avaConv,offshore
no_m,h0077,0.30676909841355793,scr2003,avaConv,offshore
no_m,h0078,0.6075552390384417,scr2003,avaConv,offshore
no_m,h0079,0.6562512810786783,scr2003,avaConv,offshore
no_m,h0080,0.6035454875465849,scr2003,avaConv,offshore
no_m,h0081,0.6165788656452659,scr2003,avaConv,offshore
no_m,h0082,0.44846025290011127,scr2003,avaConv,offshore
no_m,h0083,0.45150274126240214,scr2003,avaConv,offshore
no_m,h0084,0.40584926942678307,scr2003,avaConv,offshore
no_m,h0085,0.33957444964005984,scr2003,avaConv,offshore
no_m,h0086,0.3504734670415757,scr2003,avaConv,offshore
no_m,h0087,0.41264110233600293,scr2003,avaConv,offshore
no_m,h0088,0.5504017322101392,scr2003,avaConv,offshore
no_m,h0089,0.5389665501542296,scr2003,avaConv,offshore
no_m,h0090,0.3440215456496029,scr2003,avaConv,offshore
no_m,h0091,0.3068051797207194,scr2003,avaConv,offshore
no_m,h0092,0.40554106170094045,scr2003,avaConv,offshore
no_m,h0093,0.5951390186069311,scr2003,avaConv,offshore
no_m,h0094,0.502019121763963,scr2003,avaConv,offshore
no_m,h0095,0.4444601532131726,scr2003,avaConv,offshore
no_m,h0096,0.2935156468354134,scr2003,avaConv,offshore
no_n,h0073,0.0021059940979887837,scr2003,avaConv,offshore
no_n,h0074,0.0337008611915961,scr2003,avaConv,offshore
no_n,h0075,0.01386354041382909,scr2003,avaConv,offshore
no_n,h0076,0.2059186149297283,scr2003,avaConv,offshore
no_n,h0077,0.2499639544389164,scr2003,avaConv,offshore
no_n,h0078,0.3855112785731628,scr2003,avaConv,offshore
no_n,h0079,0.5364511523099372,scr2003,avaConv,offshore
no_n,h0080,0.4272659368913737,scr2003,avaConv,offshore
no_n,h0081,0.5909102396789107,scr2003,avaConv,offshore
no_n,h0082,0.37159808172050124,scr2003,avaConv,offshore
no_n,h0083,0.49787301127273553,scr2003,avaConv,offshore
no_n,h0084,0.5850072128832243,scr2003,avaConv,offshore
no_n,h0085,0.6327220706643021,scr2003,avaConv,offshore
no_n,h0086,0.7287556208239742,scr2003,avaConv,offshore
no_n,h0087,0.506887594433945,scr2003,avaConv,offshore
no_n,h0088,0.5813328274580379,scr2003,avaConv,offshore
no_n,h0089,0.3672134995623474,scr2003,avaConv,offshore
no_n,h0090,0.2863689400375403,scr2003,avaConv,offshore
no_n,h0091,0.28088099613380535,scr2003,avaConv,offshore
no_n,h0092,0.48793540390896994,scr2003,avaConv,offshore
no_n,h0093,0.5106170518971765,scr2003,avaConv,offshore
no_n,h0094,0.38925102732006567,scr2003,avaConv,offshore
no_n,h0095,0.3665666702473481,scr2003,avaConv,offshore
no_n,h0096,0.4093627399670674,scr2003,avaConv,offshore
no_s,h0073,0.28665457393936683,scr2003,avaConv,offshore
no_s,h0074,0.5393829353528905,scr2003,avaConv,offshore
no_s,h0075,0.5604195829299465,scr2003,avaConv,offshore
no_s,h0076,0.783802728808265,scr2003,avaConv,offshore
no_s,h0077,0.8061008326101231,scr2003,avaConv,offshore
no_s,h0078,0.8537475498738467,scr2003,avaConv,offshore
no_s,h0079,0.6399196150907063,scr2003,avaConv,offshore
no_s,h0080,0.32817259785724934,scr2003,avaConv,offshore
no_s,h0081,0.08185686309351681,scr2003,avaConv,offshore
no_s,h0082,0.04898369839286365,scr2003,avaConv,offshore
no_s,h0083,0.27038759083032166,scr2003,avaConv,offshore
no_s,h0084,0.4066512961484467,scr2003,avaConv,offshore
no_s,h0085,0.4710692065877164,scr2003,avaConv,offshore
no_s,h0086,0.27733567543266396,scr2003,avaConv,offshore
no_s,h0087,0.4153771536274719,scr2003,avaConv,offshore
no_s,h0088,0.6075731358120058,scr2003,avaConv,offshore
no_s,h0089,0.6261713337603187,scr2003,avaConv,offshore
no_s,h0090,0.3086386643217162,scr2003,avaConv,offshore
no_s,h0091,0.3319064609743981,scr2003,avaConv,offshore
no_s,h0092,0.6504260709301897,scr2003,avaConv,offshore
no_s,h0093,0.9024997058134747,scr2003,avaConv,offshore
no_s,h0094,0.6798107791318582,scr2003,avaConv,offshore
no_s,h0095,0.5956231912622805,scr2003,avaConv,offshore
no_s,h0096,0.2864150066453352,scr2003,avaConv,offshore
pl,h0073,0.40973620942143485,scr2003,avaConv,offshore
pl,h0074,0.44849062020457814,scr2003,avaConv,offshore
pl,h0075,0.3734715361427806,scr2003,avaConv,offshore
pl,h0076,0.5164044967280642,scr2003,avaConv,offshore
pl,h0077,0.5584707016677991,scr2003,avaConv,offshore
pl,h0078,0.552381795452971,scr2003,avaConv,offshore
pl,h0079,0.48934500692985244,scr2003,avaConv,offshore
pl,h0080,0.40929445528353015,scr2003,avaConv,offshore
pl,h0081,0.4389932566989018,scr2003,avaConv,offshore
pl,h0082,0.5468782833634914,scr2003,avaConv,offshore
pl,h0083,0.44358276522106993,scr2003,avaConv,offshore
pl,h0084,0.38368545064775533,scr2003,avaConv,offshore
pl,h0085,0.3344951468956323,scr2003,avaConv,offshore
pl,h0086,0.5052234374282651,scr2003,avaConv,offshore
pl,h0087,0.8149065576724949,scr2003,avaConv,offshore
pl,h0088,0.8032898925535279,scr2003,avaConv,offshore
pl,h0089,0.5520427983395292,scr2003,avaConv,offshore
pl,h0090,0.24184687014839462,scr2003,avaConv,offshore
pl,h0091,0.026086628878865523,scr2003,avaConv,offshore
pl,h0092,0.02152333693272951,scr2003,avaConv,offshore
pl,h0093,0.3593056408029994,scr2003,avaConv,offshore
pl,h0094,0.6694757830687095,scr2003,avaConv,offshore
pl,h0095,0.7211402845806563,scr2003,avaConv,offshore
pl,h0096,0.6554594573247816,scr2003,avaConv,offshore
pt,h0073,0.47399857157735087,scr2003,avaConv,offshore
pt,h0074,0.5837068164295705,scr2003,avaConv,offshore
pt,h0075,0.5656439638583854,scr2003,avaConv,offshore
pt,h0076,0.3757789857685657,scr2003,avaConv,offshore
pt,h0077,0.2611029745551575,scr2003,avaConv,offshore
pt,h0078,0.15417561003949748,scr2003,avaConv,offshore
pt,h0079,0.015615824457163946,scr2003,avaConv,offshore
pt,h0080,0.3074965126528404,scr2003,avaConv,offshore
pt,h0081,0.5378885016263798,scr2003,avaConv,offshore
pt,h0082,0.6074076169902048,scr2003,avaConv,offshore
pt,h0083,0.6435280813088238,scr2003,avaConv,offshore
pt,h0084,0.4881527753102818,scr2003,avaConv,offshore
pt,h0085,0.4157502715271235,scr2003,avaConv,offshore
pt,h0086,0.3815104085218098,scr2003,avaConv,offshore
pt,h0087,0.4492327581027024,scr2003,avaConv,offshore
pt,h0088,0.4944188842652625,scr2003,avaConv,offshore
pt,h0089,0.2223930845583999,scr2003,avaConv,offshore
pt,h0090,0.11167463760546595,scr2003,avaConv,offshore
pt,h0091,0.38696215419309504,scr2003,avaConv,offshore
pt,h0092,0.6817152723629972,scr2003,avaConv,offshore
pt,h0093,0.6594704769944159,scr2003,avaConv,offshore
pt,h0094,0.373235240774594,scr2003,avaConv,offshore
pt,h0095,0.05370261309277195,scr2003,avaConv,offshore
pt,h0096,0.3137658689993511,scr2003,avaConv,offshore
ro,h0073,0.16341402534631333,scr2003,avaConv,offshore
ro,h0074,0.12038661592876125,scr2003,avaConv,offshore
ro,h0075,0.0873129099961684,scr2003,avaConv,offshore
ro,h0076,0.07814787095768537,scr2003,avaConv,offshore
ro,h0077,0.05144385727895933,scr2003,avaConv,offshore
ro,h0078,0.05150305652915176,scr2003,avaConv,offshore
ro,h0079,0.03173023892131761,scr2003,avaConv,offshore
ro,h0080,0.14708331071707523,scr2003,avaConv,offshore
ro,h0081,0.37120409908058394,scr2003,avaConv,offshore
ro,h0082,0.3710915594547782,scr2003,avaConv,offshore
ro,h0083,0.3517742257608862,scr2003,avaConv,offshore
ro,h0084,0.40519804614093097,scr2003,avaConv,offshore
ro,h0085,0.4663822412342831,scr2003,avaConv,offshore
ro,h0086,0.36540467448201497,scr2003,avaConv,offshore
ro,h0087,0.10016272774665609,scr2003,avaConv,offshore
ro,h0088,0.29244797524748667,scr2003,avaConv,offshore
ro,h0089,0.2739473866851239,scr2003,avaConv,offshore
ro,h0090,0.2521235869144245,scr2003,avaConv,offshore
ro,h0091,0.07512477841905489,scr2003,avaConv,offshore
ro,h0092,0.270416019111685,scr2003,avaConv,offshore
ro,h0093,0.30729647835468166,scr2003,avaConv,offshore
ro,h0094,0.23024239341550637,scr2003,avaConv,offshore
ro,h0095,0.33261321351810036,scr2003,avaConv,offshore
ro,h0096,0.3946552035128468,scr2003,avaConv,offshore
se_1,h0073,0.05335654261988179,scr2003,avaConv,offshore
se_1,h0074,0.12013605875953784,scr2003,avaConv,offshore
se_1,h0075,0.26050351203741084,scr2003,avaConv,offshore
se_1,h0076,0.3238506088580415,scr2003,avaConv,offshore
se_1,h0077,0.26832010166394116,scr2003,avaConv,offshore
se_1,h0078,0.12312418403567019,scr2003,avaConv,offshore
se_1,h0079,0.22267486963646635,scr2003,avaConv,offshore
se_1,h0080,0.2537357879893559,scr2003,avaConv,offshore
se_1,h0081,0.4305462921529861,scr2003,avaConv,offshore
se_1,h0082,0.6207395762107233,scr2003,avaConv,offshore
se_1,h0083,0.5822272034772382,scr2003,avaConv,offshore
se_1,h0084,0.5213596568888994,scr2003,avaConv,offshore
se_1,h0085,0.21271111733795242,scr2003,avaConv,offshore
se_1,h0086,0.47137834845248616,scr2003,avaConv,offshore
se_1,h0087,0.5258213997166222,scr2003,avaConv,offshore
se_1,h0088,0.4927938024537005,scr2003,avaConv,offshore
se_1,h0089,0.332480381444871,scr2003,avaConv,offshore
se_1,h0090,0.08995371651696704,scr2003,avaConv,offshore
se_1,h0091,0.47242008572936445,scr2003,avaConv,offshore
se_1,h0092,0.682591871308319,scr2003,avaConv,offshore
se_1,h0093,0.7026459404363028,scr2003,avaConv,offshore
se_1,h0094,0.5778732704459681,scr2003,avaConv,offshore
se_1,h0095,0.5923290249676928,scr2003,avaConv,offshore
se_1,h0096,0.6560847285062069,scr2003,avaConv,offshore
se_2,h0073,0.2930829618355707,scr2003,avaConv,offshore
se_2,h0074,0.5123885565706443,scr2003,avaConv,offshore
se_2,h0075,0.4991965601739805,scr2003,avaConv,offshore
se_2,h0076,0.5638089409543632,scr2003,avaConv,offshore
se_2,h0077,0.3106088946812635,scr2003,avaConv,offshore
se_2,h0078,0.16211744527921212,scr2003,avaConv,offshore
se_2,h0079,0.05795856392180129,scr2003,avaConv,offshore
se_2,h0080,0.07736131334017887,scr2003,avaConv,offshore
se_2,h0081,0.30014392692731134,scr2003,avaConv,offshore
se_2,h0082,0.6164186205716927,scr2003,avaConv,offshore
se_2,h0083,0.546232988172987,scr2003,avaConv,offshore
se_2,h0084,0.5080158500613071,scr2003,avaConv,offshore
se_2,h0085,0.3167703226661775,scr2003,avaConv,offshore
se_2,h0086,0.5896284526834558,scr2003,avaConv,offshore
se_2,h0087,0.7669981747818778,scr2003,avaConv,offshore
se_2,h0088,0.7844415417635687,scr2003,avaConv,offshore
se_2,h0089,0.5330322211501773,scr2003,avaConv,offshore
se_2,h0090,0.1680359526600399,scr2003,avaConv,offshore
se_2,h0091,0.24580040785913482,scr2003,avaConv,offshore
se_2,h0092,0.4320546992015587,scr2003,avaConv,offshore
se_2,h0093,0.5457496673035686,scr2003,avaConv,offshore
se_2,h0094,0.5993435803645311,scr2003,avaConv,offshore
se_2,h0095,0.6915954298391648,scr2003,avaConv,offshore
se_2,h0096,0.6785929534728661,scr2003,avaConv,offshore
se_3,h0073,0.22958269041217694,scr2003,avaConv,offshore
se_3,h0074,0.30487175387425497,scr2003,avaConv,offshore
se_3,h0075,0.31243484333376176,scr2003,avaConv,offshore
se_3,h0076,0.4933895931883816,scr2003,avaConv,offshore
se_3,h0077,0.5795505611629361,scr2003,avaConv,offshore
se_3,h0078,0.5538569158028567,scr2003,avaConv,offshore
se_3,h0079,0.35249783645560095,scr2003,avaConv,offshore
se_3,h0080,0.22675735453434503,scr2003,avaConv,offshore
se_3,h0081,0.2496939604395566,scr2003,avaConv,offshore
se_3,h0082,0.42859299096716547,scr2003,avaConv,offshore
se_3,h0083,0.5175471739452369,scr2003,avaConv,offshore
se_3,h0084,0.48791055551676843,scr2003,avaConv,offshore
se_3,h0085,0.3684891370102625,scr2003,avaConv,offshore
se_3,h0086,0.3510873185596975,scr2003,avaConv,offshore
se_3,h0087,0.6691721077437957,scr2003,avaConv,offshore
se_3,h0088,0.7584832903309463,scr2003,avaConv,offshore
se_3,h0089,0.5372960218393622,scr2003,avaConv,offshore
se_3,h0090,0.24386766300797474,scr2003,avaConv,offshore
se_3,h0091,0.07722440953432953,scr2003,avaConv,offshore
se_3,h0092,0.08675869191750733,scr2003,avaConv,offshore
se_3,h0093,0.24809164289007102,scr2003,avaConv,offshore
se_3,h0094,0.49548814748540615,scr2003,avaConv,offshore
se_3,h0095,0.5605085791022972,scr2003,avaConv,offshore
se_3,h0096,0.6589801007136903,scr2003,avaConv,offshore
se_4,h0073,0.32358399854710934,scr2003,avaConv,offshore
se_4,h0074,0.4107068989356756,scr2003,avaConv,offshore
se_4,h0075,0.33474962713078915,scr2003,avaConv,offshore
se_4,h0076,0.5288009329651804,scr2003,avaConv,offshore
se_4,h0077,0.5727022160223925,scr2003,avaConv,offshore
se_4,h0078,0.5599754072054024,scr2003,avaConv,offshore
se_4,h0079,0.48514831153030874,scr2003,avaConv,offshore
se_4,h0080,0.35784360259012243,scr2003,avaConv,offshore
se_4,h0081,0.3973721150783154,scr2003,avaConv,offshore
se_4,h0082,0.518527916415102,scr2003,avaConv,offshore
se_4,h0083,0.3699070666892254,scr2003,avaConv,offshore
se_4,h0084,0.30944827975328104,scr2003,avaConv,offshore
se_4,h0085,0.1907969784798117,scr2003,avaConv,offshore
se_4,h0086,0.35628116195769016,scr2003,avaConv,offshore
se_4,h0087,0.6952741936265014,scr2003,avaConv,offshore
se_4,h0088,0.7717581258309958,scr2003,avaConv,offshore
se_4,h0089,0.5873748344756369,scr2003,avaConv,offshore
se_4,h0090,0.24619390183572365,scr2003,avaConv,offshore
se_4,h0091,0.03274232045438068,scr2003,avaConv,offshore
se_4,h0092,0.0734205731854593,scr2003,avaConv,offshore
se_4,h0093,0.436414697734634,scr2003,avaConv,offshore
se_4,h0094,0.6451016485666863,scr2003,avaConv,offshore
se_4,h0095,0.6302828479190774,scr2003,avaConv,offshore
se_4,h0096,0.5184269699870845,scr2003,avaConv,offshore
si,h0073,0.10622013268112018,scr2003,avaConv,offshore
si,h0074,0.10671291665962557,scr2003,avaConv,offshore
si,h0075,0.00024280939442104563,scr2003,avaConv,offshore
si,h0076,0.13218997519550846,scr2003,avaConv,offshore
si,h0077,0.1316865951414094,scr2003,avaConv,offshore
si,h0078,0.20135930225630752,scr2003,avaConv,offshore
si,h0079,0.3561681282865994,scr2003,avaConv,offshore
si,h0080,0.3603673460859496,scr2003,avaConv,offshore
si,h0081,0.2918119925987176,scr2003,avaConv,offshore
si,h0082,0.006152636326320737,scr2003,avaConv,offshore
si,h0083,0.006970039621297972,scr2003,avaConv,offshore
si,h0084,0.0813816472425967,scr2003,avaConv,offshore
si,h0085,0.09901914710984741,scr2003,avaConv,offshore
si,h0086,0.09426431080569894,scr2003,avaConv,offshore
si,h0087,0.04521567836224541,scr2003,avaConv,offshore
si,h0088,0.1480048756703159,scr2003,avaConv,offshore
si,h0089,0.15567780197104944,scr2003,avaConv,offshore
si,h0090,0.11805433141034369,scr2003,avaConv,offshore
si,h0091,0.28964993256056365,scr2003,avaConv,offshore
si,h0092,0.28909513297940476,scr2003,avaConv,offshore
si,h0093,0.28909513297940476,scr2003,avaConv,offshore
si,h0094,0.28955922333847495,scr2003,avaConv,offshore
si,h0095,0.5610680530869795,scr2003,avaConv,offshore
si,h0096,0.583150181918052,scr2003,avaConv,offshore
uk,h0073,0.25776002580447077,scr2003,avaConv,offshore
uk,h0074,0.2098273440841773,scr2003,avaConv,offshore
uk,h0075,0.2768724924370411,scr2003,avaConv,offshore
uk,h0076,0.19255693974693244,scr2003,avaConv,offshore
uk,h0077,0.0489621100478215,scr2003,avaConv,offshore
uk,h0078,0.09343918767681253,scr2003,avaConv,offshore
uk,h0079,0.36603740784663585,scr2003,avaConv,offshore
uk,h0080,0.464511583010247,scr2003,avaConv,offshore
uk,h0081,0.3592576910269877,scr2003,avaConv,offshore
uk,h0082,0.16413142657529045,scr2003,avaConv,offshore
uk,h0083,0.18648432136354132,scr2003,avaConv,offshore
uk,h0084,0.36053918085822667,scr2003,avaConv,offshore
uk,h0085,0.38533094976877835,scr2003,avaConv,offshore
uk,h0086,0.22638734076574513,scr2003,avaConv,offshore
uk,h0087,0.400194444131026,scr2003,avaConv,offshore
uk,h0088,0.3963771580085721,scr2003,avaConv,offshore
uk,h0089,0.44050862922733747,scr2003,avaConv,offshore
uk,h0090,0.16908374091658546,scr2003,avaConv,offshore
uk,h0091,0.29526233193803686,scr2003,avaConv,offshore
uk,h0092,0.6161379321391593,scr2003,avaConv,offshore
uk,h0093,0.5432625943653469,scr2003,avaConv,offshore
uk,h0094,0.6226806289427179,scr2003,avaConv,offshore
uk,h0095,0.5712074357202113,scr2003,avaConv,offshore
uk,h0096,0.716232913021872,scr2003,avaConv,offshore
ni,h0073,0.04182524004139071,scr2003,avaConv,offshore
ni,h0074,0.1401898433744697,scr2003,avaConv,offshore
ni,h0075,0.36104241735340165,scr2003,avaConv,offshore
ni,h0076,0.48017087593018587,scr2003,avaConv,offshore
ni,h0077,0.26568895506532103,scr2003,avaConv,offshore
ni,h0078,0.07825896775505076,scr2003,avaConv,offshore
ni,h0079,0.16076411008474184,scr2003,avaConv,offshore
ni,h0080,0.16508979508699306,scr2003,avaConv,offshore
ni,h0081,0.17444257338835933,scr2003,avaConv,offshore
ni,h0082,0.0,scr2003,avaConv,offshore
ni,h0083,0.025733829073076475,scr2003,avaConv,offshore
ni,h0084,0.3530395384417267,scr2003,avaConv,offshore
ni,h0085,0.5659628033647353,scr2003,avaConv,offshore
ni,h0086,0.5596502084639539,scr2003,avaConv,offshore
ni,h0087,0.5185778022186744,scr2003,avaConv,offshore
ni,h0088,0.4546720195517961,scr2003,avaConv,offshore
ni,h0089,0.6008979067714857,scr2003,avaConv,offshore
ni,h0090,0.34332965704815993,scr2003,avaConv,offshore
ni,h0091,0.48047939990056926,scr2003,avaConv,offshore
ni,h0092,0.6537627425552377,scr2003,avaConv,offshore
ni,h0093,0.6909825016058782,scr2003,avaConv,offshore
ni,h0094,0.6291513355826339,scr2003,avaConv,offshore
ni,h0095,0.43056766601016455,scr2003,avaConv,offshore
ni,h0096,0.4011043281019884,scr2003,avaConv,offshore
