region_2,timestep_6,value,scenario_1,parameter,carrier_1
AT,h0145,0.004991174441476273,scr1983,mustOut,frtRail
AT,h0146,0.0011245823433640595,scr1983,mustOut,frtRail
AT,h0147,0.0,scr1983,mustOut,frtRail
AT,h0148,0.0,scr1983,mustOut,frtRail
AT,h0149,0.000827799687694033,scr1983,mustOut,frtRail
AT,h0150,0.002902760757288197,scr1983,mustOut,frtRail
AT,h0151,0.0589595954704857,scr1983,mustOut,frtRail
AT,h0152,0.2677025482240002,scr1983,mustOut,frtRail
AT,h0153,0.3899644391517381,scr1983,mustOut,frtRail
AT,h0154,0.2855953271303959,scr1983,mustOut,frtRail
AT,h0155,0.09233244953886625,scr1983,mustOut,frtRail
AT,h0156,0.05034449510938098,scr1983,mustOut,frtRail
AT,h0157,0.1010467592438666,scr1983,mustOut,frtRail
AT,h0158,0.16873942001457337,scr1983,mustOut,frtRail
AT,h0159,0.23230650210312612,scr1983,mustOut,frtRail
AT,h0160,0.26201420782276963,scr1983,mustOut,frtRail
AT,h0161,0.3366331317675831,scr1983,mustOut,frtRail
AT,h0162,0.4377603072075309,scr1983,mustOut,frtRail
AT,h0163,0.43971642000000005,scr1983,mustOut,frtRail
AT,h0164,0.3081425209552587,scr1983,mustOut,frtRail
AT,h0165,0.15194976078086128,scr1983,mustOut,frtRail
AT,h0166,0.05457303760567399,scr1983,mustOut,frtRail
AT,h0167,0.022019422693934546,scr1983,mustOut,frtRail
AT,h0168,0.012956644132693694,scr1983,mustOut,frtRail
AT,h0169,0.004991174441476273,scr1983,mustOut,frtRail
AT,h0170,0.0011245823433640595,scr1983,mustOut,frtRail
AT,h0171,0.0,scr1983,mustOut,frtRail
AT,h0172,0.0,scr1983,mustOut,frtRail
AT,h0173,0.00010400137801255496,scr1983,mustOut,frtRail
AT,h0174,0.0009235550108104216,scr1983,mustOut,frtRail
AT,h0175,0.04947256332769487,scr1983,mustOut,frtRail
AT,h0176,0.26145163819214595,scr1983,mustOut,frtRail
AT,h0177,0.3899644391517381,scr1983,mustOut,frtRail
AT,h0178,0.2855953271303959,scr1983,mustOut,frtRail
AT,h0179,0.09233244953886625,scr1983,mustOut,frtRail
AT,h0180,0.05034449510938098,scr1983,mustOut,frtRail
AT,h0181,0.05518162775144533,scr1983,mustOut,frtRail
AT,h0182,0.0703142591896094,scr1983,mustOut,frtRail
AT,h0183,0.07923092104336386,scr1983,mustOut,frtRail
AT,h0184,0.09451634444206691,scr1983,mustOut,frtRail
AT,h0185,0.1647318639639053,scr1983,mustOut,frtRail
AT,h0186,0.3281970244032028,scr1983,mustOut,frtRail
AT,h0187,0.42652266473786443,scr1983,mustOut,frtRail
AT,h0188,0.33804864762509906,scr1983,mustOut,frtRail
AT,h0189,0.15194976078086128,scr1983,mustOut,frtRail
AT,h0190,0.05457303760567399,scr1983,mustOut,frtRail
AT,h0191,0.022019422693934546,scr1983,mustOut,frtRail
AT,h0192,0.012956644132693694,scr1983,mustOut,frtRail
BE,h0145,0.004991174441476271,scr1983,mustOut,frtRail
BE,h0146,0.001124582343364059,scr1983,mustOut,frtRail
BE,h0147,0.0,scr1983,mustOut,frtRail
BE,h0148,0.0,scr1983,mustOut,frtRail
BE,h0149,0.0008277996876940328,scr1983,mustOut,frtRail
BE,h0150,0.002902760757288197,scr1983,mustOut,frtRail
BE,h0151,0.0589595954704857,scr1983,mustOut,frtRail
BE,h0152,0.26770254822400014,scr1983,mustOut,frtRail
BE,h0153,0.38996443915173806,scr1983,mustOut,frtRail
BE,h0154,0.2855953271303958,scr1983,mustOut,frtRail
BE,h0155,0.09233244953886621,scr1983,mustOut,frtRail
BE,h0156,0.05034449510938097,scr1983,mustOut,frtRail
BE,h0157,0.10104675924386658,scr1983,mustOut,frtRail
BE,h0158,0.1687394200145734,scr1983,mustOut,frtRail
BE,h0159,0.23230650210312623,scr1983,mustOut,frtRail
BE,h0160,0.2620142078227696,scr1983,mustOut,frtRail
BE,h0161,0.336633131767583,scr1983,mustOut,frtRail
BE,h0162,0.43776030720753084,scr1983,mustOut,frtRail
BE,h0163,0.43971642,scr1983,mustOut,frtRail
BE,h0164,0.3081425209552586,scr1983,mustOut,frtRail
BE,h0165,0.15194976078086125,scr1983,mustOut,frtRail
BE,h0166,0.05457303760567398,scr1983,mustOut,frtRail
BE,h0167,0.022019422693934546,scr1983,mustOut,frtRail
BE,h0168,0.01295664413269369,scr1983,mustOut,frtRail
BE,h0169,0.004991174441476271,scr1983,mustOut,frtRail
BE,h0170,0.001124582343364059,scr1983,mustOut,frtRail
BE,h0171,0.0,scr1983,mustOut,frtRail
BE,h0172,0.0,scr1983,mustOut,frtRail
BE,h0173,0.00010400137801255494,scr1983,mustOut,frtRail
BE,h0174,0.0009235550108104215,scr1983,mustOut,frtRail
BE,h0175,0.04947256332769487,scr1983,mustOut,frtRail
BE,h0176,0.2614516381921459,scr1983,mustOut,frtRail
BE,h0177,0.38996443915173806,scr1983,mustOut,frtRail
BE,h0178,0.2855953271303958,scr1983,mustOut,frtRail
BE,h0179,0.09233244953886621,scr1983,mustOut,frtRail
BE,h0180,0.05034449510938097,scr1983,mustOut,frtRail
BE,h0181,0.05518162775144532,scr1983,mustOut,frtRail
BE,h0182,0.0703142591896094,scr1983,mustOut,frtRail
BE,h0183,0.07923092104336388,scr1983,mustOut,frtRail
BE,h0184,0.0945163444420669,scr1983,mustOut,frtRail
BE,h0185,0.16473186396390527,scr1983,mustOut,frtRail
BE,h0186,0.3281970244032028,scr1983,mustOut,frtRail
BE,h0187,0.4265226647378644,scr1983,mustOut,frtRail
BE,h0188,0.338048647625099,scr1983,mustOut,frtRail
BE,h0189,0.15194976078086125,scr1983,mustOut,frtRail
BE,h0190,0.05457303760567398,scr1983,mustOut,frtRail
BE,h0191,0.022019422693934546,scr1983,mustOut,frtRail
BE,h0192,0.01295664413269369,scr1983,mustOut,frtRail
BG,h0145,0.004991174441476271,scr1983,mustOut,frtRail
BG,h0146,0.001124582343364059,scr1983,mustOut,frtRail
BG,h0147,0.0,scr1983,mustOut,frtRail
BG,h0148,0.0,scr1983,mustOut,frtRail
BG,h0149,0.0008277996876940328,scr1983,mustOut,frtRail
BG,h0150,0.002902760757288197,scr1983,mustOut,frtRail
BG,h0151,0.0589595954704857,scr1983,mustOut,frtRail
BG,h0152,0.26770254822400014,scr1983,mustOut,frtRail
BG,h0153,0.38996443915173806,scr1983,mustOut,frtRail
BG,h0154,0.2855953271303958,scr1983,mustOut,frtRail
BG,h0155,0.09233244953886621,scr1983,mustOut,frtRail
BG,h0156,0.05034449510938097,scr1983,mustOut,frtRail
BG,h0157,0.10104675924386658,scr1983,mustOut,frtRail
BG,h0158,0.1687394200145734,scr1983,mustOut,frtRail
BG,h0159,0.23230650210312623,scr1983,mustOut,frtRail
BG,h0160,0.2620142078227696,scr1983,mustOut,frtRail
BG,h0161,0.336633131767583,scr1983,mustOut,frtRail
BG,h0162,0.43776030720753084,scr1983,mustOut,frtRail
BG,h0163,0.43971642,scr1983,mustOut,frtRail
BG,h0164,0.3081425209552586,scr1983,mustOut,frtRail
BG,h0165,0.15194976078086125,scr1983,mustOut,frtRail
BG,h0166,0.05457303760567398,scr1983,mustOut,frtRail
BG,h0167,0.022019422693934546,scr1983,mustOut,frtRail
BG,h0168,0.01295664413269369,scr1983,mustOut,frtRail
BG,h0169,0.004991174441476271,scr1983,mustOut,frtRail
BG,h0170,0.001124582343364059,scr1983,mustOut,frtRail
BG,h0171,0.0,scr1983,mustOut,frtRail
BG,h0172,0.0,scr1983,mustOut,frtRail
BG,h0173,0.00010400137801255494,scr1983,mustOut,frtRail
BG,h0174,0.0009235550108104215,scr1983,mustOut,frtRail
BG,h0175,0.04947256332769487,scr1983,mustOut,frtRail
BG,h0176,0.2614516381921459,scr1983,mustOut,frtRail
BG,h0177,0.38996443915173806,scr1983,mustOut,frtRail
BG,h0178,0.2855953271303958,scr1983,mustOut,frtRail
BG,h0179,0.09233244953886621,scr1983,mustOut,frtRail
BG,h0180,0.05034449510938097,scr1983,mustOut,frtRail
BG,h0181,0.05518162775144532,scr1983,mustOut,frtRail
BG,h0182,0.0703142591896094,scr1983,mustOut,frtRail
BG,h0183,0.07923092104336388,scr1983,mustOut,frtRail
BG,h0184,0.0945163444420669,scr1983,mustOut,frtRail
BG,h0185,0.16473186396390527,scr1983,mustOut,frtRail
BG,h0186,0.3281970244032028,scr1983,mustOut,frtRail
BG,h0187,0.4265226647378644,scr1983,mustOut,frtRail
BG,h0188,0.338048647625099,scr1983,mustOut,frtRail
BG,h0189,0.15194976078086125,scr1983,mustOut,frtRail
BG,h0190,0.05457303760567398,scr1983,mustOut,frtRail
BG,h0191,0.022019422693934546,scr1983,mustOut,frtRail
BG,h0192,0.01295664413269369,scr1983,mustOut,frtRail
CH,h0145,0.004991174441476271,scr1983,mustOut,frtRail
CH,h0146,0.001124582343364059,scr1983,mustOut,frtRail
CH,h0147,0.0,scr1983,mustOut,frtRail
CH,h0148,0.0,scr1983,mustOut,frtRail
CH,h0149,0.0008277996876940328,scr1983,mustOut,frtRail
CH,h0150,0.002902760757288197,scr1983,mustOut,frtRail
CH,h0151,0.0589595954704857,scr1983,mustOut,frtRail
CH,h0152,0.26770254822400014,scr1983,mustOut,frtRail
CH,h0153,0.38996443915173806,scr1983,mustOut,frtRail
CH,h0154,0.2855953271303958,scr1983,mustOut,frtRail
CH,h0155,0.09233244953886621,scr1983,mustOut,frtRail
CH,h0156,0.05034449510938097,scr1983,mustOut,frtRail
CH,h0157,0.10104675924386658,scr1983,mustOut,frtRail
CH,h0158,0.1687394200145734,scr1983,mustOut,frtRail
CH,h0159,0.23230650210312623,scr1983,mustOut,frtRail
CH,h0160,0.2620142078227696,scr1983,mustOut,frtRail
CH,h0161,0.336633131767583,scr1983,mustOut,frtRail
CH,h0162,0.43776030720753084,scr1983,mustOut,frtRail
CH,h0163,0.43971642,scr1983,mustOut,frtRail
CH,h0164,0.3081425209552586,scr1983,mustOut,frtRail
CH,h0165,0.15194976078086125,scr1983,mustOut,frtRail
CH,h0166,0.05457303760567398,scr1983,mustOut,frtRail
CH,h0167,0.022019422693934546,scr1983,mustOut,frtRail
CH,h0168,0.01295664413269369,scr1983,mustOut,frtRail
CH,h0169,0.004991174441476271,scr1983,mustOut,frtRail
CH,h0170,0.001124582343364059,scr1983,mustOut,frtRail
CH,h0171,0.0,scr1983,mustOut,frtRail
CH,h0172,0.0,scr1983,mustOut,frtRail
CH,h0173,0.00010400137801255494,scr1983,mustOut,frtRail
CH,h0174,0.0009235550108104215,scr1983,mustOut,frtRail
CH,h0175,0.04947256332769487,scr1983,mustOut,frtRail
CH,h0176,0.2614516381921459,scr1983,mustOut,frtRail
CH,h0177,0.38996443915173806,scr1983,mustOut,frtRail
CH,h0178,0.2855953271303958,scr1983,mustOut,frtRail
CH,h0179,0.09233244953886621,scr1983,mustOut,frtRail
CH,h0180,0.05034449510938097,scr1983,mustOut,frtRail
CH,h0181,0.05518162775144532,scr1983,mustOut,frtRail
CH,h0182,0.0703142591896094,scr1983,mustOut,frtRail
CH,h0183,0.07923092104336388,scr1983,mustOut,frtRail
CH,h0184,0.0945163444420669,scr1983,mustOut,frtRail
CH,h0185,0.16473186396390527,scr1983,mustOut,frtRail
CH,h0186,0.3281970244032028,scr1983,mustOut,frtRail
CH,h0187,0.4265226647378644,scr1983,mustOut,frtRail
CH,h0188,0.338048647625099,scr1983,mustOut,frtRail
CH,h0189,0.15194976078086125,scr1983,mustOut,frtRail
CH,h0190,0.05457303760567398,scr1983,mustOut,frtRail
CH,h0191,0.022019422693934546,scr1983,mustOut,frtRail
CH,h0192,0.01295664413269369,scr1983,mustOut,frtRail
CZ,h0145,0.004991174441476271,scr1983,mustOut,frtRail
CZ,h0146,0.001124582343364059,scr1983,mustOut,frtRail
CZ,h0147,0.0,scr1983,mustOut,frtRail
CZ,h0148,0.0,scr1983,mustOut,frtRail
CZ,h0149,0.0008277996876940328,scr1983,mustOut,frtRail
CZ,h0150,0.002902760757288197,scr1983,mustOut,frtRail
CZ,h0151,0.0589595954704857,scr1983,mustOut,frtRail
CZ,h0152,0.26770254822400014,scr1983,mustOut,frtRail
CZ,h0153,0.38996443915173806,scr1983,mustOut,frtRail
CZ,h0154,0.2855953271303958,scr1983,mustOut,frtRail
CZ,h0155,0.09233244953886621,scr1983,mustOut,frtRail
CZ,h0156,0.05034449510938097,scr1983,mustOut,frtRail
CZ,h0157,0.10104675924386658,scr1983,mustOut,frtRail
CZ,h0158,0.1687394200145734,scr1983,mustOut,frtRail
CZ,h0159,0.23230650210312623,scr1983,mustOut,frtRail
CZ,h0160,0.2620142078227696,scr1983,mustOut,frtRail
CZ,h0161,0.336633131767583,scr1983,mustOut,frtRail
CZ,h0162,0.43776030720753084,scr1983,mustOut,frtRail
CZ,h0163,0.43971642,scr1983,mustOut,frtRail
CZ,h0164,0.3081425209552586,scr1983,mustOut,frtRail
CZ,h0165,0.15194976078086125,scr1983,mustOut,frtRail
CZ,h0166,0.05457303760567398,scr1983,mustOut,frtRail
CZ,h0167,0.022019422693934546,scr1983,mustOut,frtRail
CZ,h0168,0.01295664413269369,scr1983,mustOut,frtRail
CZ,h0169,0.004991174441476271,scr1983,mustOut,frtRail
CZ,h0170,0.001124582343364059,scr1983,mustOut,frtRail
CZ,h0171,0.0,scr1983,mustOut,frtRail
CZ,h0172,0.0,scr1983,mustOut,frtRail
CZ,h0173,0.00010400137801255494,scr1983,mustOut,frtRail
CZ,h0174,0.0009235550108104215,scr1983,mustOut,frtRail
CZ,h0175,0.04947256332769487,scr1983,mustOut,frtRail
CZ,h0176,0.2614516381921459,scr1983,mustOut,frtRail
CZ,h0177,0.38996443915173806,scr1983,mustOut,frtRail
CZ,h0178,0.2855953271303958,scr1983,mustOut,frtRail
CZ,h0179,0.09233244953886621,scr1983,mustOut,frtRail
CZ,h0180,0.05034449510938097,scr1983,mustOut,frtRail
CZ,h0181,0.05518162775144532,scr1983,mustOut,frtRail
CZ,h0182,0.0703142591896094,scr1983,mustOut,frtRail
CZ,h0183,0.07923092104336388,scr1983,mustOut,frtRail
CZ,h0184,0.0945163444420669,scr1983,mustOut,frtRail
CZ,h0185,0.16473186396390527,scr1983,mustOut,frtRail
CZ,h0186,0.3281970244032028,scr1983,mustOut,frtRail
CZ,h0187,0.4265226647378644,scr1983,mustOut,frtRail
CZ,h0188,0.338048647625099,scr1983,mustOut,frtRail
CZ,h0189,0.15194976078086125,scr1983,mustOut,frtRail
CZ,h0190,0.05457303760567398,scr1983,mustOut,frtRail
CZ,h0191,0.022019422693934546,scr1983,mustOut,frtRail
CZ,h0192,0.01295664413269369,scr1983,mustOut,frtRail
DE,h0145,0.00499117444147627,scr1983,mustOut,frtRail
DE,h0146,0.0011245823433640584,scr1983,mustOut,frtRail
DE,h0147,0.0,scr1983,mustOut,frtRail
DE,h0148,0.0,scr1983,mustOut,frtRail
DE,h0149,0.000827799687694033,scr1983,mustOut,frtRail
DE,h0150,0.002902760757288196,scr1983,mustOut,frtRail
DE,h0151,0.05895959547048569,scr1983,mustOut,frtRail
DE,h0152,0.267702548224,scr1983,mustOut,frtRail
DE,h0153,0.38996443915173795,scr1983,mustOut,frtRail
DE,h0154,0.28559532713039576,scr1983,mustOut,frtRail
DE,h0155,0.09233244953886621,scr1983,mustOut,frtRail
DE,h0156,0.05034449510938096,scr1983,mustOut,frtRail
DE,h0157,0.10104675924386655,scr1983,mustOut,frtRail
DE,h0158,0.16873942001457345,scr1983,mustOut,frtRail
DE,h0159,0.23230650210312617,scr1983,mustOut,frtRail
DE,h0160,0.2620142078227696,scr1983,mustOut,frtRail
DE,h0161,0.3366331317675829,scr1983,mustOut,frtRail
DE,h0162,0.43776030720753073,scr1983,mustOut,frtRail
DE,h0163,0.43971641999999994,scr1983,mustOut,frtRail
DE,h0164,0.30814252095525857,scr1983,mustOut,frtRail
DE,h0165,0.15194976078086125,scr1983,mustOut,frtRail
DE,h0166,0.05457303760567397,scr1983,mustOut,frtRail
DE,h0167,0.02201942269393454,scr1983,mustOut,frtRail
DE,h0168,0.012956644132693686,scr1983,mustOut,frtRail
DE,h0169,0.00499117444147627,scr1983,mustOut,frtRail
DE,h0170,0.0011245823433640584,scr1983,mustOut,frtRail
DE,h0171,0.0,scr1983,mustOut,frtRail
DE,h0172,0.0,scr1983,mustOut,frtRail
DE,h0173,0.00010400137801255498,scr1983,mustOut,frtRail
DE,h0174,0.0009235550108104212,scr1983,mustOut,frtRail
DE,h0175,0.049472563327694855,scr1983,mustOut,frtRail
DE,h0176,0.2614516381921458,scr1983,mustOut,frtRail
DE,h0177,0.38996443915173795,scr1983,mustOut,frtRail
DE,h0178,0.28559532713039576,scr1983,mustOut,frtRail
DE,h0179,0.09233244953886621,scr1983,mustOut,frtRail
DE,h0180,0.05034449510938096,scr1983,mustOut,frtRail
DE,h0181,0.0551816277514453,scr1983,mustOut,frtRail
DE,h0182,0.07031425918960939,scr1983,mustOut,frtRail
DE,h0183,0.07923092104336386,scr1983,mustOut,frtRail
DE,h0184,0.0945163444420669,scr1983,mustOut,frtRail
DE,h0185,0.1647318639639052,scr1983,mustOut,frtRail
DE,h0186,0.3281970244032027,scr1983,mustOut,frtRail
DE,h0187,0.42652266473786427,scr1983,mustOut,frtRail
DE,h0188,0.3380486476250989,scr1983,mustOut,frtRail
DE,h0189,0.15194976078086125,scr1983,mustOut,frtRail
DE,h0190,0.05457303760567397,scr1983,mustOut,frtRail
DE,h0191,0.02201942269393454,scr1983,mustOut,frtRail
DE,h0192,0.012956644132693686,scr1983,mustOut,frtRail
GR,h0145,0.004991174441476271,scr1983,mustOut,frtRail
GR,h0146,0.001124582343364059,scr1983,mustOut,frtRail
GR,h0147,0.0,scr1983,mustOut,frtRail
GR,h0148,0.0,scr1983,mustOut,frtRail
GR,h0149,0.0008277996876940328,scr1983,mustOut,frtRail
GR,h0150,0.002902760757288197,scr1983,mustOut,frtRail
GR,h0151,0.0589595954704857,scr1983,mustOut,frtRail
GR,h0152,0.26770254822400014,scr1983,mustOut,frtRail
GR,h0153,0.38996443915173806,scr1983,mustOut,frtRail
GR,h0154,0.2855953271303958,scr1983,mustOut,frtRail
GR,h0155,0.09233244953886621,scr1983,mustOut,frtRail
GR,h0156,0.05034449510938097,scr1983,mustOut,frtRail
GR,h0157,0.10104675924386658,scr1983,mustOut,frtRail
GR,h0158,0.1687394200145734,scr1983,mustOut,frtRail
GR,h0159,0.23230650210312623,scr1983,mustOut,frtRail
GR,h0160,0.2620142078227696,scr1983,mustOut,frtRail
GR,h0161,0.336633131767583,scr1983,mustOut,frtRail
GR,h0162,0.43776030720753084,scr1983,mustOut,frtRail
GR,h0163,0.43971642,scr1983,mustOut,frtRail
GR,h0164,0.3081425209552586,scr1983,mustOut,frtRail
GR,h0165,0.15194976078086125,scr1983,mustOut,frtRail
GR,h0166,0.05457303760567398,scr1983,mustOut,frtRail
GR,h0167,0.022019422693934546,scr1983,mustOut,frtRail
GR,h0168,0.01295664413269369,scr1983,mustOut,frtRail
GR,h0169,0.004991174441476271,scr1983,mustOut,frtRail
GR,h0170,0.001124582343364059,scr1983,mustOut,frtRail
GR,h0171,0.0,scr1983,mustOut,frtRail
GR,h0172,0.0,scr1983,mustOut,frtRail
GR,h0173,0.00010400137801255494,scr1983,mustOut,frtRail
GR,h0174,0.0009235550108104215,scr1983,mustOut,frtRail
GR,h0175,0.04947256332769487,scr1983,mustOut,frtRail
GR,h0176,0.2614516381921459,scr1983,mustOut,frtRail
GR,h0177,0.38996443915173806,scr1983,mustOut,frtRail
GR,h0178,0.2855953271303958,scr1983,mustOut,frtRail
GR,h0179,0.09233244953886621,scr1983,mustOut,frtRail
GR,h0180,0.05034449510938097,scr1983,mustOut,frtRail
GR,h0181,0.05518162775144532,scr1983,mustOut,frtRail
GR,h0182,0.0703142591896094,scr1983,mustOut,frtRail
GR,h0183,0.07923092104336388,scr1983,mustOut,frtRail
GR,h0184,0.0945163444420669,scr1983,mustOut,frtRail
GR,h0185,0.16473186396390527,scr1983,mustOut,frtRail
GR,h0186,0.3281970244032028,scr1983,mustOut,frtRail
GR,h0187,0.4265226647378644,scr1983,mustOut,frtRail
GR,h0188,0.338048647625099,scr1983,mustOut,frtRail
GR,h0189,0.15194976078086125,scr1983,mustOut,frtRail
GR,h0190,0.05457303760567398,scr1983,mustOut,frtRail
GR,h0191,0.022019422693934546,scr1983,mustOut,frtRail
GR,h0192,0.01295664413269369,scr1983,mustOut,frtRail
ES,h0145,0.00499117444147627,scr1983,mustOut,frtRail
ES,h0146,0.0011245823433640588,scr1983,mustOut,frtRail
ES,h0147,0.0,scr1983,mustOut,frtRail
ES,h0148,0.0,scr1983,mustOut,frtRail
ES,h0149,0.000827799687694033,scr1983,mustOut,frtRail
ES,h0150,0.002902760757288196,scr1983,mustOut,frtRail
ES,h0151,0.05895959547048569,scr1983,mustOut,frtRail
ES,h0152,0.267702548224,scr1983,mustOut,frtRail
ES,h0153,0.38996443915173795,scr1983,mustOut,frtRail
ES,h0154,0.28559532713039576,scr1983,mustOut,frtRail
ES,h0155,0.09233244953886621,scr1983,mustOut,frtRail
ES,h0156,0.05034449510938096,scr1983,mustOut,frtRail
ES,h0157,0.10104675924386655,scr1983,mustOut,frtRail
ES,h0158,0.16873942001457334,scr1983,mustOut,frtRail
ES,h0159,0.23230650210312617,scr1983,mustOut,frtRail
ES,h0160,0.2620142078227695,scr1983,mustOut,frtRail
ES,h0161,0.3366331317675829,scr1983,mustOut,frtRail
ES,h0162,0.43776030720753073,scr1983,mustOut,frtRail
ES,h0163,0.43971641999999994,scr1983,mustOut,frtRail
ES,h0164,0.30814252095525857,scr1983,mustOut,frtRail
ES,h0165,0.15194976078086125,scr1983,mustOut,frtRail
ES,h0166,0.05457303760567397,scr1983,mustOut,frtRail
ES,h0167,0.02201942269393454,scr1983,mustOut,frtRail
ES,h0168,0.01295664413269369,scr1983,mustOut,frtRail
ES,h0169,0.00499117444147627,scr1983,mustOut,frtRail
ES,h0170,0.0011245823433640588,scr1983,mustOut,frtRail
ES,h0171,0.0,scr1983,mustOut,frtRail
ES,h0172,0.0,scr1983,mustOut,frtRail
ES,h0173,0.00010400137801255498,scr1983,mustOut,frtRail
ES,h0174,0.0009235550108104217,scr1983,mustOut,frtRail
ES,h0175,0.049472563327694855,scr1983,mustOut,frtRail
ES,h0176,0.2614516381921458,scr1983,mustOut,frtRail
ES,h0177,0.38996443915173795,scr1983,mustOut,frtRail
ES,h0178,0.28559532713039576,scr1983,mustOut,frtRail
ES,h0179,0.09233244953886621,scr1983,mustOut,frtRail
ES,h0180,0.05034449510938096,scr1983,mustOut,frtRail
ES,h0181,0.0551816277514453,scr1983,mustOut,frtRail
ES,h0182,0.07031425918960939,scr1983,mustOut,frtRail
ES,h0183,0.07923092104336386,scr1983,mustOut,frtRail
ES,h0184,0.0945163444420669,scr1983,mustOut,frtRail
ES,h0185,0.1647318639639052,scr1983,mustOut,frtRail
ES,h0186,0.3281970244032027,scr1983,mustOut,frtRail
ES,h0187,0.42652266473786427,scr1983,mustOut,frtRail
ES,h0188,0.3380486476250989,scr1983,mustOut,frtRail
ES,h0189,0.15194976078086125,scr1983,mustOut,frtRail
ES,h0190,0.05457303760567397,scr1983,mustOut,frtRail
ES,h0191,0.02201942269393454,scr1983,mustOut,frtRail
ES,h0192,0.01295664413269369,scr1983,mustOut,frtRail
DK,h0145,0.004991174441476271,scr1983,mustOut,frtRail
DK,h0146,0.001124582343364059,scr1983,mustOut,frtRail
DK,h0147,0.0,scr1983,mustOut,frtRail
DK,h0148,0.0,scr1983,mustOut,frtRail
DK,h0149,0.0008277996876940328,scr1983,mustOut,frtRail
DK,h0150,0.002902760757288197,scr1983,mustOut,frtRail
DK,h0151,0.0589595954704857,scr1983,mustOut,frtRail
DK,h0152,0.26770254822400014,scr1983,mustOut,frtRail
DK,h0153,0.38996443915173806,scr1983,mustOut,frtRail
DK,h0154,0.2855953271303958,scr1983,mustOut,frtRail
DK,h0155,0.09233244953886621,scr1983,mustOut,frtRail
DK,h0156,0.05034449510938097,scr1983,mustOut,frtRail
DK,h0157,0.10104675924386658,scr1983,mustOut,frtRail
DK,h0158,0.1687394200145734,scr1983,mustOut,frtRail
DK,h0159,0.23230650210312623,scr1983,mustOut,frtRail
DK,h0160,0.2620142078227696,scr1983,mustOut,frtRail
DK,h0161,0.336633131767583,scr1983,mustOut,frtRail
DK,h0162,0.43776030720753084,scr1983,mustOut,frtRail
DK,h0163,0.43971642,scr1983,mustOut,frtRail
DK,h0164,0.3081425209552586,scr1983,mustOut,frtRail
DK,h0165,0.15194976078086125,scr1983,mustOut,frtRail
DK,h0166,0.05457303760567398,scr1983,mustOut,frtRail
DK,h0167,0.022019422693934546,scr1983,mustOut,frtRail
DK,h0168,0.01295664413269369,scr1983,mustOut,frtRail
DK,h0169,0.004991174441476271,scr1983,mustOut,frtRail
DK,h0170,0.001124582343364059,scr1983,mustOut,frtRail
DK,h0171,0.0,scr1983,mustOut,frtRail
DK,h0172,0.0,scr1983,mustOut,frtRail
DK,h0173,0.00010400137801255494,scr1983,mustOut,frtRail
DK,h0174,0.0009235550108104215,scr1983,mustOut,frtRail
DK,h0175,0.04947256332769487,scr1983,mustOut,frtRail
DK,h0176,0.2614516381921459,scr1983,mustOut,frtRail
DK,h0177,0.38996443915173806,scr1983,mustOut,frtRail
DK,h0178,0.2855953271303958,scr1983,mustOut,frtRail
DK,h0179,0.09233244953886621,scr1983,mustOut,frtRail
DK,h0180,0.05034449510938097,scr1983,mustOut,frtRail
DK,h0181,0.05518162775144532,scr1983,mustOut,frtRail
DK,h0182,0.0703142591896094,scr1983,mustOut,frtRail
DK,h0183,0.07923092104336388,scr1983,mustOut,frtRail
DK,h0184,0.0945163444420669,scr1983,mustOut,frtRail
DK,h0185,0.16473186396390527,scr1983,mustOut,frtRail
DK,h0186,0.3281970244032028,scr1983,mustOut,frtRail
DK,h0187,0.4265226647378644,scr1983,mustOut,frtRail
DK,h0188,0.338048647625099,scr1983,mustOut,frtRail
DK,h0189,0.15194976078086125,scr1983,mustOut,frtRail
DK,h0190,0.05457303760567398,scr1983,mustOut,frtRail
DK,h0191,0.022019422693934546,scr1983,mustOut,frtRail
DK,h0192,0.01295664413269369,scr1983,mustOut,frtRail
EE,h0145,0.004991174441476271,scr1983,mustOut,frtRail
EE,h0146,0.001124582343364059,scr1983,mustOut,frtRail
EE,h0147,0.0,scr1983,mustOut,frtRail
EE,h0148,0.0,scr1983,mustOut,frtRail
EE,h0149,0.0008277996876940328,scr1983,mustOut,frtRail
EE,h0150,0.002902760757288197,scr1983,mustOut,frtRail
EE,h0151,0.0589595954704857,scr1983,mustOut,frtRail
EE,h0152,0.26770254822400014,scr1983,mustOut,frtRail
EE,h0153,0.38996443915173806,scr1983,mustOut,frtRail
EE,h0154,0.2855953271303958,scr1983,mustOut,frtRail
EE,h0155,0.09233244953886621,scr1983,mustOut,frtRail
EE,h0156,0.05034449510938097,scr1983,mustOut,frtRail
EE,h0157,0.10104675924386658,scr1983,mustOut,frtRail
EE,h0158,0.1687394200145734,scr1983,mustOut,frtRail
EE,h0159,0.23230650210312623,scr1983,mustOut,frtRail
EE,h0160,0.2620142078227696,scr1983,mustOut,frtRail
EE,h0161,0.336633131767583,scr1983,mustOut,frtRail
EE,h0162,0.43776030720753084,scr1983,mustOut,frtRail
EE,h0163,0.43971642,scr1983,mustOut,frtRail
EE,h0164,0.3081425209552586,scr1983,mustOut,frtRail
EE,h0165,0.15194976078086125,scr1983,mustOut,frtRail
EE,h0166,0.05457303760567398,scr1983,mustOut,frtRail
EE,h0167,0.022019422693934546,scr1983,mustOut,frtRail
EE,h0168,0.01295664413269369,scr1983,mustOut,frtRail
EE,h0169,0.004991174441476271,scr1983,mustOut,frtRail
EE,h0170,0.001124582343364059,scr1983,mustOut,frtRail
EE,h0171,0.0,scr1983,mustOut,frtRail
EE,h0172,0.0,scr1983,mustOut,frtRail
EE,h0173,0.00010400137801255494,scr1983,mustOut,frtRail
EE,h0174,0.0009235550108104215,scr1983,mustOut,frtRail
EE,h0175,0.04947256332769487,scr1983,mustOut,frtRail
EE,h0176,0.2614516381921459,scr1983,mustOut,frtRail
EE,h0177,0.38996443915173806,scr1983,mustOut,frtRail
EE,h0178,0.2855953271303958,scr1983,mustOut,frtRail
EE,h0179,0.09233244953886621,scr1983,mustOut,frtRail
EE,h0180,0.05034449510938097,scr1983,mustOut,frtRail
EE,h0181,0.05518162775144532,scr1983,mustOut,frtRail
EE,h0182,0.0703142591896094,scr1983,mustOut,frtRail
EE,h0183,0.07923092104336388,scr1983,mustOut,frtRail
EE,h0184,0.0945163444420669,scr1983,mustOut,frtRail
EE,h0185,0.16473186396390527,scr1983,mustOut,frtRail
EE,h0186,0.3281970244032028,scr1983,mustOut,frtRail
EE,h0187,0.4265226647378644,scr1983,mustOut,frtRail
EE,h0188,0.338048647625099,scr1983,mustOut,frtRail
EE,h0189,0.15194976078086125,scr1983,mustOut,frtRail
EE,h0190,0.05457303760567398,scr1983,mustOut,frtRail
EE,h0191,0.022019422693934546,scr1983,mustOut,frtRail
EE,h0192,0.01295664413269369,scr1983,mustOut,frtRail
FI,h0145,0.004991174441476271,scr1983,mustOut,frtRail
FI,h0146,0.001124582343364059,scr1983,mustOut,frtRail
FI,h0147,0.0,scr1983,mustOut,frtRail
FI,h0148,0.0,scr1983,mustOut,frtRail
FI,h0149,0.0008277996876940328,scr1983,mustOut,frtRail
FI,h0150,0.002902760757288197,scr1983,mustOut,frtRail
FI,h0151,0.0589595954704857,scr1983,mustOut,frtRail
FI,h0152,0.26770254822400014,scr1983,mustOut,frtRail
FI,h0153,0.38996443915173806,scr1983,mustOut,frtRail
FI,h0154,0.2855953271303958,scr1983,mustOut,frtRail
FI,h0155,0.09233244953886621,scr1983,mustOut,frtRail
FI,h0156,0.05034449510938097,scr1983,mustOut,frtRail
FI,h0157,0.10104675924386658,scr1983,mustOut,frtRail
FI,h0158,0.1687394200145734,scr1983,mustOut,frtRail
FI,h0159,0.23230650210312623,scr1983,mustOut,frtRail
FI,h0160,0.2620142078227696,scr1983,mustOut,frtRail
FI,h0161,0.336633131767583,scr1983,mustOut,frtRail
FI,h0162,0.43776030720753084,scr1983,mustOut,frtRail
FI,h0163,0.43971642,scr1983,mustOut,frtRail
FI,h0164,0.3081425209552586,scr1983,mustOut,frtRail
FI,h0165,0.15194976078086125,scr1983,mustOut,frtRail
FI,h0166,0.05457303760567398,scr1983,mustOut,frtRail
FI,h0167,0.022019422693934546,scr1983,mustOut,frtRail
FI,h0168,0.01295664413269369,scr1983,mustOut,frtRail
FI,h0169,0.004991174441476271,scr1983,mustOut,frtRail
FI,h0170,0.001124582343364059,scr1983,mustOut,frtRail
FI,h0171,0.0,scr1983,mustOut,frtRail
FI,h0172,0.0,scr1983,mustOut,frtRail
FI,h0173,0.00010400137801255494,scr1983,mustOut,frtRail
FI,h0174,0.0009235550108104215,scr1983,mustOut,frtRail
FI,h0175,0.04947256332769487,scr1983,mustOut,frtRail
FI,h0176,0.2614516381921459,scr1983,mustOut,frtRail
FI,h0177,0.38996443915173806,scr1983,mustOut,frtRail
FI,h0178,0.2855953271303958,scr1983,mustOut,frtRail
FI,h0179,0.09233244953886621,scr1983,mustOut,frtRail
FI,h0180,0.05034449510938097,scr1983,mustOut,frtRail
FI,h0181,0.05518162775144532,scr1983,mustOut,frtRail
FI,h0182,0.0703142591896094,scr1983,mustOut,frtRail
FI,h0183,0.07923092104336388,scr1983,mustOut,frtRail
FI,h0184,0.0945163444420669,scr1983,mustOut,frtRail
FI,h0185,0.16473186396390527,scr1983,mustOut,frtRail
FI,h0186,0.3281970244032028,scr1983,mustOut,frtRail
FI,h0187,0.4265226647378644,scr1983,mustOut,frtRail
FI,h0188,0.338048647625099,scr1983,mustOut,frtRail
FI,h0189,0.15194976078086125,scr1983,mustOut,frtRail
FI,h0190,0.05457303760567398,scr1983,mustOut,frtRail
FI,h0191,0.022019422693934546,scr1983,mustOut,frtRail
FI,h0192,0.01295664413269369,scr1983,mustOut,frtRail
FR,h0145,0.00499117444147627,scr1983,mustOut,frtRail
FR,h0146,0.001124582343364059,scr1983,mustOut,frtRail
FR,h0147,0.0,scr1983,mustOut,frtRail
FR,h0148,0.0,scr1983,mustOut,frtRail
FR,h0149,0.0008277996876940325,scr1983,mustOut,frtRail
FR,h0150,0.0029027607572881947,scr1983,mustOut,frtRail
FR,h0151,0.058959595470485654,scr1983,mustOut,frtRail
FR,h0152,0.267702548224,scr1983,mustOut,frtRail
FR,h0153,0.38996443915173795,scr1983,mustOut,frtRail
FR,h0154,0.28559532713039576,scr1983,mustOut,frtRail
FR,h0155,0.09233244953886618,scr1983,mustOut,frtRail
FR,h0156,0.05034449510938096,scr1983,mustOut,frtRail
FR,h0157,0.10104675924386652,scr1983,mustOut,frtRail
FR,h0158,0.16873942001457332,scr1983,mustOut,frtRail
FR,h0159,0.23230650210312603,scr1983,mustOut,frtRail
FR,h0160,0.2620142078227695,scr1983,mustOut,frtRail
FR,h0161,0.3366331317675829,scr1983,mustOut,frtRail
FR,h0162,0.437760307207531,scr1983,mustOut,frtRail
FR,h0163,0.43971641999999994,scr1983,mustOut,frtRail
FR,h0164,0.3081425209552588,scr1983,mustOut,frtRail
FR,h0165,0.15194976078086125,scr1983,mustOut,frtRail
FR,h0166,0.05457303760567399,scr1983,mustOut,frtRail
FR,h0167,0.02201942269393454,scr1983,mustOut,frtRail
FR,h0168,0.01295664413269369,scr1983,mustOut,frtRail
FR,h0169,0.00499117444147627,scr1983,mustOut,frtRail
FR,h0170,0.001124582343364059,scr1983,mustOut,frtRail
FR,h0171,0.0,scr1983,mustOut,frtRail
FR,h0172,0.0,scr1983,mustOut,frtRail
FR,h0173,0.00010400137801255498,scr1983,mustOut,frtRail
FR,h0174,0.0009235550108104217,scr1983,mustOut,frtRail
FR,h0175,0.04947256332769485,scr1983,mustOut,frtRail
FR,h0176,0.2614516381921457,scr1983,mustOut,frtRail
FR,h0177,0.38996443915173795,scr1983,mustOut,frtRail
FR,h0178,0.28559532713039576,scr1983,mustOut,frtRail
FR,h0179,0.09233244953886618,scr1983,mustOut,frtRail
FR,h0180,0.05034449510938096,scr1983,mustOut,frtRail
FR,h0181,0.05518162775144528,scr1983,mustOut,frtRail
FR,h0182,0.07031425918960939,scr1983,mustOut,frtRail
FR,h0183,0.07923092104336385,scr1983,mustOut,frtRail
FR,h0184,0.0945163444420669,scr1983,mustOut,frtRail
FR,h0185,0.1647318639639052,scr1983,mustOut,frtRail
FR,h0186,0.3281970244032028,scr1983,mustOut,frtRail
FR,h0187,0.4265226647378643,scr1983,mustOut,frtRail
FR,h0188,0.3380486476250992,scr1983,mustOut,frtRail
FR,h0189,0.15194976078086125,scr1983,mustOut,frtRail
FR,h0190,0.05457303760567399,scr1983,mustOut,frtRail
FR,h0191,0.02201942269393454,scr1983,mustOut,frtRail
FR,h0192,0.01295664413269369,scr1983,mustOut,frtRail
IT,h0145,0.00499117444147627,scr1983,mustOut,frtRail
IT,h0146,0.0011245823433640584,scr1983,mustOut,frtRail
IT,h0147,0.0,scr1983,mustOut,frtRail
IT,h0148,0.0,scr1983,mustOut,frtRail
IT,h0149,0.000827799687694033,scr1983,mustOut,frtRail
IT,h0150,0.002902760757288196,scr1983,mustOut,frtRail
IT,h0151,0.05895959547048569,scr1983,mustOut,frtRail
IT,h0152,0.267702548224,scr1983,mustOut,frtRail
IT,h0153,0.38996443915173795,scr1983,mustOut,frtRail
IT,h0154,0.28559532713039576,scr1983,mustOut,frtRail
IT,h0155,0.09233244953886618,scr1983,mustOut,frtRail
IT,h0156,0.05034449510938096,scr1983,mustOut,frtRail
IT,h0157,0.10104675924386655,scr1983,mustOut,frtRail
IT,h0158,0.16873942001457345,scr1983,mustOut,frtRail
IT,h0159,0.23230650210312617,scr1983,mustOut,frtRail
IT,h0160,0.2620142078227696,scr1983,mustOut,frtRail
IT,h0161,0.3366331317675829,scr1983,mustOut,frtRail
IT,h0162,0.43776030720753073,scr1983,mustOut,frtRail
IT,h0163,0.43971641999999994,scr1983,mustOut,frtRail
IT,h0164,0.30814252095525857,scr1983,mustOut,frtRail
IT,h0165,0.15194976078086125,scr1983,mustOut,frtRail
IT,h0166,0.05457303760567397,scr1983,mustOut,frtRail
IT,h0167,0.02201942269393454,scr1983,mustOut,frtRail
IT,h0168,0.012956644132693686,scr1983,mustOut,frtRail
IT,h0169,0.00499117444147627,scr1983,mustOut,frtRail
IT,h0170,0.0011245823433640584,scr1983,mustOut,frtRail
IT,h0171,0.0,scr1983,mustOut,frtRail
IT,h0172,0.0,scr1983,mustOut,frtRail
IT,h0173,0.00010400137801255494,scr1983,mustOut,frtRail
IT,h0174,0.0009235550108104212,scr1983,mustOut,frtRail
IT,h0175,0.049472563327694855,scr1983,mustOut,frtRail
IT,h0176,0.2614516381921458,scr1983,mustOut,frtRail
IT,h0177,0.38996443915173795,scr1983,mustOut,frtRail
IT,h0178,0.28559532713039576,scr1983,mustOut,frtRail
IT,h0179,0.09233244953886618,scr1983,mustOut,frtRail
IT,h0180,0.05034449510938096,scr1983,mustOut,frtRail
IT,h0181,0.0551816277514453,scr1983,mustOut,frtRail
IT,h0182,0.07031425918960939,scr1983,mustOut,frtRail
IT,h0183,0.07923092104336386,scr1983,mustOut,frtRail
IT,h0184,0.0945163444420669,scr1983,mustOut,frtRail
IT,h0185,0.1647318639639052,scr1983,mustOut,frtRail
IT,h0186,0.3281970244032028,scr1983,mustOut,frtRail
IT,h0187,0.4265226647378643,scr1983,mustOut,frtRail
IT,h0188,0.338048647625099,scr1983,mustOut,frtRail
IT,h0189,0.15194976078086125,scr1983,mustOut,frtRail
IT,h0190,0.05457303760567397,scr1983,mustOut,frtRail
IT,h0191,0.02201942269393454,scr1983,mustOut,frtRail
IT,h0192,0.012956644132693686,scr1983,mustOut,frtRail
NL,h0145,0.004991174441476271,scr1983,mustOut,frtRail
NL,h0146,0.001124582343364059,scr1983,mustOut,frtRail
NL,h0147,0.0,scr1983,mustOut,frtRail
NL,h0148,0.0,scr1983,mustOut,frtRail
NL,h0149,0.0008277996876940328,scr1983,mustOut,frtRail
NL,h0150,0.002902760757288197,scr1983,mustOut,frtRail
NL,h0151,0.0589595954704857,scr1983,mustOut,frtRail
NL,h0152,0.26770254822400014,scr1983,mustOut,frtRail
NL,h0153,0.38996443915173806,scr1983,mustOut,frtRail
NL,h0154,0.2855953271303958,scr1983,mustOut,frtRail
NL,h0155,0.09233244953886621,scr1983,mustOut,frtRail
NL,h0156,0.05034449510938097,scr1983,mustOut,frtRail
NL,h0157,0.10104675924386658,scr1983,mustOut,frtRail
NL,h0158,0.1687394200145734,scr1983,mustOut,frtRail
NL,h0159,0.23230650210312623,scr1983,mustOut,frtRail
NL,h0160,0.2620142078227696,scr1983,mustOut,frtRail
NL,h0161,0.336633131767583,scr1983,mustOut,frtRail
NL,h0162,0.43776030720753084,scr1983,mustOut,frtRail
NL,h0163,0.43971642,scr1983,mustOut,frtRail
NL,h0164,0.3081425209552586,scr1983,mustOut,frtRail
NL,h0165,0.15194976078086125,scr1983,mustOut,frtRail
NL,h0166,0.05457303760567398,scr1983,mustOut,frtRail
NL,h0167,0.022019422693934546,scr1983,mustOut,frtRail
NL,h0168,0.01295664413269369,scr1983,mustOut,frtRail
NL,h0169,0.004991174441476271,scr1983,mustOut,frtRail
NL,h0170,0.001124582343364059,scr1983,mustOut,frtRail
NL,h0171,0.0,scr1983,mustOut,frtRail
NL,h0172,0.0,scr1983,mustOut,frtRail
NL,h0173,0.00010400137801255494,scr1983,mustOut,frtRail
NL,h0174,0.0009235550108104215,scr1983,mustOut,frtRail
NL,h0175,0.04947256332769487,scr1983,mustOut,frtRail
NL,h0176,0.2614516381921459,scr1983,mustOut,frtRail
NL,h0177,0.38996443915173806,scr1983,mustOut,frtRail
NL,h0178,0.2855953271303958,scr1983,mustOut,frtRail
NL,h0179,0.09233244953886621,scr1983,mustOut,frtRail
NL,h0180,0.05034449510938097,scr1983,mustOut,frtRail
NL,h0181,0.05518162775144532,scr1983,mustOut,frtRail
NL,h0182,0.0703142591896094,scr1983,mustOut,frtRail
NL,h0183,0.07923092104336388,scr1983,mustOut,frtRail
NL,h0184,0.0945163444420669,scr1983,mustOut,frtRail
NL,h0185,0.16473186396390527,scr1983,mustOut,frtRail
NL,h0186,0.3281970244032028,scr1983,mustOut,frtRail
NL,h0187,0.4265226647378644,scr1983,mustOut,frtRail
NL,h0188,0.338048647625099,scr1983,mustOut,frtRail
NL,h0189,0.15194976078086125,scr1983,mustOut,frtRail
NL,h0190,0.05457303760567398,scr1983,mustOut,frtRail
NL,h0191,0.022019422693934546,scr1983,mustOut,frtRail
NL,h0192,0.01295664413269369,scr1983,mustOut,frtRail
IE,h0145,0.004991174441476271,scr1983,mustOut,frtRail
IE,h0146,0.001124582343364059,scr1983,mustOut,frtRail
IE,h0147,0.0,scr1983,mustOut,frtRail
IE,h0148,0.0,scr1983,mustOut,frtRail
IE,h0149,0.0008277996876940328,scr1983,mustOut,frtRail
IE,h0150,0.002902760757288197,scr1983,mustOut,frtRail
IE,h0151,0.0589595954704857,scr1983,mustOut,frtRail
IE,h0152,0.26770254822400014,scr1983,mustOut,frtRail
IE,h0153,0.38996443915173806,scr1983,mustOut,frtRail
IE,h0154,0.2855953271303958,scr1983,mustOut,frtRail
IE,h0155,0.09233244953886621,scr1983,mustOut,frtRail
IE,h0156,0.05034449510938097,scr1983,mustOut,frtRail
IE,h0157,0.10104675924386658,scr1983,mustOut,frtRail
IE,h0158,0.1687394200145734,scr1983,mustOut,frtRail
IE,h0159,0.23230650210312623,scr1983,mustOut,frtRail
IE,h0160,0.2620142078227696,scr1983,mustOut,frtRail
IE,h0161,0.336633131767583,scr1983,mustOut,frtRail
IE,h0162,0.43776030720753084,scr1983,mustOut,frtRail
IE,h0163,0.43971642,scr1983,mustOut,frtRail
IE,h0164,0.3081425209552586,scr1983,mustOut,frtRail
IE,h0165,0.15194976078086125,scr1983,mustOut,frtRail
IE,h0166,0.05457303760567398,scr1983,mustOut,frtRail
IE,h0167,0.022019422693934546,scr1983,mustOut,frtRail
IE,h0168,0.01295664413269369,scr1983,mustOut,frtRail
IE,h0169,0.004991174441476271,scr1983,mustOut,frtRail
IE,h0170,0.001124582343364059,scr1983,mustOut,frtRail
IE,h0171,0.0,scr1983,mustOut,frtRail
IE,h0172,0.0,scr1983,mustOut,frtRail
IE,h0173,0.00010400137801255494,scr1983,mustOut,frtRail
IE,h0174,0.0009235550108104215,scr1983,mustOut,frtRail
IE,h0175,0.04947256332769487,scr1983,mustOut,frtRail
IE,h0176,0.2614516381921459,scr1983,mustOut,frtRail
IE,h0177,0.38996443915173806,scr1983,mustOut,frtRail
IE,h0178,0.2855953271303958,scr1983,mustOut,frtRail
IE,h0179,0.09233244953886621,scr1983,mustOut,frtRail
IE,h0180,0.05034449510938097,scr1983,mustOut,frtRail
IE,h0181,0.05518162775144532,scr1983,mustOut,frtRail
IE,h0182,0.0703142591896094,scr1983,mustOut,frtRail
IE,h0183,0.07923092104336388,scr1983,mustOut,frtRail
IE,h0184,0.0945163444420669,scr1983,mustOut,frtRail
IE,h0185,0.16473186396390527,scr1983,mustOut,frtRail
IE,h0186,0.3281970244032028,scr1983,mustOut,frtRail
IE,h0187,0.4265226647378644,scr1983,mustOut,frtRail
IE,h0188,0.338048647625099,scr1983,mustOut,frtRail
IE,h0189,0.15194976078086125,scr1983,mustOut,frtRail
IE,h0190,0.05457303760567398,scr1983,mustOut,frtRail
IE,h0191,0.022019422693934546,scr1983,mustOut,frtRail
IE,h0192,0.01295664413269369,scr1983,mustOut,frtRail
HR,h0145,0.004991174441476271,scr1983,mustOut,frtRail
HR,h0146,0.001124582343364059,scr1983,mustOut,frtRail
HR,h0147,0.0,scr1983,mustOut,frtRail
HR,h0148,0.0,scr1983,mustOut,frtRail
HR,h0149,0.0008277996876940328,scr1983,mustOut,frtRail
HR,h0150,0.002902760757288197,scr1983,mustOut,frtRail
HR,h0151,0.0589595954704857,scr1983,mustOut,frtRail
HR,h0152,0.26770254822400014,scr1983,mustOut,frtRail
HR,h0153,0.38996443915173806,scr1983,mustOut,frtRail
HR,h0154,0.2855953271303958,scr1983,mustOut,frtRail
HR,h0155,0.09233244953886621,scr1983,mustOut,frtRail
HR,h0156,0.05034449510938097,scr1983,mustOut,frtRail
HR,h0157,0.10104675924386658,scr1983,mustOut,frtRail
HR,h0158,0.1687394200145734,scr1983,mustOut,frtRail
HR,h0159,0.23230650210312623,scr1983,mustOut,frtRail
HR,h0160,0.2620142078227696,scr1983,mustOut,frtRail
HR,h0161,0.336633131767583,scr1983,mustOut,frtRail
HR,h0162,0.43776030720753084,scr1983,mustOut,frtRail
HR,h0163,0.43971642,scr1983,mustOut,frtRail
HR,h0164,0.3081425209552586,scr1983,mustOut,frtRail
HR,h0165,0.15194976078086125,scr1983,mustOut,frtRail
HR,h0166,0.05457303760567398,scr1983,mustOut,frtRail
HR,h0167,0.022019422693934546,scr1983,mustOut,frtRail
HR,h0168,0.01295664413269369,scr1983,mustOut,frtRail
HR,h0169,0.004991174441476271,scr1983,mustOut,frtRail
HR,h0170,0.001124582343364059,scr1983,mustOut,frtRail
HR,h0171,0.0,scr1983,mustOut,frtRail
HR,h0172,0.0,scr1983,mustOut,frtRail
HR,h0173,0.00010400137801255494,scr1983,mustOut,frtRail
HR,h0174,0.0009235550108104215,scr1983,mustOut,frtRail
HR,h0175,0.04947256332769487,scr1983,mustOut,frtRail
HR,h0176,0.2614516381921459,scr1983,mustOut,frtRail
HR,h0177,0.38996443915173806,scr1983,mustOut,frtRail
HR,h0178,0.2855953271303958,scr1983,mustOut,frtRail
HR,h0179,0.09233244953886621,scr1983,mustOut,frtRail
HR,h0180,0.05034449510938097,scr1983,mustOut,frtRail
HR,h0181,0.05518162775144532,scr1983,mustOut,frtRail
HR,h0182,0.0703142591896094,scr1983,mustOut,frtRail
HR,h0183,0.07923092104336388,scr1983,mustOut,frtRail
HR,h0184,0.0945163444420669,scr1983,mustOut,frtRail
HR,h0185,0.16473186396390527,scr1983,mustOut,frtRail
HR,h0186,0.3281970244032028,scr1983,mustOut,frtRail
HR,h0187,0.4265226647378644,scr1983,mustOut,frtRail
HR,h0188,0.338048647625099,scr1983,mustOut,frtRail
HR,h0189,0.15194976078086125,scr1983,mustOut,frtRail
HR,h0190,0.05457303760567398,scr1983,mustOut,frtRail
HR,h0191,0.022019422693934546,scr1983,mustOut,frtRail
HR,h0192,0.01295664413269369,scr1983,mustOut,frtRail
HU,h0145,0.004991174441476271,scr1983,mustOut,frtRail
HU,h0146,0.001124582343364059,scr1983,mustOut,frtRail
HU,h0147,0.0,scr1983,mustOut,frtRail
HU,h0148,0.0,scr1983,mustOut,frtRail
HU,h0149,0.0008277996876940328,scr1983,mustOut,frtRail
HU,h0150,0.002902760757288197,scr1983,mustOut,frtRail
HU,h0151,0.0589595954704857,scr1983,mustOut,frtRail
HU,h0152,0.26770254822400014,scr1983,mustOut,frtRail
HU,h0153,0.38996443915173806,scr1983,mustOut,frtRail
HU,h0154,0.2855953271303958,scr1983,mustOut,frtRail
HU,h0155,0.09233244953886621,scr1983,mustOut,frtRail
HU,h0156,0.05034449510938097,scr1983,mustOut,frtRail
HU,h0157,0.10104675924386658,scr1983,mustOut,frtRail
HU,h0158,0.1687394200145734,scr1983,mustOut,frtRail
HU,h0159,0.23230650210312623,scr1983,mustOut,frtRail
HU,h0160,0.2620142078227696,scr1983,mustOut,frtRail
HU,h0161,0.336633131767583,scr1983,mustOut,frtRail
HU,h0162,0.43776030720753084,scr1983,mustOut,frtRail
HU,h0163,0.43971642,scr1983,mustOut,frtRail
HU,h0164,0.3081425209552586,scr1983,mustOut,frtRail
HU,h0165,0.15194976078086125,scr1983,mustOut,frtRail
HU,h0166,0.05457303760567398,scr1983,mustOut,frtRail
HU,h0167,0.022019422693934546,scr1983,mustOut,frtRail
HU,h0168,0.01295664413269369,scr1983,mustOut,frtRail
HU,h0169,0.004991174441476271,scr1983,mustOut,frtRail
HU,h0170,0.001124582343364059,scr1983,mustOut,frtRail
HU,h0171,0.0,scr1983,mustOut,frtRail
HU,h0172,0.0,scr1983,mustOut,frtRail
HU,h0173,0.00010400137801255494,scr1983,mustOut,frtRail
HU,h0174,0.0009235550108104215,scr1983,mustOut,frtRail
HU,h0175,0.04947256332769487,scr1983,mustOut,frtRail
HU,h0176,0.2614516381921459,scr1983,mustOut,frtRail
HU,h0177,0.38996443915173806,scr1983,mustOut,frtRail
HU,h0178,0.2855953271303958,scr1983,mustOut,frtRail
HU,h0179,0.09233244953886621,scr1983,mustOut,frtRail
HU,h0180,0.05034449510938097,scr1983,mustOut,frtRail
HU,h0181,0.05518162775144532,scr1983,mustOut,frtRail
HU,h0182,0.0703142591896094,scr1983,mustOut,frtRail
HU,h0183,0.07923092104336388,scr1983,mustOut,frtRail
HU,h0184,0.0945163444420669,scr1983,mustOut,frtRail
HU,h0185,0.16473186396390527,scr1983,mustOut,frtRail
HU,h0186,0.3281970244032028,scr1983,mustOut,frtRail
HU,h0187,0.4265226647378644,scr1983,mustOut,frtRail
HU,h0188,0.338048647625099,scr1983,mustOut,frtRail
HU,h0189,0.15194976078086125,scr1983,mustOut,frtRail
HU,h0190,0.05457303760567398,scr1983,mustOut,frtRail
HU,h0191,0.022019422693934546,scr1983,mustOut,frtRail
HU,h0192,0.01295664413269369,scr1983,mustOut,frtRail
MK,h0145,0.004991174441476271,scr1983,mustOut,frtRail
MK,h0146,0.001124582343364059,scr1983,mustOut,frtRail
MK,h0147,0.0,scr1983,mustOut,frtRail
MK,h0148,0.0,scr1983,mustOut,frtRail
MK,h0149,0.0008277996876940328,scr1983,mustOut,frtRail
MK,h0150,0.002902760757288197,scr1983,mustOut,frtRail
MK,h0151,0.0589595954704857,scr1983,mustOut,frtRail
MK,h0152,0.26770254822400014,scr1983,mustOut,frtRail
MK,h0153,0.38996443915173806,scr1983,mustOut,frtRail
MK,h0154,0.2855953271303958,scr1983,mustOut,frtRail
MK,h0155,0.09233244953886621,scr1983,mustOut,frtRail
MK,h0156,0.05034449510938097,scr1983,mustOut,frtRail
MK,h0157,0.10104675924386658,scr1983,mustOut,frtRail
MK,h0158,0.1687394200145734,scr1983,mustOut,frtRail
MK,h0159,0.23230650210312623,scr1983,mustOut,frtRail
MK,h0160,0.2620142078227696,scr1983,mustOut,frtRail
MK,h0161,0.336633131767583,scr1983,mustOut,frtRail
MK,h0162,0.43776030720753084,scr1983,mustOut,frtRail
MK,h0163,0.43971642,scr1983,mustOut,frtRail
MK,h0164,0.3081425209552586,scr1983,mustOut,frtRail
MK,h0165,0.15194976078086125,scr1983,mustOut,frtRail
MK,h0166,0.05457303760567398,scr1983,mustOut,frtRail
MK,h0167,0.022019422693934546,scr1983,mustOut,frtRail
MK,h0168,0.01295664413269369,scr1983,mustOut,frtRail
MK,h0169,0.004991174441476271,scr1983,mustOut,frtRail
MK,h0170,0.001124582343364059,scr1983,mustOut,frtRail
MK,h0171,0.0,scr1983,mustOut,frtRail
MK,h0172,0.0,scr1983,mustOut,frtRail
MK,h0173,0.00010400137801255494,scr1983,mustOut,frtRail
MK,h0174,0.0009235550108104215,scr1983,mustOut,frtRail
MK,h0175,0.04947256332769487,scr1983,mustOut,frtRail
MK,h0176,0.2614516381921459,scr1983,mustOut,frtRail
MK,h0177,0.38996443915173806,scr1983,mustOut,frtRail
MK,h0178,0.2855953271303958,scr1983,mustOut,frtRail
MK,h0179,0.09233244953886621,scr1983,mustOut,frtRail
MK,h0180,0.05034449510938097,scr1983,mustOut,frtRail
MK,h0181,0.05518162775144532,scr1983,mustOut,frtRail
MK,h0182,0.0703142591896094,scr1983,mustOut,frtRail
MK,h0183,0.07923092104336388,scr1983,mustOut,frtRail
MK,h0184,0.0945163444420669,scr1983,mustOut,frtRail
MK,h0185,0.16473186396390527,scr1983,mustOut,frtRail
MK,h0186,0.3281970244032028,scr1983,mustOut,frtRail
MK,h0187,0.4265226647378644,scr1983,mustOut,frtRail
MK,h0188,0.338048647625099,scr1983,mustOut,frtRail
MK,h0189,0.15194976078086125,scr1983,mustOut,frtRail
MK,h0190,0.05457303760567398,scr1983,mustOut,frtRail
MK,h0191,0.022019422693934546,scr1983,mustOut,frtRail
MK,h0192,0.01295664413269369,scr1983,mustOut,frtRail
LV,h0145,0.004991174441476271,scr1983,mustOut,frtRail
LV,h0146,0.001124582343364059,scr1983,mustOut,frtRail
LV,h0147,0.0,scr1983,mustOut,frtRail
LV,h0148,0.0,scr1983,mustOut,frtRail
LV,h0149,0.0008277996876940328,scr1983,mustOut,frtRail
LV,h0150,0.002902760757288197,scr1983,mustOut,frtRail
LV,h0151,0.0589595954704857,scr1983,mustOut,frtRail
LV,h0152,0.26770254822400014,scr1983,mustOut,frtRail
LV,h0153,0.38996443915173806,scr1983,mustOut,frtRail
LV,h0154,0.2855953271303958,scr1983,mustOut,frtRail
LV,h0155,0.09233244953886621,scr1983,mustOut,frtRail
LV,h0156,0.05034449510938097,scr1983,mustOut,frtRail
LV,h0157,0.10104675924386658,scr1983,mustOut,frtRail
LV,h0158,0.1687394200145734,scr1983,mustOut,frtRail
LV,h0159,0.23230650210312623,scr1983,mustOut,frtRail
LV,h0160,0.2620142078227696,scr1983,mustOut,frtRail
LV,h0161,0.336633131767583,scr1983,mustOut,frtRail
LV,h0162,0.43776030720753084,scr1983,mustOut,frtRail
LV,h0163,0.43971642,scr1983,mustOut,frtRail
LV,h0164,0.3081425209552586,scr1983,mustOut,frtRail
LV,h0165,0.15194976078086125,scr1983,mustOut,frtRail
LV,h0166,0.05457303760567398,scr1983,mustOut,frtRail
LV,h0167,0.022019422693934546,scr1983,mustOut,frtRail
LV,h0168,0.01295664413269369,scr1983,mustOut,frtRail
LV,h0169,0.004991174441476271,scr1983,mustOut,frtRail
LV,h0170,0.001124582343364059,scr1983,mustOut,frtRail
LV,h0171,0.0,scr1983,mustOut,frtRail
LV,h0172,0.0,scr1983,mustOut,frtRail
LV,h0173,0.00010400137801255494,scr1983,mustOut,frtRail
LV,h0174,0.0009235550108104215,scr1983,mustOut,frtRail
LV,h0175,0.04947256332769487,scr1983,mustOut,frtRail
LV,h0176,0.2614516381921459,scr1983,mustOut,frtRail
LV,h0177,0.38996443915173806,scr1983,mustOut,frtRail
LV,h0178,0.2855953271303958,scr1983,mustOut,frtRail
LV,h0179,0.09233244953886621,scr1983,mustOut,frtRail
LV,h0180,0.05034449510938097,scr1983,mustOut,frtRail
LV,h0181,0.05518162775144532,scr1983,mustOut,frtRail
LV,h0182,0.0703142591896094,scr1983,mustOut,frtRail
LV,h0183,0.07923092104336388,scr1983,mustOut,frtRail
LV,h0184,0.0945163444420669,scr1983,mustOut,frtRail
LV,h0185,0.16473186396390527,scr1983,mustOut,frtRail
LV,h0186,0.3281970244032028,scr1983,mustOut,frtRail
LV,h0187,0.4265226647378644,scr1983,mustOut,frtRail
LV,h0188,0.338048647625099,scr1983,mustOut,frtRail
LV,h0189,0.15194976078086125,scr1983,mustOut,frtRail
LV,h0190,0.05457303760567398,scr1983,mustOut,frtRail
LV,h0191,0.022019422693934546,scr1983,mustOut,frtRail
LV,h0192,0.01295664413269369,scr1983,mustOut,frtRail
ME,h0145,0.004991174441476271,scr1983,mustOut,frtRail
ME,h0146,0.001124582343364059,scr1983,mustOut,frtRail
ME,h0147,0.0,scr1983,mustOut,frtRail
ME,h0148,0.0,scr1983,mustOut,frtRail
ME,h0149,0.0008277996876940328,scr1983,mustOut,frtRail
ME,h0150,0.002902760757288197,scr1983,mustOut,frtRail
ME,h0151,0.0589595954704857,scr1983,mustOut,frtRail
ME,h0152,0.26770254822400014,scr1983,mustOut,frtRail
ME,h0153,0.38996443915173806,scr1983,mustOut,frtRail
ME,h0154,0.2855953271303958,scr1983,mustOut,frtRail
ME,h0155,0.09233244953886621,scr1983,mustOut,frtRail
ME,h0156,0.05034449510938097,scr1983,mustOut,frtRail
ME,h0157,0.10104675924386658,scr1983,mustOut,frtRail
ME,h0158,0.1687394200145734,scr1983,mustOut,frtRail
ME,h0159,0.23230650210312623,scr1983,mustOut,frtRail
ME,h0160,0.2620142078227696,scr1983,mustOut,frtRail
ME,h0161,0.336633131767583,scr1983,mustOut,frtRail
ME,h0162,0.43776030720753084,scr1983,mustOut,frtRail
ME,h0163,0.43971642,scr1983,mustOut,frtRail
ME,h0164,0.3081425209552586,scr1983,mustOut,frtRail
ME,h0165,0.15194976078086125,scr1983,mustOut,frtRail
ME,h0166,0.05457303760567398,scr1983,mustOut,frtRail
ME,h0167,0.022019422693934546,scr1983,mustOut,frtRail
ME,h0168,0.01295664413269369,scr1983,mustOut,frtRail
ME,h0169,0.004991174441476271,scr1983,mustOut,frtRail
ME,h0170,0.001124582343364059,scr1983,mustOut,frtRail
ME,h0171,0.0,scr1983,mustOut,frtRail
ME,h0172,0.0,scr1983,mustOut,frtRail
ME,h0173,0.00010400137801255494,scr1983,mustOut,frtRail
ME,h0174,0.0009235550108104215,scr1983,mustOut,frtRail
ME,h0175,0.04947256332769487,scr1983,mustOut,frtRail
ME,h0176,0.2614516381921459,scr1983,mustOut,frtRail
ME,h0177,0.38996443915173806,scr1983,mustOut,frtRail
ME,h0178,0.2855953271303958,scr1983,mustOut,frtRail
ME,h0179,0.09233244953886621,scr1983,mustOut,frtRail
ME,h0180,0.05034449510938097,scr1983,mustOut,frtRail
ME,h0181,0.05518162775144532,scr1983,mustOut,frtRail
ME,h0182,0.0703142591896094,scr1983,mustOut,frtRail
ME,h0183,0.07923092104336388,scr1983,mustOut,frtRail
ME,h0184,0.0945163444420669,scr1983,mustOut,frtRail
ME,h0185,0.16473186396390527,scr1983,mustOut,frtRail
ME,h0186,0.3281970244032028,scr1983,mustOut,frtRail
ME,h0187,0.4265226647378644,scr1983,mustOut,frtRail
ME,h0188,0.338048647625099,scr1983,mustOut,frtRail
ME,h0189,0.15194976078086125,scr1983,mustOut,frtRail
ME,h0190,0.05457303760567398,scr1983,mustOut,frtRail
ME,h0191,0.022019422693934546,scr1983,mustOut,frtRail
ME,h0192,0.01295664413269369,scr1983,mustOut,frtRail
LT,h0145,0.004991174441476271,scr1983,mustOut,frtRail
LT,h0146,0.001124582343364059,scr1983,mustOut,frtRail
LT,h0147,0.0,scr1983,mustOut,frtRail
LT,h0148,0.0,scr1983,mustOut,frtRail
LT,h0149,0.0008277996876940328,scr1983,mustOut,frtRail
LT,h0150,0.002902760757288197,scr1983,mustOut,frtRail
LT,h0151,0.0589595954704857,scr1983,mustOut,frtRail
LT,h0152,0.26770254822400014,scr1983,mustOut,frtRail
LT,h0153,0.38996443915173806,scr1983,mustOut,frtRail
LT,h0154,0.2855953271303958,scr1983,mustOut,frtRail
LT,h0155,0.09233244953886621,scr1983,mustOut,frtRail
LT,h0156,0.05034449510938097,scr1983,mustOut,frtRail
LT,h0157,0.10104675924386658,scr1983,mustOut,frtRail
LT,h0158,0.1687394200145734,scr1983,mustOut,frtRail
LT,h0159,0.23230650210312623,scr1983,mustOut,frtRail
LT,h0160,0.2620142078227696,scr1983,mustOut,frtRail
LT,h0161,0.336633131767583,scr1983,mustOut,frtRail
LT,h0162,0.43776030720753084,scr1983,mustOut,frtRail
LT,h0163,0.43971642,scr1983,mustOut,frtRail
LT,h0164,0.3081425209552586,scr1983,mustOut,frtRail
LT,h0165,0.15194976078086125,scr1983,mustOut,frtRail
LT,h0166,0.05457303760567398,scr1983,mustOut,frtRail
LT,h0167,0.022019422693934546,scr1983,mustOut,frtRail
LT,h0168,0.01295664413269369,scr1983,mustOut,frtRail
LT,h0169,0.004991174441476271,scr1983,mustOut,frtRail
LT,h0170,0.001124582343364059,scr1983,mustOut,frtRail
LT,h0171,0.0,scr1983,mustOut,frtRail
LT,h0172,0.0,scr1983,mustOut,frtRail
LT,h0173,0.00010400137801255494,scr1983,mustOut,frtRail
LT,h0174,0.0009235550108104215,scr1983,mustOut,frtRail
LT,h0175,0.04947256332769487,scr1983,mustOut,frtRail
LT,h0176,0.2614516381921459,scr1983,mustOut,frtRail
LT,h0177,0.38996443915173806,scr1983,mustOut,frtRail
LT,h0178,0.2855953271303958,scr1983,mustOut,frtRail
LT,h0179,0.09233244953886621,scr1983,mustOut,frtRail
LT,h0180,0.05034449510938097,scr1983,mustOut,frtRail
LT,h0181,0.05518162775144532,scr1983,mustOut,frtRail
LT,h0182,0.0703142591896094,scr1983,mustOut,frtRail
LT,h0183,0.07923092104336388,scr1983,mustOut,frtRail
LT,h0184,0.0945163444420669,scr1983,mustOut,frtRail
LT,h0185,0.16473186396390527,scr1983,mustOut,frtRail
LT,h0186,0.3281970244032028,scr1983,mustOut,frtRail
LT,h0187,0.4265226647378644,scr1983,mustOut,frtRail
LT,h0188,0.338048647625099,scr1983,mustOut,frtRail
LT,h0189,0.15194976078086125,scr1983,mustOut,frtRail
LT,h0190,0.05457303760567398,scr1983,mustOut,frtRail
LT,h0191,0.022019422693934546,scr1983,mustOut,frtRail
LT,h0192,0.01295664413269369,scr1983,mustOut,frtRail
LU,h0145,0.004991174441476271,scr1983,mustOut,frtRail
LU,h0146,0.001124582343364059,scr1983,mustOut,frtRail
LU,h0147,0.0,scr1983,mustOut,frtRail
LU,h0148,0.0,scr1983,mustOut,frtRail
LU,h0149,0.0008277996876940328,scr1983,mustOut,frtRail
LU,h0150,0.002902760757288197,scr1983,mustOut,frtRail
LU,h0151,0.0589595954704857,scr1983,mustOut,frtRail
LU,h0152,0.26770254822400014,scr1983,mustOut,frtRail
LU,h0153,0.38996443915173806,scr1983,mustOut,frtRail
LU,h0154,0.2855953271303958,scr1983,mustOut,frtRail
LU,h0155,0.09233244953886621,scr1983,mustOut,frtRail
LU,h0156,0.05034449510938097,scr1983,mustOut,frtRail
LU,h0157,0.10104675924386658,scr1983,mustOut,frtRail
LU,h0158,0.1687394200145734,scr1983,mustOut,frtRail
LU,h0159,0.23230650210312623,scr1983,mustOut,frtRail
LU,h0160,0.2620142078227696,scr1983,mustOut,frtRail
LU,h0161,0.336633131767583,scr1983,mustOut,frtRail
LU,h0162,0.43776030720753084,scr1983,mustOut,frtRail
LU,h0163,0.43971642,scr1983,mustOut,frtRail
LU,h0164,0.3081425209552586,scr1983,mustOut,frtRail
LU,h0165,0.15194976078086125,scr1983,mustOut,frtRail
LU,h0166,0.05457303760567398,scr1983,mustOut,frtRail
LU,h0167,0.022019422693934546,scr1983,mustOut,frtRail
LU,h0168,0.01295664413269369,scr1983,mustOut,frtRail
LU,h0169,0.004991174441476271,scr1983,mustOut,frtRail
LU,h0170,0.001124582343364059,scr1983,mustOut,frtRail
LU,h0171,0.0,scr1983,mustOut,frtRail
LU,h0172,0.0,scr1983,mustOut,frtRail
LU,h0173,0.00010400137801255494,scr1983,mustOut,frtRail
LU,h0174,0.0009235550108104215,scr1983,mustOut,frtRail
LU,h0175,0.04947256332769487,scr1983,mustOut,frtRail
LU,h0176,0.2614516381921459,scr1983,mustOut,frtRail
LU,h0177,0.38996443915173806,scr1983,mustOut,frtRail
LU,h0178,0.2855953271303958,scr1983,mustOut,frtRail
LU,h0179,0.09233244953886621,scr1983,mustOut,frtRail
LU,h0180,0.05034449510938097,scr1983,mustOut,frtRail
LU,h0181,0.05518162775144532,scr1983,mustOut,frtRail
LU,h0182,0.0703142591896094,scr1983,mustOut,frtRail
LU,h0183,0.07923092104336388,scr1983,mustOut,frtRail
LU,h0184,0.0945163444420669,scr1983,mustOut,frtRail
LU,h0185,0.16473186396390527,scr1983,mustOut,frtRail
LU,h0186,0.3281970244032028,scr1983,mustOut,frtRail
LU,h0187,0.4265226647378644,scr1983,mustOut,frtRail
LU,h0188,0.338048647625099,scr1983,mustOut,frtRail
LU,h0189,0.15194976078086125,scr1983,mustOut,frtRail
LU,h0190,0.05457303760567398,scr1983,mustOut,frtRail
LU,h0191,0.022019422693934546,scr1983,mustOut,frtRail
LU,h0192,0.01295664413269369,scr1983,mustOut,frtRail
NO,h0145,0.00499117444147627,scr1983,mustOut,frtRail
NO,h0146,0.0011245823433640584,scr1983,mustOut,frtRail
NO,h0147,0.0,scr1983,mustOut,frtRail
NO,h0148,0.0,scr1983,mustOut,frtRail
NO,h0149,0.000827799687694033,scr1983,mustOut,frtRail
NO,h0150,0.002902760757288196,scr1983,mustOut,frtRail
NO,h0151,0.05895959547048569,scr1983,mustOut,frtRail
NO,h0152,0.267702548224,scr1983,mustOut,frtRail
NO,h0153,0.38996443915173795,scr1983,mustOut,frtRail
NO,h0154,0.28559532713039576,scr1983,mustOut,frtRail
NO,h0155,0.09233244953886621,scr1983,mustOut,frtRail
NO,h0156,0.05034449510938096,scr1983,mustOut,frtRail
NO,h0157,0.10104675924386655,scr1983,mustOut,frtRail
NO,h0158,0.16873942001457345,scr1983,mustOut,frtRail
NO,h0159,0.23230650210312617,scr1983,mustOut,frtRail
NO,h0160,0.2620142078227696,scr1983,mustOut,frtRail
NO,h0161,0.3366331317675829,scr1983,mustOut,frtRail
NO,h0162,0.43776030720753073,scr1983,mustOut,frtRail
NO,h0163,0.43971641999999994,scr1983,mustOut,frtRail
NO,h0164,0.30814252095525857,scr1983,mustOut,frtRail
NO,h0165,0.15194976078086125,scr1983,mustOut,frtRail
NO,h0166,0.05457303760567397,scr1983,mustOut,frtRail
NO,h0167,0.02201942269393454,scr1983,mustOut,frtRail
NO,h0168,0.012956644132693686,scr1983,mustOut,frtRail
NO,h0169,0.00499117444147627,scr1983,mustOut,frtRail
NO,h0170,0.0011245823433640584,scr1983,mustOut,frtRail
NO,h0171,0.0,scr1983,mustOut,frtRail
NO,h0172,0.0,scr1983,mustOut,frtRail
NO,h0173,0.00010400137801255498,scr1983,mustOut,frtRail
NO,h0174,0.0009235550108104212,scr1983,mustOut,frtRail
NO,h0175,0.049472563327694855,scr1983,mustOut,frtRail
NO,h0176,0.2614516381921458,scr1983,mustOut,frtRail
NO,h0177,0.38996443915173795,scr1983,mustOut,frtRail
NO,h0178,0.28559532713039576,scr1983,mustOut,frtRail
NO,h0179,0.09233244953886621,scr1983,mustOut,frtRail
NO,h0180,0.05034449510938096,scr1983,mustOut,frtRail
NO,h0181,0.0551816277514453,scr1983,mustOut,frtRail
NO,h0182,0.07031425918960939,scr1983,mustOut,frtRail
NO,h0183,0.07923092104336386,scr1983,mustOut,frtRail
NO,h0184,0.0945163444420669,scr1983,mustOut,frtRail
NO,h0185,0.1647318639639052,scr1983,mustOut,frtRail
NO,h0186,0.3281970244032027,scr1983,mustOut,frtRail
NO,h0187,0.42652266473786427,scr1983,mustOut,frtRail
NO,h0188,0.3380486476250989,scr1983,mustOut,frtRail
NO,h0189,0.15194976078086125,scr1983,mustOut,frtRail
NO,h0190,0.05457303760567397,scr1983,mustOut,frtRail
NO,h0191,0.02201942269393454,scr1983,mustOut,frtRail
NO,h0192,0.012956644132693686,scr1983,mustOut,frtRail
PL,h0145,0.004991174441476271,scr1983,mustOut,frtRail
PL,h0146,0.001124582343364059,scr1983,mustOut,frtRail
PL,h0147,0.0,scr1983,mustOut,frtRail
PL,h0148,0.0,scr1983,mustOut,frtRail
PL,h0149,0.0008277996876940328,scr1983,mustOut,frtRail
PL,h0150,0.002902760757288197,scr1983,mustOut,frtRail
PL,h0151,0.0589595954704857,scr1983,mustOut,frtRail
PL,h0152,0.26770254822400014,scr1983,mustOut,frtRail
PL,h0153,0.38996443915173806,scr1983,mustOut,frtRail
PL,h0154,0.2855953271303958,scr1983,mustOut,frtRail
PL,h0155,0.09233244953886621,scr1983,mustOut,frtRail
PL,h0156,0.05034449510938097,scr1983,mustOut,frtRail
PL,h0157,0.10104675924386658,scr1983,mustOut,frtRail
PL,h0158,0.1687394200145734,scr1983,mustOut,frtRail
PL,h0159,0.2323065021031261,scr1983,mustOut,frtRail
PL,h0160,0.2620142078227696,scr1983,mustOut,frtRail
PL,h0161,0.3366331317675829,scr1983,mustOut,frtRail
PL,h0162,0.43776030720753084,scr1983,mustOut,frtRail
PL,h0163,0.43971642,scr1983,mustOut,frtRail
PL,h0164,0.3081425209552586,scr1983,mustOut,frtRail
PL,h0165,0.15194976078086125,scr1983,mustOut,frtRail
PL,h0166,0.05457303760567398,scr1983,mustOut,frtRail
PL,h0167,0.022019422693934546,scr1983,mustOut,frtRail
PL,h0168,0.012956644132693693,scr1983,mustOut,frtRail
PL,h0169,0.004991174441476271,scr1983,mustOut,frtRail
PL,h0170,0.001124582343364059,scr1983,mustOut,frtRail
PL,h0171,0.0,scr1983,mustOut,frtRail
PL,h0172,0.0,scr1983,mustOut,frtRail
PL,h0173,0.00010400137801255497,scr1983,mustOut,frtRail
PL,h0174,0.0009235550108104215,scr1983,mustOut,frtRail
PL,h0175,0.04947256332769487,scr1983,mustOut,frtRail
PL,h0176,0.2614516381921459,scr1983,mustOut,frtRail
PL,h0177,0.38996443915173806,scr1983,mustOut,frtRail
PL,h0178,0.2855953271303958,scr1983,mustOut,frtRail
PL,h0179,0.09233244953886621,scr1983,mustOut,frtRail
PL,h0180,0.05034449510938097,scr1983,mustOut,frtRail
PL,h0181,0.05518162775144532,scr1983,mustOut,frtRail
PL,h0182,0.0703142591896094,scr1983,mustOut,frtRail
PL,h0183,0.07923092104336388,scr1983,mustOut,frtRail
PL,h0184,0.0945163444420669,scr1983,mustOut,frtRail
PL,h0185,0.16473186396390527,scr1983,mustOut,frtRail
PL,h0186,0.3281970244032028,scr1983,mustOut,frtRail
PL,h0187,0.4265226647378644,scr1983,mustOut,frtRail
PL,h0188,0.338048647625099,scr1983,mustOut,frtRail
PL,h0189,0.15194976078086125,scr1983,mustOut,frtRail
PL,h0190,0.05457303760567398,scr1983,mustOut,frtRail
PL,h0191,0.022019422693934546,scr1983,mustOut,frtRail
PL,h0192,0.012956644132693693,scr1983,mustOut,frtRail
RO,h0145,0.004991174441476273,scr1983,mustOut,frtRail
RO,h0146,0.0011245823433640595,scr1983,mustOut,frtRail
RO,h0147,0.0,scr1983,mustOut,frtRail
RO,h0148,0.0,scr1983,mustOut,frtRail
RO,h0149,0.000827799687694033,scr1983,mustOut,frtRail
RO,h0150,0.002902760757288197,scr1983,mustOut,frtRail
RO,h0151,0.0589595954704857,scr1983,mustOut,frtRail
RO,h0152,0.2677025482240002,scr1983,mustOut,frtRail
RO,h0153,0.3899644391517381,scr1983,mustOut,frtRail
RO,h0154,0.2855953271303959,scr1983,mustOut,frtRail
RO,h0155,0.09233244953886625,scr1983,mustOut,frtRail
RO,h0156,0.05034449510938098,scr1983,mustOut,frtRail
RO,h0157,0.1010467592438666,scr1983,mustOut,frtRail
RO,h0158,0.16873942001457337,scr1983,mustOut,frtRail
RO,h0159,0.23230650210312612,scr1983,mustOut,frtRail
RO,h0160,0.26201420782276963,scr1983,mustOut,frtRail
RO,h0161,0.3366331317675831,scr1983,mustOut,frtRail
RO,h0162,0.4377603072075309,scr1983,mustOut,frtRail
RO,h0163,0.43971642000000005,scr1983,mustOut,frtRail
RO,h0164,0.3081425209552587,scr1983,mustOut,frtRail
RO,h0165,0.15194976078086128,scr1983,mustOut,frtRail
RO,h0166,0.05457303760567399,scr1983,mustOut,frtRail
RO,h0167,0.022019422693934546,scr1983,mustOut,frtRail
RO,h0168,0.012956644132693694,scr1983,mustOut,frtRail
RO,h0169,0.004991174441476273,scr1983,mustOut,frtRail
RO,h0170,0.0011245823433640595,scr1983,mustOut,frtRail
RO,h0171,0.0,scr1983,mustOut,frtRail
RO,h0172,0.0,scr1983,mustOut,frtRail
RO,h0173,0.00010400137801255496,scr1983,mustOut,frtRail
RO,h0174,0.0009235550108104216,scr1983,mustOut,frtRail
RO,h0175,0.04947256332769487,scr1983,mustOut,frtRail
RO,h0176,0.26145163819214595,scr1983,mustOut,frtRail
RO,h0177,0.3899644391517381,scr1983,mustOut,frtRail
RO,h0178,0.2855953271303959,scr1983,mustOut,frtRail
RO,h0179,0.09233244953886625,scr1983,mustOut,frtRail
RO,h0180,0.05034449510938098,scr1983,mustOut,frtRail
RO,h0181,0.05518162775144533,scr1983,mustOut,frtRail
RO,h0182,0.0703142591896094,scr1983,mustOut,frtRail
RO,h0183,0.07923092104336386,scr1983,mustOut,frtRail
RO,h0184,0.09451634444206691,scr1983,mustOut,frtRail
RO,h0185,0.1647318639639053,scr1983,mustOut,frtRail
RO,h0186,0.3281970244032028,scr1983,mustOut,frtRail
RO,h0187,0.42652266473786443,scr1983,mustOut,frtRail
RO,h0188,0.33804864762509906,scr1983,mustOut,frtRail
RO,h0189,0.15194976078086128,scr1983,mustOut,frtRail
RO,h0190,0.05457303760567399,scr1983,mustOut,frtRail
RO,h0191,0.022019422693934546,scr1983,mustOut,frtRail
RO,h0192,0.012956644132693694,scr1983,mustOut,frtRail
PT,h0145,0.004991174441476271,scr1983,mustOut,frtRail
PT,h0146,0.001124582343364059,scr1983,mustOut,frtRail
PT,h0147,0.0,scr1983,mustOut,frtRail
PT,h0148,0.0,scr1983,mustOut,frtRail
PT,h0149,0.0008277996876940328,scr1983,mustOut,frtRail
PT,h0150,0.002902760757288197,scr1983,mustOut,frtRail
PT,h0151,0.0589595954704857,scr1983,mustOut,frtRail
PT,h0152,0.26770254822400014,scr1983,mustOut,frtRail
PT,h0153,0.38996443915173806,scr1983,mustOut,frtRail
PT,h0154,0.2855953271303958,scr1983,mustOut,frtRail
PT,h0155,0.09233244953886621,scr1983,mustOut,frtRail
PT,h0156,0.05034449510938097,scr1983,mustOut,frtRail
PT,h0157,0.10104675924386658,scr1983,mustOut,frtRail
PT,h0158,0.1687394200145734,scr1983,mustOut,frtRail
PT,h0159,0.23230650210312623,scr1983,mustOut,frtRail
PT,h0160,0.2620142078227696,scr1983,mustOut,frtRail
PT,h0161,0.336633131767583,scr1983,mustOut,frtRail
PT,h0162,0.43776030720753084,scr1983,mustOut,frtRail
PT,h0163,0.43971642,scr1983,mustOut,frtRail
PT,h0164,0.3081425209552586,scr1983,mustOut,frtRail
PT,h0165,0.15194976078086125,scr1983,mustOut,frtRail
PT,h0166,0.05457303760567398,scr1983,mustOut,frtRail
PT,h0167,0.022019422693934546,scr1983,mustOut,frtRail
PT,h0168,0.01295664413269369,scr1983,mustOut,frtRail
PT,h0169,0.004991174441476271,scr1983,mustOut,frtRail
PT,h0170,0.001124582343364059,scr1983,mustOut,frtRail
PT,h0171,0.0,scr1983,mustOut,frtRail
PT,h0172,0.0,scr1983,mustOut,frtRail
PT,h0173,0.00010400137801255494,scr1983,mustOut,frtRail
PT,h0174,0.0009235550108104215,scr1983,mustOut,frtRail
PT,h0175,0.04947256332769487,scr1983,mustOut,frtRail
PT,h0176,0.2614516381921459,scr1983,mustOut,frtRail
PT,h0177,0.38996443915173806,scr1983,mustOut,frtRail
PT,h0178,0.2855953271303958,scr1983,mustOut,frtRail
PT,h0179,0.09233244953886621,scr1983,mustOut,frtRail
PT,h0180,0.05034449510938097,scr1983,mustOut,frtRail
PT,h0181,0.05518162775144532,scr1983,mustOut,frtRail
PT,h0182,0.0703142591896094,scr1983,mustOut,frtRail
PT,h0183,0.07923092104336388,scr1983,mustOut,frtRail
PT,h0184,0.0945163444420669,scr1983,mustOut,frtRail
PT,h0185,0.16473186396390527,scr1983,mustOut,frtRail
PT,h0186,0.3281970244032028,scr1983,mustOut,frtRail
PT,h0187,0.4265226647378644,scr1983,mustOut,frtRail
PT,h0188,0.338048647625099,scr1983,mustOut,frtRail
PT,h0189,0.15194976078086125,scr1983,mustOut,frtRail
PT,h0190,0.05457303760567398,scr1983,mustOut,frtRail
PT,h0191,0.022019422693934546,scr1983,mustOut,frtRail
PT,h0192,0.01295664413269369,scr1983,mustOut,frtRail
SK,h0145,0.004991174441476271,scr1983,mustOut,frtRail
SK,h0146,0.001124582343364059,scr1983,mustOut,frtRail
SK,h0147,0.0,scr1983,mustOut,frtRail
SK,h0148,0.0,scr1983,mustOut,frtRail
SK,h0149,0.0008277996876940328,scr1983,mustOut,frtRail
SK,h0150,0.002902760757288197,scr1983,mustOut,frtRail
SK,h0151,0.0589595954704857,scr1983,mustOut,frtRail
SK,h0152,0.26770254822400014,scr1983,mustOut,frtRail
SK,h0153,0.38996443915173806,scr1983,mustOut,frtRail
SK,h0154,0.2855953271303958,scr1983,mustOut,frtRail
SK,h0155,0.09233244953886621,scr1983,mustOut,frtRail
SK,h0156,0.05034449510938097,scr1983,mustOut,frtRail
SK,h0157,0.10104675924386658,scr1983,mustOut,frtRail
SK,h0158,0.1687394200145734,scr1983,mustOut,frtRail
SK,h0159,0.23230650210312623,scr1983,mustOut,frtRail
SK,h0160,0.2620142078227696,scr1983,mustOut,frtRail
SK,h0161,0.336633131767583,scr1983,mustOut,frtRail
SK,h0162,0.43776030720753084,scr1983,mustOut,frtRail
SK,h0163,0.43971642,scr1983,mustOut,frtRail
SK,h0164,0.3081425209552586,scr1983,mustOut,frtRail
SK,h0165,0.15194976078086125,scr1983,mustOut,frtRail
SK,h0166,0.05457303760567398,scr1983,mustOut,frtRail
SK,h0167,0.022019422693934546,scr1983,mustOut,frtRail
SK,h0168,0.01295664413269369,scr1983,mustOut,frtRail
SK,h0169,0.004991174441476271,scr1983,mustOut,frtRail
SK,h0170,0.001124582343364059,scr1983,mustOut,frtRail
SK,h0171,0.0,scr1983,mustOut,frtRail
SK,h0172,0.0,scr1983,mustOut,frtRail
SK,h0173,0.00010400137801255494,scr1983,mustOut,frtRail
SK,h0174,0.0009235550108104215,scr1983,mustOut,frtRail
SK,h0175,0.04947256332769487,scr1983,mustOut,frtRail
SK,h0176,0.2614516381921459,scr1983,mustOut,frtRail
SK,h0177,0.38996443915173806,scr1983,mustOut,frtRail
SK,h0178,0.2855953271303958,scr1983,mustOut,frtRail
SK,h0179,0.09233244953886621,scr1983,mustOut,frtRail
SK,h0180,0.05034449510938097,scr1983,mustOut,frtRail
SK,h0181,0.05518162775144532,scr1983,mustOut,frtRail
SK,h0182,0.0703142591896094,scr1983,mustOut,frtRail
SK,h0183,0.07923092104336388,scr1983,mustOut,frtRail
SK,h0184,0.0945163444420669,scr1983,mustOut,frtRail
SK,h0185,0.16473186396390527,scr1983,mustOut,frtRail
SK,h0186,0.3281970244032028,scr1983,mustOut,frtRail
SK,h0187,0.4265226647378644,scr1983,mustOut,frtRail
SK,h0188,0.338048647625099,scr1983,mustOut,frtRail
SK,h0189,0.15194976078086125,scr1983,mustOut,frtRail
SK,h0190,0.05457303760567398,scr1983,mustOut,frtRail
SK,h0191,0.022019422693934546,scr1983,mustOut,frtRail
SK,h0192,0.01295664413269369,scr1983,mustOut,frtRail
SI,h0145,0.004991174441476271,scr1983,mustOut,frtRail
SI,h0146,0.001124582343364059,scr1983,mustOut,frtRail
SI,h0147,0.0,scr1983,mustOut,frtRail
SI,h0148,0.0,scr1983,mustOut,frtRail
SI,h0149,0.0008277996876940328,scr1983,mustOut,frtRail
SI,h0150,0.002902760757288197,scr1983,mustOut,frtRail
SI,h0151,0.0589595954704857,scr1983,mustOut,frtRail
SI,h0152,0.26770254822400014,scr1983,mustOut,frtRail
SI,h0153,0.38996443915173806,scr1983,mustOut,frtRail
SI,h0154,0.2855953271303958,scr1983,mustOut,frtRail
SI,h0155,0.09233244953886621,scr1983,mustOut,frtRail
SI,h0156,0.05034449510938097,scr1983,mustOut,frtRail
SI,h0157,0.10104675924386658,scr1983,mustOut,frtRail
SI,h0158,0.1687394200145734,scr1983,mustOut,frtRail
SI,h0159,0.23230650210312623,scr1983,mustOut,frtRail
SI,h0160,0.2620142078227696,scr1983,mustOut,frtRail
SI,h0161,0.336633131767583,scr1983,mustOut,frtRail
SI,h0162,0.43776030720753084,scr1983,mustOut,frtRail
SI,h0163,0.43971642,scr1983,mustOut,frtRail
SI,h0164,0.3081425209552586,scr1983,mustOut,frtRail
SI,h0165,0.15194976078086125,scr1983,mustOut,frtRail
SI,h0166,0.05457303760567398,scr1983,mustOut,frtRail
SI,h0167,0.022019422693934546,scr1983,mustOut,frtRail
SI,h0168,0.01295664413269369,scr1983,mustOut,frtRail
SI,h0169,0.004991174441476271,scr1983,mustOut,frtRail
SI,h0170,0.001124582343364059,scr1983,mustOut,frtRail
SI,h0171,0.0,scr1983,mustOut,frtRail
SI,h0172,0.0,scr1983,mustOut,frtRail
SI,h0173,0.00010400137801255494,scr1983,mustOut,frtRail
SI,h0174,0.0009235550108104215,scr1983,mustOut,frtRail
SI,h0175,0.04947256332769487,scr1983,mustOut,frtRail
SI,h0176,0.2614516381921459,scr1983,mustOut,frtRail
SI,h0177,0.38996443915173806,scr1983,mustOut,frtRail
SI,h0178,0.2855953271303958,scr1983,mustOut,frtRail
SI,h0179,0.09233244953886621,scr1983,mustOut,frtRail
SI,h0180,0.05034449510938097,scr1983,mustOut,frtRail
SI,h0181,0.05518162775144532,scr1983,mustOut,frtRail
SI,h0182,0.0703142591896094,scr1983,mustOut,frtRail
SI,h0183,0.07923092104336388,scr1983,mustOut,frtRail
SI,h0184,0.0945163444420669,scr1983,mustOut,frtRail
SI,h0185,0.16473186396390527,scr1983,mustOut,frtRail
SI,h0186,0.3281970244032028,scr1983,mustOut,frtRail
SI,h0187,0.4265226647378644,scr1983,mustOut,frtRail
SI,h0188,0.338048647625099,scr1983,mustOut,frtRail
SI,h0189,0.15194976078086125,scr1983,mustOut,frtRail
SI,h0190,0.05457303760567398,scr1983,mustOut,frtRail
SI,h0191,0.022019422693934546,scr1983,mustOut,frtRail
SI,h0192,0.01295664413269369,scr1983,mustOut,frtRail
SE,h0145,0.004991174441476271,scr1983,mustOut,frtRail
SE,h0146,0.001124582343364059,scr1983,mustOut,frtRail
SE,h0147,0.0,scr1983,mustOut,frtRail
SE,h0148,0.0,scr1983,mustOut,frtRail
SE,h0149,0.0008277996876940328,scr1983,mustOut,frtRail
SE,h0150,0.002902760757288197,scr1983,mustOut,frtRail
SE,h0151,0.0589595954704857,scr1983,mustOut,frtRail
SE,h0152,0.26770254822400014,scr1983,mustOut,frtRail
SE,h0153,0.38996443915173806,scr1983,mustOut,frtRail
SE,h0154,0.2855953271303958,scr1983,mustOut,frtRail
SE,h0155,0.09233244953886621,scr1983,mustOut,frtRail
SE,h0156,0.05034449510938097,scr1983,mustOut,frtRail
SE,h0157,0.10104675924386658,scr1983,mustOut,frtRail
SE,h0158,0.1687394200145734,scr1983,mustOut,frtRail
SE,h0159,0.23230650210312623,scr1983,mustOut,frtRail
SE,h0160,0.2620142078227696,scr1983,mustOut,frtRail
SE,h0161,0.336633131767583,scr1983,mustOut,frtRail
SE,h0162,0.43776030720753084,scr1983,mustOut,frtRail
SE,h0163,0.43971642,scr1983,mustOut,frtRail
SE,h0164,0.3081425209552586,scr1983,mustOut,frtRail
SE,h0165,0.15194976078086125,scr1983,mustOut,frtRail
SE,h0166,0.05457303760567398,scr1983,mustOut,frtRail
SE,h0167,0.022019422693934546,scr1983,mustOut,frtRail
SE,h0168,0.01295664413269369,scr1983,mustOut,frtRail
SE,h0169,0.004991174441476271,scr1983,mustOut,frtRail
SE,h0170,0.001124582343364059,scr1983,mustOut,frtRail
SE,h0171,0.0,scr1983,mustOut,frtRail
SE,h0172,0.0,scr1983,mustOut,frtRail
SE,h0173,0.00010400137801255494,scr1983,mustOut,frtRail
SE,h0174,0.0009235550108104215,scr1983,mustOut,frtRail
SE,h0175,0.04947256332769487,scr1983,mustOut,frtRail
SE,h0176,0.2614516381921459,scr1983,mustOut,frtRail
SE,h0177,0.38996443915173806,scr1983,mustOut,frtRail
SE,h0178,0.2855953271303958,scr1983,mustOut,frtRail
SE,h0179,0.09233244953886621,scr1983,mustOut,frtRail
SE,h0180,0.05034449510938097,scr1983,mustOut,frtRail
SE,h0181,0.05518162775144532,scr1983,mustOut,frtRail
SE,h0182,0.0703142591896094,scr1983,mustOut,frtRail
SE,h0183,0.07923092104336388,scr1983,mustOut,frtRail
SE,h0184,0.0945163444420669,scr1983,mustOut,frtRail
SE,h0185,0.16473186396390527,scr1983,mustOut,frtRail
SE,h0186,0.3281970244032028,scr1983,mustOut,frtRail
SE,h0187,0.4265226647378644,scr1983,mustOut,frtRail
SE,h0188,0.338048647625099,scr1983,mustOut,frtRail
SE,h0189,0.15194976078086125,scr1983,mustOut,frtRail
SE,h0190,0.05457303760567398,scr1983,mustOut,frtRail
SE,h0191,0.022019422693934546,scr1983,mustOut,frtRail
SE,h0192,0.01295664413269369,scr1983,mustOut,frtRail
UK,h0145,0.00499117444147627,scr1983,mustOut,frtRail
UK,h0146,0.0011245823433640584,scr1983,mustOut,frtRail
UK,h0147,0.0,scr1983,mustOut,frtRail
UK,h0148,0.0,scr1983,mustOut,frtRail
UK,h0149,0.000827799687694033,scr1983,mustOut,frtRail
UK,h0150,0.002902760757288196,scr1983,mustOut,frtRail
UK,h0151,0.05895959547048569,scr1983,mustOut,frtRail
UK,h0152,0.267702548224,scr1983,mustOut,frtRail
UK,h0153,0.38996443915173795,scr1983,mustOut,frtRail
UK,h0154,0.28559532713039576,scr1983,mustOut,frtRail
UK,h0155,0.09233244953886618,scr1983,mustOut,frtRail
UK,h0156,0.05034449510938096,scr1983,mustOut,frtRail
UK,h0157,0.10104675924386655,scr1983,mustOut,frtRail
UK,h0158,0.16873942001457345,scr1983,mustOut,frtRail
UK,h0159,0.23230650210312617,scr1983,mustOut,frtRail
UK,h0160,0.2620142078227696,scr1983,mustOut,frtRail
UK,h0161,0.3366331317675829,scr1983,mustOut,frtRail
UK,h0162,0.43776030720753073,scr1983,mustOut,frtRail
UK,h0163,0.43971641999999994,scr1983,mustOut,frtRail
UK,h0164,0.30814252095525857,scr1983,mustOut,frtRail
UK,h0165,0.15194976078086125,scr1983,mustOut,frtRail
UK,h0166,0.05457303760567397,scr1983,mustOut,frtRail
UK,h0167,0.02201942269393454,scr1983,mustOut,frtRail
UK,h0168,0.012956644132693686,scr1983,mustOut,frtRail
UK,h0169,0.00499117444147627,scr1983,mustOut,frtRail
UK,h0170,0.0011245823433640584,scr1983,mustOut,frtRail
UK,h0171,0.0,scr1983,mustOut,frtRail
UK,h0172,0.0,scr1983,mustOut,frtRail
UK,h0173,0.00010400137801255494,scr1983,mustOut,frtRail
UK,h0174,0.0009235550108104212,scr1983,mustOut,frtRail
UK,h0175,0.049472563327694855,scr1983,mustOut,frtRail
UK,h0176,0.2614516381921458,scr1983,mustOut,frtRail
UK,h0177,0.38996443915173795,scr1983,mustOut,frtRail
UK,h0178,0.28559532713039576,scr1983,mustOut,frtRail
UK,h0179,0.09233244953886618,scr1983,mustOut,frtRail
UK,h0180,0.05034449510938096,scr1983,mustOut,frtRail
UK,h0181,0.0551816277514453,scr1983,mustOut,frtRail
UK,h0182,0.07031425918960939,scr1983,mustOut,frtRail
UK,h0183,0.07923092104336386,scr1983,mustOut,frtRail
UK,h0184,0.0945163444420669,scr1983,mustOut,frtRail
UK,h0185,0.1647318639639052,scr1983,mustOut,frtRail
UK,h0186,0.3281970244032028,scr1983,mustOut,frtRail
UK,h0187,0.4265226647378643,scr1983,mustOut,frtRail
UK,h0188,0.338048647625099,scr1983,mustOut,frtRail
UK,h0189,0.15194976078086125,scr1983,mustOut,frtRail
UK,h0190,0.05457303760567397,scr1983,mustOut,frtRail
UK,h0191,0.02201942269393454,scr1983,mustOut,frtRail
UK,h0192,0.012956644132693686,scr1983,mustOut,frtRail
RS,h0145,0.004991174441476271,scr1983,mustOut,frtRail
RS,h0146,0.001124582343364059,scr1983,mustOut,frtRail
RS,h0147,0.0,scr1983,mustOut,frtRail
RS,h0148,0.0,scr1983,mustOut,frtRail
RS,h0149,0.0008277996876940328,scr1983,mustOut,frtRail
RS,h0150,0.002902760757288197,scr1983,mustOut,frtRail
RS,h0151,0.0589595954704857,scr1983,mustOut,frtRail
RS,h0152,0.26770254822400014,scr1983,mustOut,frtRail
RS,h0153,0.38996443915173806,scr1983,mustOut,frtRail
RS,h0154,0.2855953271303958,scr1983,mustOut,frtRail
RS,h0155,0.09233244953886621,scr1983,mustOut,frtRail
RS,h0156,0.05034449510938097,scr1983,mustOut,frtRail
RS,h0157,0.10104675924386658,scr1983,mustOut,frtRail
RS,h0158,0.1687394200145734,scr1983,mustOut,frtRail
RS,h0159,0.23230650210312623,scr1983,mustOut,frtRail
RS,h0160,0.2620142078227696,scr1983,mustOut,frtRail
RS,h0161,0.336633131767583,scr1983,mustOut,frtRail
RS,h0162,0.43776030720753084,scr1983,mustOut,frtRail
RS,h0163,0.43971642,scr1983,mustOut,frtRail
RS,h0164,0.3081425209552586,scr1983,mustOut,frtRail
RS,h0165,0.15194976078086125,scr1983,mustOut,frtRail
RS,h0166,0.05457303760567398,scr1983,mustOut,frtRail
RS,h0167,0.022019422693934546,scr1983,mustOut,frtRail
RS,h0168,0.01295664413269369,scr1983,mustOut,frtRail
RS,h0169,0.004991174441476271,scr1983,mustOut,frtRail
RS,h0170,0.001124582343364059,scr1983,mustOut,frtRail
RS,h0171,0.0,scr1983,mustOut,frtRail
RS,h0172,0.0,scr1983,mustOut,frtRail
RS,h0173,0.00010400137801255494,scr1983,mustOut,frtRail
RS,h0174,0.0009235550108104215,scr1983,mustOut,frtRail
RS,h0175,0.04947256332769487,scr1983,mustOut,frtRail
RS,h0176,0.2614516381921459,scr1983,mustOut,frtRail
RS,h0177,0.38996443915173806,scr1983,mustOut,frtRail
RS,h0178,0.2855953271303958,scr1983,mustOut,frtRail
RS,h0179,0.09233244953886621,scr1983,mustOut,frtRail
RS,h0180,0.05034449510938097,scr1983,mustOut,frtRail
RS,h0181,0.05518162775144532,scr1983,mustOut,frtRail
RS,h0182,0.0703142591896094,scr1983,mustOut,frtRail
RS,h0183,0.07923092104336388,scr1983,mustOut,frtRail
RS,h0184,0.0945163444420669,scr1983,mustOut,frtRail
RS,h0185,0.16473186396390527,scr1983,mustOut,frtRail
RS,h0186,0.3281970244032028,scr1983,mustOut,frtRail
RS,h0187,0.4265226647378644,scr1983,mustOut,frtRail
RS,h0188,0.338048647625099,scr1983,mustOut,frtRail
RS,h0189,0.15194976078086125,scr1983,mustOut,frtRail
RS,h0190,0.05457303760567398,scr1983,mustOut,frtRail
RS,h0191,0.022019422693934546,scr1983,mustOut,frtRail
RS,h0192,0.01295664413269369,scr1983,mustOut,frtRail
BA,h0145,0.004991174441476271,scr1983,mustOut,frtRail
BA,h0146,0.001124582343364059,scr1983,mustOut,frtRail
BA,h0147,0.0,scr1983,mustOut,frtRail
BA,h0148,0.0,scr1983,mustOut,frtRail
BA,h0149,0.0008277996876940328,scr1983,mustOut,frtRail
BA,h0150,0.002902760757288197,scr1983,mustOut,frtRail
BA,h0151,0.0589595954704857,scr1983,mustOut,frtRail
BA,h0152,0.26770254822400014,scr1983,mustOut,frtRail
BA,h0153,0.38996443915173806,scr1983,mustOut,frtRail
BA,h0154,0.2855953271303958,scr1983,mustOut,frtRail
BA,h0155,0.09233244953886621,scr1983,mustOut,frtRail
BA,h0156,0.05034449510938097,scr1983,mustOut,frtRail
BA,h0157,0.10104675924386658,scr1983,mustOut,frtRail
BA,h0158,0.1687394200145734,scr1983,mustOut,frtRail
BA,h0159,0.23230650210312623,scr1983,mustOut,frtRail
BA,h0160,0.2620142078227696,scr1983,mustOut,frtRail
BA,h0161,0.336633131767583,scr1983,mustOut,frtRail
BA,h0162,0.43776030720753084,scr1983,mustOut,frtRail
BA,h0163,0.43971642,scr1983,mustOut,frtRail
BA,h0164,0.3081425209552586,scr1983,mustOut,frtRail
BA,h0165,0.15194976078086125,scr1983,mustOut,frtRail
BA,h0166,0.05457303760567398,scr1983,mustOut,frtRail
BA,h0167,0.022019422693934546,scr1983,mustOut,frtRail
BA,h0168,0.01295664413269369,scr1983,mustOut,frtRail
BA,h0169,0.004991174441476271,scr1983,mustOut,frtRail
BA,h0170,0.001124582343364059,scr1983,mustOut,frtRail
BA,h0171,0.0,scr1983,mustOut,frtRail
BA,h0172,0.0,scr1983,mustOut,frtRail
BA,h0173,0.00010400137801255494,scr1983,mustOut,frtRail
BA,h0174,0.0009235550108104215,scr1983,mustOut,frtRail
BA,h0175,0.04947256332769487,scr1983,mustOut,frtRail
BA,h0176,0.2614516381921459,scr1983,mustOut,frtRail
BA,h0177,0.38996443915173806,scr1983,mustOut,frtRail
BA,h0178,0.2855953271303958,scr1983,mustOut,frtRail
BA,h0179,0.09233244953886621,scr1983,mustOut,frtRail
BA,h0180,0.05034449510938097,scr1983,mustOut,frtRail
BA,h0181,0.05518162775144532,scr1983,mustOut,frtRail
BA,h0182,0.0703142591896094,scr1983,mustOut,frtRail
BA,h0183,0.07923092104336388,scr1983,mustOut,frtRail
BA,h0184,0.0945163444420669,scr1983,mustOut,frtRail
BA,h0185,0.16473186396390527,scr1983,mustOut,frtRail
BA,h0186,0.3281970244032028,scr1983,mustOut,frtRail
BA,h0187,0.4265226647378644,scr1983,mustOut,frtRail
BA,h0188,0.338048647625099,scr1983,mustOut,frtRail
BA,h0189,0.15194976078086125,scr1983,mustOut,frtRail
BA,h0190,0.05457303760567398,scr1983,mustOut,frtRail
BA,h0191,0.022019422693934546,scr1983,mustOut,frtRail
BA,h0192,0.01295664413269369,scr1983,mustOut,frtRail
AL,h0145,0.004991174441476271,scr1983,mustOut,frtRail
AL,h0146,0.001124582343364059,scr1983,mustOut,frtRail
AL,h0147,0.0,scr1983,mustOut,frtRail
AL,h0148,0.0,scr1983,mustOut,frtRail
AL,h0149,0.0008277996876940328,scr1983,mustOut,frtRail
AL,h0150,0.002902760757288197,scr1983,mustOut,frtRail
AL,h0151,0.0589595954704857,scr1983,mustOut,frtRail
AL,h0152,0.26770254822400014,scr1983,mustOut,frtRail
AL,h0153,0.38996443915173806,scr1983,mustOut,frtRail
AL,h0154,0.2855953271303958,scr1983,mustOut,frtRail
AL,h0155,0.09233244953886621,scr1983,mustOut,frtRail
AL,h0156,0.05034449510938097,scr1983,mustOut,frtRail
AL,h0157,0.10104675924386658,scr1983,mustOut,frtRail
AL,h0158,0.1687394200145734,scr1983,mustOut,frtRail
AL,h0159,0.23230650210312623,scr1983,mustOut,frtRail
AL,h0160,0.2620142078227696,scr1983,mustOut,frtRail
AL,h0161,0.336633131767583,scr1983,mustOut,frtRail
AL,h0162,0.43776030720753084,scr1983,mustOut,frtRail
AL,h0163,0.43971642,scr1983,mustOut,frtRail
AL,h0164,0.3081425209552586,scr1983,mustOut,frtRail
AL,h0165,0.15194976078086125,scr1983,mustOut,frtRail
AL,h0166,0.05457303760567398,scr1983,mustOut,frtRail
AL,h0167,0.022019422693934546,scr1983,mustOut,frtRail
AL,h0168,0.01295664413269369,scr1983,mustOut,frtRail
AL,h0169,0.004991174441476271,scr1983,mustOut,frtRail
AL,h0170,0.001124582343364059,scr1983,mustOut,frtRail
AL,h0171,0.0,scr1983,mustOut,frtRail
AL,h0172,0.0,scr1983,mustOut,frtRail
AL,h0173,0.00010400137801255494,scr1983,mustOut,frtRail
AL,h0174,0.0009235550108104215,scr1983,mustOut,frtRail
AL,h0175,0.04947256332769487,scr1983,mustOut,frtRail
AL,h0176,0.2614516381921459,scr1983,mustOut,frtRail
AL,h0177,0.38996443915173806,scr1983,mustOut,frtRail
AL,h0178,0.2855953271303958,scr1983,mustOut,frtRail
AL,h0179,0.09233244953886621,scr1983,mustOut,frtRail
AL,h0180,0.05034449510938097,scr1983,mustOut,frtRail
AL,h0181,0.05518162775144532,scr1983,mustOut,frtRail
AL,h0182,0.0703142591896094,scr1983,mustOut,frtRail
AL,h0183,0.07923092104336388,scr1983,mustOut,frtRail
AL,h0184,0.0945163444420669,scr1983,mustOut,frtRail
AL,h0185,0.16473186396390527,scr1983,mustOut,frtRail
AL,h0186,0.3281970244032028,scr1983,mustOut,frtRail
AL,h0187,0.4265226647378644,scr1983,mustOut,frtRail
AL,h0188,0.338048647625099,scr1983,mustOut,frtRail
AL,h0189,0.15194976078086125,scr1983,mustOut,frtRail
AL,h0190,0.05457303760567398,scr1983,mustOut,frtRail
AL,h0191,0.022019422693934546,scr1983,mustOut,frtRail
AL,h0192,0.01295664413269369,scr1983,mustOut,frtRail
