region_3,timestep_6,value,scenario_1,parameter,technology_2
al,h0001,0.0,scr2013,avaConv,offshore
al,h0002,0.0,scr2013,avaConv,offshore
al,h0003,0.0,scr2013,avaConv,offshore
al,h0004,0.00014216482316371418,scr2013,avaConv,offshore
al,h0005,0.00014216482316371418,scr2013,avaConv,offshore
al,h0006,0.0,scr2013,avaConv,offshore
al,h0007,0.18698921385736061,scr2013,avaConv,offshore
al,h0008,0.3509741880219599,scr2013,avaConv,offshore
al,h0009,0.5062740683545166,scr2013,avaConv,offshore
al,h0010,0.47768072536122136,scr2013,avaConv,offshore
al,h0011,0.4444940366132755,scr2013,avaConv,offshore
al,h0012,0.42546962794377413,scr2013,avaConv,offshore
al,h0013,0.5862683706963266,scr2013,avaConv,offshore
al,h0014,0.7714674918096208,scr2013,avaConv,offshore
al,h0015,0.9499938061496827,scr2013,avaConv,offshore
al,h0016,0.9499953527430526,scr2013,avaConv,offshore
al,h0017,0.9499973353153781,scr2013,avaConv,offshore
al,h0018,0.9499947625067185,scr2013,avaConv,offshore
al,h0019,0.8947668031775087,scr2013,avaConv,offshore
al,h0020,0.8141940121703937,scr2013,avaConv,offshore
al,h0021,0.7287057996260693,scr2013,avaConv,offshore
al,h0022,0.6709458756658435,scr2013,avaConv,offshore
al,h0023,0.6449332612676681,scr2013,avaConv,offshore
al,h0024,0.5738326444285886,scr2013,avaConv,offshore
al,h0025,0.6857255541328016,scr2013,avaConv,offshore
al,h0026,0.792218194102304,scr2013,avaConv,offshore
al,h0027,0.9484435717937292,scr2013,avaConv,offshore
al,h0028,0.949798834309209,scr2013,avaConv,offshore
al,h0029,0.9499802444279798,scr2013,avaConv,offshore
al,h0030,0.94999202712706,scr2013,avaConv,offshore
al,h0031,0.9086506627656438,scr2013,avaConv,offshore
al,h0032,0.9003625348857818,scr2013,avaConv,offshore
al,h0033,0.899504065146102,scr2013,avaConv,offshore
al,h0034,0.9396088353446704,scr2013,avaConv,offshore
al,h0035,0.9473901565427209,scr2013,avaConv,offshore
al,h0036,0.9472299842116921,scr2013,avaConv,offshore
al,h0037,0.9484783864463285,scr2013,avaConv,offshore
al,h0038,0.9489817237283602,scr2013,avaConv,offshore
al,h0039,0.9499999021019631,scr2013,avaConv,offshore
al,h0040,0.95,scr2013,avaConv,offshore
al,h0041,0.95,scr2013,avaConv,offshore
al,h0042,0.95,scr2013,avaConv,offshore
al,h0043,0.9287676705783595,scr2013,avaConv,offshore
al,h0044,0.9244944864341234,scr2013,avaConv,offshore
al,h0045,0.9238172360940673,scr2013,avaConv,offshore
al,h0046,0.9448660666224247,scr2013,avaConv,offshore
al,h0047,0.9491147013939348,scr2013,avaConv,offshore
al,h0048,0.9497864617774118,scr2013,avaConv,offshore
ba,h0001,0.0,scr2013,avaConv,offshore
ba,h0002,0.0,scr2013,avaConv,offshore
ba,h0003,0.0,scr2013,avaConv,offshore
ba,h0004,0.0,scr2013,avaConv,offshore
ba,h0005,0.0,scr2013,avaConv,offshore
ba,h0006,0.0007962742779826519,scr2013,avaConv,offshore
ba,h0007,0.0032625247017394666,scr2013,avaConv,offshore
ba,h0008,0.01045018396238123,scr2013,avaConv,offshore
ba,h0009,0.01286199757022808,scr2013,avaConv,offshore
ba,h0010,0.01647700293202323,scr2013,avaConv,offshore
ba,h0011,0.013245945102421816,scr2013,avaConv,offshore
ba,h0012,0.01668029206976012,scr2013,avaConv,offshore
ba,h0013,0.08524238873618595,scr2013,avaConv,offshore
ba,h0014,0.15941833971177352,scr2013,avaConv,offshore
ba,h0015,0.24205337692516873,scr2013,avaConv,offshore
ba,h0016,0.28463780400679556,scr2013,avaConv,offshore
ba,h0017,0.3246205140052175,scr2013,avaConv,offshore
ba,h0018,0.3061759998728324,scr2013,avaConv,offshore
ba,h0019,0.3484908568491902,scr2013,avaConv,offshore
ba,h0020,0.36705134037961296,scr2013,avaConv,offshore
ba,h0021,0.4113974036139431,scr2013,avaConv,offshore
ba,h0022,0.34042970203310724,scr2013,avaConv,offshore
ba,h0023,0.2382579125527571,scr2013,avaConv,offshore
ba,h0024,0.14498335150200015,scr2013,avaConv,offshore
ba,h0025,0.33256169193152985,scr2013,avaConv,offshore
ba,h0026,0.5777159721847033,scr2013,avaConv,offshore
ba,h0027,0.8608438617222112,scr2013,avaConv,offshore
ba,h0028,0.8945503105742647,scr2013,avaConv,offshore
ba,h0029,0.9313737863891104,scr2013,avaConv,offshore
ba,h0030,0.947023921709994,scr2013,avaConv,offshore
ba,h0031,0.875069545486468,scr2013,avaConv,offshore
ba,h0032,0.8096906915218045,scr2013,avaConv,offshore
ba,h0033,0.7488265746540389,scr2013,avaConv,offshore
ba,h0034,0.763463957649481,scr2013,avaConv,offshore
ba,h0035,0.7983311056625887,scr2013,avaConv,offshore
ba,h0036,0.8530999141007104,scr2013,avaConv,offshore
ba,h0037,0.9124884314935222,scr2013,avaConv,offshore
ba,h0038,0.9429277493723028,scr2013,avaConv,offshore
ba,h0039,0.9483863128235043,scr2013,avaConv,offshore
ba,h0040,0.947205572945309,scr2013,avaConv,offshore
ba,h0041,0.9476010105328461,scr2013,avaConv,offshore
ba,h0042,0.9484613892285427,scr2013,avaConv,offshore
ba,h0043,0.8298449590815993,scr2013,avaConv,offshore
ba,h0044,0.7613019536635475,scr2013,avaConv,offshore
ba,h0045,0.7220188723457583,scr2013,avaConv,offshore
ba,h0046,0.8102463685647899,scr2013,avaConv,offshore
ba,h0047,0.8771870172121019,scr2013,avaConv,offshore
ba,h0048,0.9166011122006886,scr2013,avaConv,offshore
be,h0001,0.9295752121860041,scr2013,avaConv,offshore
be,h0002,0.930952904077033,scr2013,avaConv,offshore
be,h0003,0.9203210886871068,scr2013,avaConv,offshore
be,h0004,0.8638460016929812,scr2013,avaConv,offshore
be,h0005,0.7208856675862604,scr2013,avaConv,offshore
be,h0006,0.5695434415748557,scr2013,avaConv,offshore
be,h0007,0.5403466778476284,scr2013,avaConv,offshore
be,h0008,0.532453637660539,scr2013,avaConv,offshore
be,h0009,0.5015194167133343,scr2013,avaConv,offshore
be,h0010,0.37292239186741954,scr2013,avaConv,offshore
be,h0011,0.3129763982526125,scr2013,avaConv,offshore
be,h0012,0.27405294180891776,scr2013,avaConv,offshore
be,h0013,0.26081426870496643,scr2013,avaConv,offshore
be,h0014,0.25119320164554176,scr2013,avaConv,offshore
be,h0015,0.2692147791206865,scr2013,avaConv,offshore
be,h0016,0.3083209490079652,scr2013,avaConv,offshore
be,h0017,0.31595248677595456,scr2013,avaConv,offshore
be,h0018,0.3230656191292718,scr2013,avaConv,offshore
be,h0019,0.20040213445058253,scr2013,avaConv,offshore
be,h0020,0.10315479018587209,scr2013,avaConv,offshore
be,h0021,0.007590128314641011,scr2013,avaConv,offshore
be,h0022,0.014596317583671168,scr2013,avaConv,offshore
be,h0023,0.020303412225164144,scr2013,avaConv,offshore
be,h0024,0.040273548258684254,scr2013,avaConv,offshore
be,h0025,0.039545284094514487,scr2013,avaConv,offshore
be,h0026,0.03395400606229137,scr2013,avaConv,offshore
be,h0027,0.010953875103522664,scr2013,avaConv,offshore
be,h0028,0.004192117844399432,scr2013,avaConv,offshore
be,h0029,0.002151757542171912,scr2013,avaConv,offshore
be,h0030,0.0009521486507910926,scr2013,avaConv,offshore
be,h0031,0.0032720266391971756,scr2013,avaConv,offshore
be,h0032,0.007275068747589071,scr2013,avaConv,offshore
be,h0033,0.012838654478013177,scr2013,avaConv,offshore
be,h0034,0.019727327707323248,scr2013,avaConv,offshore
be,h0035,0.04365305101737931,scr2013,avaConv,offshore
be,h0036,0.0749028214444349,scr2013,avaConv,offshore
be,h0037,0.3489073235708711,scr2013,avaConv,offshore
be,h0038,0.596157307391097,scr2013,avaConv,offshore
be,h0039,0.7984215819701379,scr2013,avaConv,offshore
be,h0040,0.7266313461326961,scr2013,avaConv,offshore
be,h0041,0.6645917181804988,scr2013,avaConv,offshore
be,h0042,0.6271182592643757,scr2013,avaConv,offshore
be,h0043,0.48733937319722737,scr2013,avaConv,offshore
be,h0044,0.3578387965218698,scr2013,avaConv,offshore
be,h0045,0.245200618946863,scr2013,avaConv,offshore
be,h0046,0.24287111826072452,scr2013,avaConv,offshore
be,h0047,0.22554152424262966,scr2013,avaConv,offshore
be,h0048,0.2047618514203909,scr2013,avaConv,offshore
bg,h0001,0.00017891964450426364,scr2013,avaConv,offshore
bg,h0002,0.0,scr2013,avaConv,offshore
bg,h0003,0.0,scr2013,avaConv,offshore
bg,h0004,0.0,scr2013,avaConv,offshore
bg,h0005,0.0,scr2013,avaConv,offshore
bg,h0006,0.0,scr2013,avaConv,offshore
bg,h0007,0.14655950746536403,scr2013,avaConv,offshore
bg,h0008,0.31605560141548944,scr2013,avaConv,offshore
bg,h0009,0.48903474678246595,scr2013,avaConv,offshore
bg,h0010,0.49387439290406293,scr2013,avaConv,offshore
bg,h0011,0.48799726988684317,scr2013,avaConv,offshore
bg,h0012,0.4691142133902275,scr2013,avaConv,offshore
bg,h0013,0.605532493258889,scr2013,avaConv,offshore
bg,h0014,0.7511433602522896,scr2013,avaConv,offshore
bg,h0015,0.917783719771119,scr2013,avaConv,offshore
bg,h0016,0.9222464165430473,scr2013,avaConv,offshore
bg,h0017,0.9276875081303856,scr2013,avaConv,offshore
bg,h0018,0.9356830127924476,scr2013,avaConv,offshore
bg,h0019,0.9317929132544858,scr2013,avaConv,offshore
bg,h0020,0.9275462812248156,scr2013,avaConv,offshore
bg,h0021,0.9196194686052566,scr2013,avaConv,offshore
bg,h0022,0.9181408608334818,scr2013,avaConv,offshore
bg,h0023,0.9185024212970705,scr2013,avaConv,offshore
bg,h0024,0.9120769647934839,scr2013,avaConv,offshore
bg,h0025,0.6563167970645886,scr2013,avaConv,offshore
bg,h0026,0.403479049705763,scr2013,avaConv,offshore
bg,h0027,0.16816104501423593,scr2013,avaConv,offshore
bg,h0028,0.16834651509366655,scr2013,avaConv,offshore
bg,h0029,0.17456498496397077,scr2013,avaConv,offshore
bg,h0030,0.18976889074422598,scr2013,avaConv,offshore
bg,h0031,0.4388482656925196,scr2013,avaConv,offshore
bg,h0032,0.6819921083816186,scr2013,avaConv,offshore
bg,h0033,0.9040498395619645,scr2013,avaConv,offshore
bg,h0034,0.8762027409584825,scr2013,avaConv,offshore
bg,h0035,0.843781652417448,scr2013,avaConv,offshore
bg,h0036,0.8148747873059748,scr2013,avaConv,offshore
bg,h0037,0.5610106464866805,scr2013,avaConv,offshore
bg,h0038,0.3106837043337668,scr2013,avaConv,offshore
bg,h0039,0.08829697442954894,scr2013,avaConv,offshore
bg,h0040,0.07326146583159483,scr2013,avaConv,offshore
bg,h0041,0.08519836106581673,scr2013,avaConv,offshore
bg,h0042,0.11060246339135378,scr2013,avaConv,offshore
bg,h0043,0.2618880777422016,scr2013,avaConv,offshore
bg,h0044,0.41170950598422185,scr2013,avaConv,offshore
bg,h0045,0.5687901864766481,scr2013,avaConv,offshore
bg,h0046,0.5955527731124793,scr2013,avaConv,offshore
bg,h0047,0.6266722365267715,scr2013,avaConv,offshore
bg,h0048,0.5827757970971461,scr2013,avaConv,offshore
de,h0001,0.6480578507315928,scr2013,avaConv,offshore
de,h0002,0.5849520268849888,scr2013,avaConv,offshore
de,h0003,0.5169227707356789,scr2013,avaConv,offshore
de,h0004,0.43139812303231156,scr2013,avaConv,offshore
de,h0005,0.3849859996355829,scr2013,avaConv,offshore
de,h0006,0.3769729402784146,scr2013,avaConv,offshore
de,h0007,0.559636026570677,scr2013,avaConv,offshore
de,h0008,0.7408559335419644,scr2013,avaConv,offshore
de,h0009,0.9282179679182179,scr2013,avaConv,offshore
de,h0010,0.9325393861989448,scr2013,avaConv,offshore
de,h0011,0.9294630635484529,scr2013,avaConv,offshore
de,h0012,0.9295912525661021,scr2013,avaConv,offshore
de,h0013,0.6924762002798597,scr2013,avaConv,offshore
de,h0014,0.4672359636129163,scr2013,avaConv,offshore
de,h0015,0.24877496376150965,scr2013,avaConv,offshore
de,h0016,0.293625278504472,scr2013,avaConv,offshore
de,h0017,0.3202564402907372,scr2013,avaConv,offshore
de,h0018,0.34141448247267664,scr2013,avaConv,offshore
de,h0019,0.4362645241259945,scr2013,avaConv,offshore
de,h0020,0.5153139859441398,scr2013,avaConv,offshore
de,h0021,0.5646986649198245,scr2013,avaConv,offshore
de,h0022,0.5288613688159753,scr2013,avaConv,offshore
de,h0023,0.48276701789369275,scr2013,avaConv,offshore
de,h0024,0.43231927941445064,scr2013,avaConv,offshore
de,h0025,0.34572558439368095,scr2013,avaConv,offshore
de,h0026,0.27012416023313596,scr2013,avaConv,offshore
de,h0027,0.2040360082671489,scr2013,avaConv,offshore
de,h0028,0.18263643386549316,scr2013,avaConv,offshore
de,h0029,0.18634052774416093,scr2013,avaConv,offshore
de,h0030,0.2022325266894926,scr2013,avaConv,offshore
de,h0031,0.1702777925037166,scr2013,avaConv,offshore
de,h0032,0.13180371709172836,scr2013,avaConv,offshore
de,h0033,0.08970736060577428,scr2013,avaConv,offshore
de,h0034,0.1004076699279476,scr2013,avaConv,offshore
de,h0035,0.11304036559908048,scr2013,avaConv,offshore
de,h0036,0.12723313430501068,scr2013,avaConv,offshore
de,h0037,0.3768297437984427,scr2013,avaConv,offshore
de,h0038,0.6112388074595645,scr2013,avaConv,offshore
de,h0039,0.8380001530058157,scr2013,avaConv,offshore
de,h0040,0.8540885111682821,scr2013,avaConv,offshore
de,h0041,0.8742797266428486,scr2013,avaConv,offshore
de,h0042,0.8956632112825167,scr2013,avaConv,offshore
de,h0043,0.6552086104165633,scr2013,avaConv,offshore
de,h0044,0.3960738282240811,scr2013,avaConv,offshore
de,h0045,0.10734800588053414,scr2013,avaConv,offshore
de,h0046,0.10001601529391323,scr2013,avaConv,offshore
de,h0047,0.0874410961455159,scr2013,avaConv,offshore
de,h0048,0.07202611520019632,scr2013,avaConv,offshore
dk_e,h0001,0.9498733014657533,scr2013,avaConv,offshore
dk_e,h0002,0.9498551177328737,scr2013,avaConv,offshore
dk_e,h0003,0.9497563870744453,scr2013,avaConv,offshore
dk_e,h0004,0.9493728358530743,scr2013,avaConv,offshore
dk_e,h0005,0.9450260366198472,scr2013,avaConv,offshore
dk_e,h0006,0.9286981856487005,scr2013,avaConv,offshore
dk_e,h0007,0.9282416817956859,scr2013,avaConv,offshore
dk_e,h0008,0.9299543348848457,scr2013,avaConv,offshore
dk_e,h0009,0.9369216066522659,scr2013,avaConv,offshore
dk_e,h0010,0.9203726157553526,scr2013,avaConv,offshore
dk_e,h0011,0.9045725106213054,scr2013,avaConv,offshore
dk_e,h0012,0.9088775324834671,scr2013,avaConv,offshore
dk_e,h0013,0.6284550452665717,scr2013,avaConv,offshore
dk_e,h0014,0.35197014656359993,scr2013,avaConv,offshore
dk_e,h0015,0.09402541577506672,scr2013,avaConv,offshore
dk_e,h0016,0.08845863365979525,scr2013,avaConv,offshore
dk_e,h0017,0.1025482428652654,scr2013,avaConv,offshore
dk_e,h0018,0.1239895154012528,scr2013,avaConv,offshore
dk_e,h0019,0.2811143365386871,scr2013,avaConv,offshore
dk_e,h0020,0.466968651665749,scr2013,avaConv,offshore
dk_e,h0021,0.6600198339932719,scr2013,avaConv,offshore
dk_e,h0022,0.6918589914657448,scr2013,avaConv,offshore
dk_e,h0023,0.6684922502003623,scr2013,avaConv,offshore
dk_e,h0024,0.6078912727275549,scr2013,avaConv,offshore
dk_e,h0025,0.46926671832837846,scr2013,avaConv,offshore
dk_e,h0026,0.380150616316662,scr2013,avaConv,offshore
dk_e,h0027,0.33638982376435356,scr2013,avaConv,offshore
dk_e,h0028,0.37846865611834357,scr2013,avaConv,offshore
dk_e,h0029,0.41453925988493445,scr2013,avaConv,offshore
dk_e,h0030,0.4502342659445241,scr2013,avaConv,offshore
dk_e,h0031,0.3935868696510692,scr2013,avaConv,offshore
dk_e,h0032,0.331933379887237,scr2013,avaConv,offshore
dk_e,h0033,0.2681058587392676,scr2013,avaConv,offshore
dk_e,h0034,0.281581405663055,scr2013,avaConv,offshore
dk_e,h0035,0.28772748239627766,scr2013,avaConv,offshore
dk_e,h0036,0.2692420294346506,scr2013,avaConv,offshore
dk_e,h0037,0.24236732356430826,scr2013,avaConv,offshore
dk_e,h0038,0.2363182960727554,scr2013,avaConv,offshore
dk_e,h0039,0.2615408686300238,scr2013,avaConv,offshore
dk_e,h0040,0.3237367543638089,scr2013,avaConv,offshore
dk_e,h0041,0.4121211972920413,scr2013,avaConv,offshore
dk_e,h0042,0.5255495282294771,scr2013,avaConv,offshore
dk_e,h0043,0.4589688168379278,scr2013,avaConv,offshore
dk_e,h0044,0.33835264054549125,scr2013,avaConv,offshore
dk_e,h0045,0.18034140950113847,scr2013,avaConv,offshore
dk_e,h0046,0.1640044559270741,scr2013,avaConv,offshore
dk_e,h0047,0.1653497340131385,scr2013,avaConv,offshore
dk_e,h0048,0.1804898510074948,scr2013,avaConv,offshore
dk_w,h0001,0.7943277834508315,scr2013,avaConv,offshore
dk_w,h0002,0.7766616964291936,scr2013,avaConv,offshore
dk_w,h0003,0.7318133016855601,scr2013,avaConv,offshore
dk_w,h0004,0.6654236389791144,scr2013,avaConv,offshore
dk_w,h0005,0.6082258050377948,scr2013,avaConv,offshore
dk_w,h0006,0.6181220456963311,scr2013,avaConv,offshore
dk_w,h0007,0.7379570522944018,scr2013,avaConv,offshore
dk_w,h0008,0.8579061614313951,scr2013,avaConv,offshore
dk_w,h0009,0.9498625398332078,scr2013,avaConv,offshore
dk_w,h0010,0.9499982447542782,scr2013,avaConv,offshore
dk_w,h0011,0.9499982360945686,scr2013,avaConv,offshore
dk_w,h0012,0.949999041891524,scr2013,avaConv,offshore
dk_w,h0013,0.7182044012472533,scr2013,avaConv,offshore
dk_w,h0014,0.48527099839209414,scr2013,avaConv,offshore
dk_w,h0015,0.24760586577241372,scr2013,avaConv,offshore
dk_w,h0016,0.2621393375367533,scr2013,avaConv,offshore
dk_w,h0017,0.2882857684439857,scr2013,avaConv,offshore
dk_w,h0018,0.3015290360600759,scr2013,avaConv,offshore
dk_w,h0019,0.3940707635255126,scr2013,avaConv,offshore
dk_w,h0020,0.4772141551273414,scr2013,avaConv,offshore
dk_w,h0021,0.5787506887403838,scr2013,avaConv,offshore
dk_w,h0022,0.6202382473307113,scr2013,avaConv,offshore
dk_w,h0023,0.6089089167595105,scr2013,avaConv,offshore
dk_w,h0024,0.5986583558274003,scr2013,avaConv,offshore
dk_w,h0025,0.45742501672285135,scr2013,avaConv,offshore
dk_w,h0026,0.34682932014826123,scr2013,avaConv,offshore
dk_w,h0027,0.21528706334475056,scr2013,avaConv,offshore
dk_w,h0028,0.21287002858510592,scr2013,avaConv,offshore
dk_w,h0029,0.22868462897322342,scr2013,avaConv,offshore
dk_w,h0030,0.264316873043679,scr2013,avaConv,offshore
dk_w,h0031,0.2605999197853002,scr2013,avaConv,offshore
dk_w,h0032,0.2562169442148172,scr2013,avaConv,offshore
dk_w,h0033,0.24500768099863496,scr2013,avaConv,offshore
dk_w,h0034,0.28373695184255393,scr2013,avaConv,offshore
dk_w,h0035,0.30424004218877243,scr2013,avaConv,offshore
dk_w,h0036,0.2873820868052866,scr2013,avaConv,offshore
dk_w,h0037,0.34784096707723594,scr2013,avaConv,offshore
dk_w,h0038,0.4537846308069941,scr2013,avaConv,offshore
dk_w,h0039,0.6382792300160351,scr2013,avaConv,offshore
dk_w,h0040,0.7744025330814774,scr2013,avaConv,offshore
dk_w,h0041,0.8841796403174647,scr2013,avaConv,offshore
dk_w,h0042,0.9360045539724099,scr2013,avaConv,offshore
dk_w,h0043,0.6657364530398362,scr2013,avaConv,offshore
dk_w,h0044,0.3770089270299214,scr2013,avaConv,offshore
dk_w,h0045,0.057438313894646424,scr2013,avaConv,offshore
dk_w,h0046,0.06995314409251188,scr2013,avaConv,offshore
dk_w,h0047,0.07933505137684155,scr2013,avaConv,offshore
dk_w,h0048,0.08083114296774044,scr2013,avaConv,offshore
ee,h0001,0.9499999999999996,scr2013,avaConv,offshore
ee,h0002,0.9499999999999996,scr2013,avaConv,offshore
ee,h0003,0.9499999999999996,scr2013,avaConv,offshore
ee,h0004,0.9499999999999996,scr2013,avaConv,offshore
ee,h0005,0.9499999999999996,scr2013,avaConv,offshore
ee,h0006,0.9499999999999996,scr2013,avaConv,offshore
ee,h0007,0.8642355984994642,scr2013,avaConv,offshore
ee,h0008,0.812083047265052,scr2013,avaConv,offshore
ee,h0009,0.781367849456958,scr2013,avaConv,offshore
ee,h0010,0.8509535745172521,scr2013,avaConv,offshore
ee,h0011,0.8898972668446088,scr2013,avaConv,offshore
ee,h0012,0.9009777653821359,scr2013,avaConv,offshore
ee,h0013,0.6052676099689251,scr2013,avaConv,offshore
ee,h0014,0.3101107469794319,scr2013,avaConv,offshore
ee,h0015,0.03264872076226638,scr2013,avaConv,offshore
ee,h0016,0.05209098692511071,scr2013,avaConv,offshore
ee,h0017,0.07899568519519912,scr2013,avaConv,offshore
ee,h0018,0.10754478328404889,scr2013,avaConv,offshore
ee,h0019,0.3952603341692398,scr2013,avaConv,offshore
ee,h0020,0.6757890549663644,scr2013,avaConv,offshore
ee,h0021,0.9481967968921197,scr2013,avaConv,offshore
ee,h0022,0.9489089030341283,scr2013,avaConv,offshore
ee,h0023,0.9497126580942741,scr2013,avaConv,offshore
ee,h0024,0.9499858625462764,scr2013,avaConv,offshore
ee,h0025,0.6535433511335876,scr2013,avaConv,offshore
ee,h0026,0.362274539348784,scr2013,avaConv,offshore
ee,h0027,0.07601397465866139,scr2013,avaConv,offshore
ee,h0028,0.08241502267140748,scr2013,avaConv,offshore
ee,h0029,0.08718910847099258,scr2013,avaConv,offshore
ee,h0030,0.08754416123744738,scr2013,avaConv,offshore
ee,h0031,0.2333101415706894,scr2013,avaConv,offshore
ee,h0032,0.3873551123749207,scr2013,avaConv,offshore
ee,h0033,0.5456205240748239,scr2013,avaConv,offshore
ee,h0034,0.5509546793339277,scr2013,avaConv,offshore
ee,h0035,0.5795944609700071,scr2013,avaConv,offshore
ee,h0036,0.5987234773638803,scr2013,avaConv,offshore
ee,h0037,0.6116372447443212,scr2013,avaConv,offshore
ee,h0038,0.5958044361204028,scr2013,avaConv,offshore
ee,h0039,0.5756418715169181,scr2013,avaConv,offshore
ee,h0040,0.5560569697639408,scr2013,avaConv,offshore
ee,h0041,0.5322715608263338,scr2013,avaConv,offshore
ee,h0042,0.5216846899243346,scr2013,avaConv,offshore
ee,h0043,0.36632265733448294,scr2013,avaConv,offshore
ee,h0044,0.21222706063925786,scr2013,avaConv,offshore
ee,h0045,0.05936566298467361,scr2013,avaConv,offshore
ee,h0046,0.06643165733870708,scr2013,avaConv,offshore
ee,h0047,0.09023068883914741,scr2013,avaConv,offshore
ee,h0048,0.13257156717157,scr2013,avaConv,offshore
es,h0001,0.7982213672682911,scr2013,avaConv,offshore
es,h0002,0.8018508225667764,scr2013,avaConv,offshore
es,h0003,0.8096092945498747,scr2013,avaConv,offshore
es,h0004,0.8098565882180442,scr2013,avaConv,offshore
es,h0005,0.781537618500962,scr2013,avaConv,offshore
es,h0006,0.7553281384458062,scr2013,avaConv,offshore
es,h0007,0.5740481802823666,scr2013,avaConv,offshore
es,h0008,0.4107286571280798,scr2013,avaConv,offshore
es,h0009,0.22120346606432345,scr2013,avaConv,offshore
es,h0010,0.2293511637865923,scr2013,avaConv,offshore
es,h0011,0.24194841903110711,scr2013,avaConv,offshore
es,h0012,0.2633646975682012,scr2013,avaConv,offshore
es,h0013,0.42028360207920545,scr2013,avaConv,offshore
es,h0014,0.5559682696418013,scr2013,avaConv,offshore
es,h0015,0.6748955793614826,scr2013,avaConv,offshore
es,h0016,0.6719250171763871,scr2013,avaConv,offshore
es,h0017,0.6932313224556815,scr2013,avaConv,offshore
es,h0018,0.7324179434211046,scr2013,avaConv,offshore
es,h0019,0.5457476734725832,scr2013,avaConv,offshore
es,h0020,0.31951295289490705,scr2013,avaConv,offshore
es,h0021,0.0014840821596259581,scr2013,avaConv,offshore
es,h0022,0.0012736252646226626,scr2013,avaConv,offshore
es,h0023,0.0007704554702976415,scr2013,avaConv,offshore
es,h0024,0.0004422307085894075,scr2013,avaConv,offshore
es,h0025,0.2963253778836767,scr2013,avaConv,offshore
es,h0026,0.4991019222749538,scr2013,avaConv,offshore
es,h0027,0.6571967563082419,scr2013,avaConv,offshore
es,h0028,0.5980286455023035,scr2013,avaConv,offshore
es,h0029,0.5529315972815192,scr2013,avaConv,offshore
es,h0030,0.5296213562604069,scr2013,avaConv,offshore
es,h0031,0.42956077323812475,scr2013,avaConv,offshore
es,h0032,0.31638388694851305,scr2013,avaConv,offshore
es,h0033,0.21364383983929072,scr2013,avaConv,offshore
es,h0034,0.2638527060569252,scr2013,avaConv,offshore
es,h0035,0.40367571764946225,scr2013,avaConv,offshore
es,h0036,0.6194110900870659,scr2013,avaConv,offshore
es,h0037,0.8054106989762253,scr2013,avaConv,offshore
es,h0038,0.9218138308558464,scr2013,avaConv,offshore
es,h0039,0.9498738652409117,scr2013,avaConv,offshore
es,h0040,0.9498742590955375,scr2013,avaConv,offshore
es,h0041,0.949905594871968,scr2013,avaConv,offshore
es,h0042,0.9499999525180353,scr2013,avaConv,offshore
es,h0043,0.9499886569573008,scr2013,avaConv,offshore
es,h0044,0.9493479396456141,scr2013,avaConv,offshore
es,h0045,0.9404906385309315,scr2013,avaConv,offshore
es,h0046,0.924704644116765,scr2013,avaConv,offshore
es,h0047,0.9213410801963268,scr2013,avaConv,offshore
es,h0048,0.926935396262881,scr2013,avaConv,offshore
fi,h0001,0.8098760747140602,scr2013,avaConv,offshore
fi,h0002,0.7899454623292013,scr2013,avaConv,offshore
fi,h0003,0.7811991830405915,scr2013,avaConv,offshore
fi,h0004,0.7758276644868849,scr2013,avaConv,offshore
fi,h0005,0.7840921001598649,scr2013,avaConv,offshore
fi,h0006,0.7920069193949919,scr2013,avaConv,offshore
fi,h0007,0.691377653030864,scr2013,avaConv,offshore
fi,h0008,0.6100561153104431,scr2013,avaConv,offshore
fi,h0009,0.5422589799703758,scr2013,avaConv,offshore
fi,h0010,0.587497036048742,scr2013,avaConv,offshore
fi,h0011,0.6148174152124543,scr2013,avaConv,offshore
fi,h0012,0.6358587255739452,scr2013,avaConv,offshore
fi,h0013,0.4679622831825013,scr2013,avaConv,offshore
fi,h0014,0.30701966858385094,scr2013,avaConv,offshore
fi,h0015,0.15161880840650627,scr2013,avaConv,offshore
fi,h0016,0.1748024425850705,scr2013,avaConv,offshore
fi,h0017,0.1973935002423334,scr2013,avaConv,offshore
fi,h0018,0.2153165096090658,scr2013,avaConv,offshore
fi,h0019,0.3897937657626539,scr2013,avaConv,offshore
fi,h0020,0.5500586143847748,scr2013,avaConv,offshore
fi,h0021,0.7053475868355298,scr2013,avaConv,offshore
fi,h0022,0.6950086631523924,scr2013,avaConv,offshore
fi,h0023,0.6982742960394224,scr2013,avaConv,offshore
fi,h0024,0.7039490377157591,scr2013,avaConv,offshore
fi,h0025,0.5274391581327148,scr2013,avaConv,offshore
fi,h0026,0.35757262344754137,scr2013,avaConv,offshore
fi,h0027,0.1968284729186908,scr2013,avaConv,offshore
fi,h0028,0.21822073346227971,scr2013,avaConv,offshore
fi,h0029,0.23631324823546596,scr2013,avaConv,offshore
fi,h0030,0.25022977650597694,scr2013,avaConv,offshore
fi,h0031,0.23303760274075072,scr2013,avaConv,offshore
fi,h0032,0.21370211163566555,scr2013,avaConv,offshore
fi,h0033,0.19606911268825108,scr2013,avaConv,offshore
fi,h0034,0.21190372323912418,scr2013,avaConv,offshore
fi,h0035,0.2408907026404033,scr2013,avaConv,offshore
fi,h0036,0.26888574271766513,scr2013,avaConv,offshore
fi,h0037,0.43234123357152043,scr2013,avaConv,offshore
fi,h0038,0.5767851719892327,scr2013,avaConv,offshore
fi,h0039,0.7197172090274966,scr2013,avaConv,offshore
fi,h0040,0.7226634125517308,scr2013,avaConv,offshore
fi,h0041,0.7287220181590917,scr2013,avaConv,offshore
fi,h0042,0.7251031340241101,scr2013,avaConv,offshore
fi,h0043,0.6397546781206059,scr2013,avaConv,offshore
fi,h0044,0.562161706059552,scr2013,avaConv,offshore
fi,h0045,0.5026020824247422,scr2013,avaConv,offshore
fi,h0046,0.5292352968923838,scr2013,avaConv,offshore
fi,h0047,0.5571450556983001,scr2013,avaConv,offshore
fi,h0048,0.5896500981031093,scr2013,avaConv,offshore
fr,h0001,0.8372865218665445,scr2013,avaConv,offshore
fr,h0002,0.8400186520579601,scr2013,avaConv,offshore
fr,h0003,0.8500094709972023,scr2013,avaConv,offshore
fr,h0004,0.8598760028263679,scr2013,avaConv,offshore
fr,h0005,0.864874251408858,scr2013,avaConv,offshore
fr,h0006,0.8510016080671424,scr2013,avaConv,offshore
fr,h0007,0.6850284911625846,scr2013,avaConv,offshore
fr,h0008,0.5244342827245249,scr2013,avaConv,offshore
fr,h0009,0.3794149060978118,scr2013,avaConv,offshore
fr,h0010,0.3919836174804195,scr2013,avaConv,offshore
fr,h0011,0.3949155387026286,scr2013,avaConv,offshore
fr,h0012,0.3990921304078941,scr2013,avaConv,offshore
fr,h0013,0.3887063465943898,scr2013,avaConv,offshore
fr,h0014,0.3896163249438464,scr2013,avaConv,offshore
fr,h0015,0.37455258268522945,scr2013,avaConv,offshore
fr,h0016,0.36411538455021947,scr2013,avaConv,offshore
fr,h0017,0.3387947250727324,scr2013,avaConv,offshore
fr,h0018,0.32056601872673035,scr2013,avaConv,offshore
fr,h0019,0.368249932205893,scr2013,avaConv,offshore
fr,h0020,0.4312547236757033,scr2013,avaConv,offshore
fr,h0021,0.5115904606341006,scr2013,avaConv,offshore
fr,h0022,0.5634565023984662,scr2013,avaConv,offshore
fr,h0023,0.6198858243715676,scr2013,avaConv,offshore
fr,h0024,0.6523498864139053,scr2013,avaConv,offshore
fr,h0025,0.5206058063445723,scr2013,avaConv,offshore
fr,h0026,0.37158803337252533,scr2013,avaConv,offshore
fr,h0027,0.23675512548845368,scr2013,avaConv,offshore
fr,h0028,0.25029714328746466,scr2013,avaConv,offshore
fr,h0029,0.27976157605664004,scr2013,avaConv,offshore
fr,h0030,0.30366584147533154,scr2013,avaConv,offshore
fr,h0031,0.2507801902874062,scr2013,avaConv,offshore
fr,h0032,0.1976445587101366,scr2013,avaConv,offshore
fr,h0033,0.1595658583895607,scr2013,avaConv,offshore
fr,h0034,0.21508164201104008,scr2013,avaConv,offshore
fr,h0035,0.28393758837502214,scr2013,avaConv,offshore
fr,h0036,0.339810857597282,scr2013,avaConv,offshore
fr,h0037,0.2818029255991362,scr2013,avaConv,offshore
fr,h0038,0.19487714424513758,scr2013,avaConv,offshore
fr,h0039,0.10173290658384114,scr2013,avaConv,offshore
fr,h0040,0.10242076558254341,scr2013,avaConv,offshore
fr,h0041,0.10849390490622017,scr2013,avaConv,offshore
fr,h0042,0.11713496966934571,scr2013,avaConv,offshore
fr,h0043,0.1499709798633803,scr2013,avaConv,offshore
fr,h0044,0.1952531437052326,scr2013,avaConv,offshore
fr,h0045,0.2535613425403401,scr2013,avaConv,offshore
fr,h0046,0.3089957133145225,scr2013,avaConv,offshore
fr,h0047,0.3384668048198748,scr2013,avaConv,offshore
fr,h0048,0.32636399327326143,scr2013,avaConv,offshore
gr,h0001,0.10060194348280581,scr2013,avaConv,offshore
gr,h0002,0.09693228178111526,scr2013,avaConv,offshore
gr,h0003,0.09208381842932614,scr2013,avaConv,offshore
gr,h0004,0.08671211588837995,scr2013,avaConv,offshore
gr,h0005,0.09527063948743449,scr2013,avaConv,offshore
gr,h0006,0.11998324795367914,scr2013,avaConv,offshore
gr,h0007,0.21207660028096406,scr2013,avaConv,offshore
gr,h0008,0.3013507896368971,scr2013,avaConv,offshore
gr,h0009,0.38335328345566744,scr2013,avaConv,offshore
gr,h0010,0.39923921713036675,scr2013,avaConv,offshore
gr,h0011,0.38726427703218613,scr2013,avaConv,offshore
gr,h0012,0.36757554336729925,scr2013,avaConv,offshore
gr,h0013,0.3753063123059801,scr2013,avaConv,offshore
gr,h0014,0.41951970782718473,scr2013,avaConv,offshore
gr,h0015,0.48742360684447195,scr2013,avaConv,offshore
gr,h0016,0.5312547846962151,scr2013,avaConv,offshore
gr,h0017,0.5496868077046286,scr2013,avaConv,offshore
gr,h0018,0.5374476411606895,scr2013,avaConv,offshore
gr,h0019,0.3655163930714463,scr2013,avaConv,offshore
gr,h0020,0.22078792333445604,scr2013,avaConv,offshore
gr,h0021,0.10605364394291014,scr2013,avaConv,offshore
gr,h0022,0.14892164529318147,scr2013,avaConv,offshore
gr,h0023,0.19999833614590948,scr2013,avaConv,offshore
gr,h0024,0.2465694577490689,scr2013,avaConv,offshore
gr,h0025,0.17779463886222308,scr2013,avaConv,offshore
gr,h0026,0.09029350100555987,scr2013,avaConv,offshore
gr,h0027,0.0,scr2013,avaConv,offshore
gr,h0028,0.0,scr2013,avaConv,offshore
gr,h0029,0.0,scr2013,avaConv,offshore
gr,h0030,0.00020181739211905806,scr2013,avaConv,offshore
gr,h0031,0.23316977937580594,scr2013,avaConv,offshore
gr,h0032,0.4846356061708964,scr2013,avaConv,offshore
gr,h0033,0.7442168360542764,scr2013,avaConv,offshore
gr,h0034,0.7411809217428383,scr2013,avaConv,offshore
gr,h0035,0.7415211886267797,scr2013,avaConv,offshore
gr,h0036,0.7345227171381864,scr2013,avaConv,offshore
gr,h0037,0.6462495657195527,scr2013,avaConv,offshore
gr,h0038,0.5401180231887108,scr2013,avaConv,offshore
gr,h0039,0.42107761170753044,scr2013,avaConv,offshore
gr,h0040,0.3645613884373182,scr2013,avaConv,offshore
gr,h0041,0.3131810390339001,scr2013,avaConv,offshore
gr,h0042,0.2851758268160259,scr2013,avaConv,offshore
gr,h0043,0.21641256444883492,scr2013,avaConv,offshore
gr,h0044,0.1648453716955353,scr2013,avaConv,offshore
gr,h0045,0.11886157701978362,scr2013,avaConv,offshore
gr,h0046,0.13753561862386546,scr2013,avaConv,offshore
gr,h0047,0.12634034998888188,scr2013,avaConv,offshore
gr,h0048,0.11904033119078647,scr2013,avaConv,offshore
hr,h0001,0.0,scr2013,avaConv,offshore
hr,h0002,0.0,scr2013,avaConv,offshore
hr,h0003,0.0,scr2013,avaConv,offshore
hr,h0004,0.0001111051991896682,scr2013,avaConv,offshore
hr,h0005,0.0002897921309863186,scr2013,avaConv,offshore
hr,h0006,0.0004748612799337778,scr2013,avaConv,offshore
hr,h0007,0.20001704907498757,scr2013,avaConv,offshore
hr,h0008,0.388171586631496,scr2013,avaConv,offshore
hr,h0009,0.5623519363255018,scr2013,avaConv,offshore
hr,h0010,0.5209933255943765,scr2013,avaConv,offshore
hr,h0011,0.4927226781570102,scr2013,avaConv,offshore
hr,h0012,0.49679323533421854,scr2013,avaConv,offshore
hr,h0013,0.6103278752419528,scr2013,avaConv,offshore
hr,h0014,0.7495215513609508,scr2013,avaConv,offshore
hr,h0015,0.8720570018167907,scr2013,avaConv,offshore
hr,h0016,0.8894126254914632,scr2013,avaConv,offshore
hr,h0017,0.8650423578488723,scr2013,avaConv,offshore
hr,h0018,0.812837562286688,scr2013,avaConv,offshore
hr,h0019,0.553480838368167,scr2013,avaConv,offshore
hr,h0020,0.3066782295252986,scr2013,avaConv,offshore
hr,h0021,0.0837384898969142,scr2013,avaConv,offshore
hr,h0022,0.07088809344365742,scr2013,avaConv,offshore
hr,h0023,0.06602523931303962,scr2013,avaConv,offshore
hr,h0024,0.060723752045269065,scr2013,avaConv,offshore
hr,h0025,0.3496564429188809,scr2013,avaConv,offshore
hr,h0026,0.6371678541437409,scr2013,avaConv,offshore
hr,h0027,0.9338164147220899,scr2013,avaConv,offshore
hr,h0028,0.936901178296776,scr2013,avaConv,offshore
hr,h0029,0.942854473298753,scr2013,avaConv,offshore
hr,h0030,0.9471034908289216,scr2013,avaConv,offshore
hr,h0031,0.7524849863415207,scr2013,avaConv,offshore
hr,h0032,0.6049604952437535,scr2013,avaConv,offshore
hr,h0033,0.49580791573316574,scr2013,avaConv,offshore
hr,h0034,0.5935131275924489,scr2013,avaConv,offshore
hr,h0035,0.5797658784253467,scr2013,avaConv,offshore
hr,h0036,0.5175330254493116,scr2013,avaConv,offshore
hr,h0037,0.5727558627922209,scr2013,avaConv,offshore
hr,h0038,0.7027281970450575,scr2013,avaConv,offshore
hr,h0039,0.8529702528487391,scr2013,avaConv,offshore
hr,h0040,0.885967471852722,scr2013,avaConv,offshore
hr,h0041,0.916360230846351,scr2013,avaConv,offshore
hr,h0042,0.9382033461462386,scr2013,avaConv,offshore
hr,h0043,0.8919915514097391,scr2013,avaConv,offshore
hr,h0044,0.8683691567980807,scr2013,avaConv,offshore
hr,h0045,0.8523395318984028,scr2013,avaConv,offshore
hr,h0046,0.89311899329939,scr2013,avaConv,offshore
hr,h0047,0.9062418147424016,scr2013,avaConv,offshore
hr,h0048,0.9126567604587922,scr2013,avaConv,offshore
ie,h0001,0.9499999999999996,scr2013,avaConv,offshore
ie,h0002,0.9499999977998309,scr2013,avaConv,offshore
ie,h0003,0.9499999045809099,scr2013,avaConv,offshore
ie,h0004,0.949999807027498,scr2013,avaConv,offshore
ie,h0005,0.9499995090464828,scr2013,avaConv,offshore
ie,h0006,0.9499985089123943,scr2013,avaConv,offshore
ie,h0007,0.9499978682318428,scr2013,avaConv,offshore
ie,h0008,0.9499979067728356,scr2013,avaConv,offshore
ie,h0009,0.9499989949873302,scr2013,avaConv,offshore
ie,h0010,0.949999731874965,scr2013,avaConv,offshore
ie,h0011,0.9499994906673513,scr2013,avaConv,offshore
ie,h0012,0.949999470951833,scr2013,avaConv,offshore
ie,h0013,0.9242870107177906,scr2013,avaConv,offshore
ie,h0014,0.8877062149472413,scr2013,avaConv,offshore
ie,h0015,0.8402936639762905,scr2013,avaConv,offshore
ie,h0016,0.7936461991935768,scr2013,avaConv,offshore
ie,h0017,0.7337154273189382,scr2013,avaConv,offshore
ie,h0018,0.6772468551942763,scr2013,avaConv,offshore
ie,h0019,0.7520689456336664,scr2013,avaConv,offshore
ie,h0020,0.8424964091230972,scr2013,avaConv,offshore
ie,h0021,0.9240480399582435,scr2013,avaConv,offshore
ie,h0022,0.8966687193295089,scr2013,avaConv,offshore
ie,h0023,0.8698349313460224,scr2013,avaConv,offshore
ie,h0024,0.8431088653646739,scr2013,avaConv,offshore
ie,h0025,0.8717764075045298,scr2013,avaConv,offshore
ie,h0026,0.9049927227268161,scr2013,avaConv,offshore
ie,h0027,0.949750011143166,scr2013,avaConv,offshore
ie,h0028,0.9489491117676322,scr2013,avaConv,offshore
ie,h0029,0.946675072013754,scr2013,avaConv,offshore
ie,h0030,0.9447436758730816,scr2013,avaConv,offshore
ie,h0031,0.795789538398071,scr2013,avaConv,offshore
ie,h0032,0.6943060159006618,scr2013,avaConv,offshore
ie,h0033,0.6208879517127576,scr2013,avaConv,offshore
ie,h0034,0.7272564959205978,scr2013,avaConv,offshore
ie,h0035,0.8195980269432297,scr2013,avaConv,offshore
ie,h0036,0.8824575390076062,scr2013,avaConv,offshore
ie,h0037,0.931386738282547,scr2013,avaConv,offshore
ie,h0038,0.9411267956702064,scr2013,avaConv,offshore
ie,h0039,0.9488064893963103,scr2013,avaConv,offshore
ie,h0040,0.9491938782410982,scr2013,avaConv,offshore
ie,h0041,0.9494378167253643,scr2013,avaConv,offshore
ie,h0042,0.9495024252938784,scr2013,avaConv,offshore
ie,h0043,0.8847431809040567,scr2013,avaConv,offshore
ie,h0044,0.7959195562927228,scr2013,avaConv,offshore
ie,h0045,0.6834130183155566,scr2013,avaConv,offshore
ie,h0046,0.6253522594753489,scr2013,avaConv,offshore
ie,h0047,0.592144169279554,scr2013,avaConv,offshore
ie,h0048,0.5490340611034098,scr2013,avaConv,offshore
it_s,h0001,0.0327610664543786,scr2013,avaConv,offshore
it_s,h0002,0.02854240369253708,scr2013,avaConv,offshore
it_s,h0003,0.02740389516543606,scr2013,avaConv,offshore
it_s,h0004,0.02444360891382169,scr2013,avaConv,offshore
it_s,h0005,0.022982937177544932,scr2013,avaConv,offshore
it_s,h0006,0.01797050641635032,scr2013,avaConv,offshore
it_s,h0007,0.27459396766016225,scr2013,avaConv,offshore
it_s,h0008,0.4984575463288839,scr2013,avaConv,offshore
it_s,h0009,0.6973440063423554,scr2013,avaConv,offshore
it_s,h0010,0.6456449595959716,scr2013,avaConv,offshore
it_s,h0011,0.6139248598933437,scr2013,avaConv,offshore
it_s,h0012,0.6253185485324049,scr2013,avaConv,offshore
it_s,h0013,0.6978801067039103,scr2013,avaConv,offshore
it_s,h0014,0.794810699883144,scr2013,avaConv,offshore
it_s,h0015,0.8850482301988615,scr2013,avaConv,offshore
it_s,h0016,0.9247073377868745,scr2013,avaConv,offshore
it_s,h0017,0.942452952219558,scr2013,avaConv,offshore
it_s,h0018,0.9477900258646076,scr2013,avaConv,offshore
it_s,h0019,0.8574212865523106,scr2013,avaConv,offshore
it_s,h0020,0.7792811082188061,scr2013,avaConv,offshore
it_s,h0021,0.7072657239258316,scr2013,avaConv,offshore
it_s,h0022,0.7124238250876885,scr2013,avaConv,offshore
it_s,h0023,0.7162985140585512,scr2013,avaConv,offshore
it_s,h0024,0.731091920797154,scr2013,avaConv,offshore
it_s,h0025,0.8110730852640495,scr2013,avaConv,offshore
it_s,h0026,0.8821388790807019,scr2013,avaConv,offshore
it_s,h0027,0.9374903748619248,scr2013,avaConv,offshore
it_s,h0028,0.9441500583628504,scr2013,avaConv,offshore
it_s,h0029,0.9477043451529582,scr2013,avaConv,offshore
it_s,h0030,0.9490242213578686,scr2013,avaConv,offshore
it_s,h0031,0.9391066351649189,scr2013,avaConv,offshore
it_s,h0032,0.9363939697731645,scr2013,avaConv,offshore
it_s,h0033,0.932844009738425,scr2013,avaConv,offshore
it_s,h0034,0.9409535053803354,scr2013,avaConv,offshore
it_s,h0035,0.9429268024570746,scr2013,avaConv,offshore
it_s,h0036,0.9449292910199599,scr2013,avaConv,offshore
it_s,h0037,0.9420217625037861,scr2013,avaConv,offshore
it_s,h0038,0.9349735730318307,scr2013,avaConv,offshore
it_s,h0039,0.9293993870926752,scr2013,avaConv,offshore
it_s,h0040,0.9318483115349113,scr2013,avaConv,offshore
it_s,h0041,0.9394288556174778,scr2013,avaConv,offshore
it_s,h0042,0.9466463383997769,scr2013,avaConv,offshore
it_s,h0043,0.9255308181899793,scr2013,avaConv,offshore
it_s,h0044,0.9176058316671014,scr2013,avaConv,offshore
it_s,h0045,0.9153329562590955,scr2013,avaConv,offshore
it_s,h0046,0.9386269988923747,scr2013,avaConv,offshore
it_s,h0047,0.9464397680719222,scr2013,avaConv,offshore
it_s,h0048,0.9474034163952567,scr2013,avaConv,offshore
it_cn,h0001,0.04639616256045974,scr2013,avaConv,offshore
it_cn,h0002,0.04841273448862087,scr2013,avaConv,offshore
it_cn,h0003,0.052051228942217524,scr2013,avaConv,offshore
it_cn,h0004,0.06111514762594008,scr2013,avaConv,offshore
it_cn,h0005,0.07486693572947282,scr2013,avaConv,offshore
it_cn,h0006,0.08896043576381961,scr2013,avaConv,offshore
it_cn,h0007,0.06718152019754202,scr2013,avaConv,offshore
it_cn,h0008,0.04073813445780012,scr2013,avaConv,offshore
it_cn,h0009,0.01178871445840158,scr2013,avaConv,offshore
it_cn,h0010,0.02047072031843773,scr2013,avaConv,offshore
it_cn,h0011,0.024249579037502095,scr2013,avaConv,offshore
it_cn,h0012,0.027529366440268616,scr2013,avaConv,offshore
it_cn,h0013,0.02202958147562392,scr2013,avaConv,offshore
it_cn,h0014,0.017238535228278416,scr2013,avaConv,offshore
it_cn,h0015,0.010172087934200448,scr2013,avaConv,offshore
it_cn,h0016,0.008222128732016724,scr2013,avaConv,offshore
it_cn,h0017,0.0057210044606106816,scr2013,avaConv,offshore
it_cn,h0018,0.002367461275615992,scr2013,avaConv,offshore
it_cn,h0019,0.07922925445597685,scr2013,avaConv,offshore
it_cn,h0020,0.13625976790428534,scr2013,avaConv,offshore
it_cn,h0021,0.1733368783850151,scr2013,avaConv,offshore
it_cn,h0022,0.1281968343134929,scr2013,avaConv,offshore
it_cn,h0023,0.08785238346222864,scr2013,avaConv,offshore
it_cn,h0024,0.059683890120796106,scr2013,avaConv,offshore
it_cn,h0025,0.2931550486645189,scr2013,avaConv,offshore
it_cn,h0026,0.5135880376879842,scr2013,avaConv,offshore
it_cn,h0027,0.7220181834599695,scr2013,avaConv,offshore
it_cn,h0028,0.7037286952784204,scr2013,avaConv,offshore
it_cn,h0029,0.6489075758014643,scr2013,avaConv,offshore
it_cn,h0030,0.5290173925532689,scr2013,avaConv,offshore
it_cn,h0031,0.3373404867535758,scr2013,avaConv,offshore
it_cn,h0032,0.1831967260033213,scr2013,avaConv,offshore
it_cn,h0033,0.10137676484254189,scr2013,avaConv,offshore
it_cn,h0034,0.10053040404177363,scr2013,avaConv,offshore
it_cn,h0035,0.10539766475814215,scr2013,avaConv,offshore
it_cn,h0036,0.12934879303537164,scr2013,avaConv,offshore
it_cn,h0037,0.11522353699657609,scr2013,avaConv,offshore
it_cn,h0038,0.08810782069343327,scr2013,avaConv,offshore
it_cn,h0039,0.057877559251662165,scr2013,avaConv,offshore
it_cn,h0040,0.102150908488004,scr2013,avaConv,offshore
it_cn,h0041,0.15248188972430682,scr2013,avaConv,offshore
it_cn,h0042,0.18214086836052415,scr2013,avaConv,offshore
it_cn,h0043,0.25615506467036264,scr2013,avaConv,offshore
it_cn,h0044,0.30255679731099594,scr2013,avaConv,offshore
it_cn,h0045,0.3390963068197631,scr2013,avaConv,offshore
it_cn,h0046,0.293599185120648,scr2013,avaConv,offshore
it_cn,h0047,0.23505151484788672,scr2013,avaConv,offshore
it_cn,h0048,0.1690931996715758,scr2013,avaConv,offshore
it_cs,h0001,0.043757816161507306,scr2013,avaConv,offshore
it_cs,h0002,0.0436082005651471,scr2013,avaConv,offshore
it_cs,h0003,0.0442368315412883,scr2013,avaConv,offshore
it_cs,h0004,0.04738965525434885,scr2013,avaConv,offshore
it_cs,h0005,0.055792196792698,scr2013,avaConv,offshore
it_cs,h0006,0.06753466294932613,scr2013,avaConv,offshore
it_cs,h0007,0.06209416496127522,scr2013,avaConv,offshore
it_cs,h0008,0.06317005704857355,scr2013,avaConv,offshore
it_cs,h0009,0.07345991768898007,scr2013,avaConv,offshore
it_cs,h0010,0.10311495479224443,scr2013,avaConv,offshore
it_cs,h0011,0.12105686047796069,scr2013,avaConv,offshore
it_cs,h0012,0.13041900193538405,scr2013,avaConv,offshore
it_cs,h0013,0.09595802215065856,scr2013,avaConv,offshore
it_cs,h0014,0.057129914371235706,scr2013,avaConv,offshore
it_cs,h0015,0.004994491745424219,scr2013,avaConv,offshore
it_cs,h0016,0.0026479176930895906,scr2013,avaConv,offshore
it_cs,h0017,0.0021005257503287486,scr2013,avaConv,offshore
it_cs,h0018,0.0015687925133862155,scr2013,avaConv,offshore
it_cs,h0019,0.21527440264644992,scr2013,avaConv,offshore
it_cs,h0020,0.3774248661257934,scr2013,avaConv,offshore
it_cs,h0021,0.49796413140962376,scr2013,avaConv,offshore
it_cs,h0022,0.4260124198520469,scr2013,avaConv,offshore
it_cs,h0023,0.31107015539818594,scr2013,avaConv,offshore
it_cs,h0024,0.2056364147386501,scr2013,avaConv,offshore
it_cs,h0025,0.40064811876138234,scr2013,avaConv,offshore
it_cs,h0026,0.6099495631709949,scr2013,avaConv,offshore
it_cs,h0027,0.7871479941529531,scr2013,avaConv,offshore
it_cs,h0028,0.741213918222719,scr2013,avaConv,offshore
it_cs,h0029,0.7135976640359588,scr2013,avaConv,offshore
it_cs,h0030,0.6942554077986882,scr2013,avaConv,offshore
it_cs,h0031,0.6193845091671627,scr2013,avaConv,offshore
it_cs,h0032,0.5402326329187775,scr2013,avaConv,offshore
it_cs,h0033,0.4827295938204609,scr2013,avaConv,offshore
it_cs,h0034,0.4765443312857935,scr2013,avaConv,offshore
it_cs,h0035,0.468618466652328,scr2013,avaConv,offshore
it_cs,h0036,0.46620135517056827,scr2013,avaConv,offshore
it_cs,h0037,0.44170232562909345,scr2013,avaConv,offshore
it_cs,h0038,0.45150495010286995,scr2013,avaConv,offshore
it_cs,h0039,0.5097957409268923,scr2013,avaConv,offshore
it_cs,h0040,0.6235547435290985,scr2013,avaConv,offshore
it_cs,h0041,0.7093025362730494,scr2013,avaConv,offshore
it_cs,h0042,0.7274321175064998,scr2013,avaConv,offshore
it_cs,h0043,0.5625492723326653,scr2013,avaConv,offshore
it_cs,h0044,0.33693390485773966,scr2013,avaConv,offshore
it_cs,h0045,0.0905001182641261,scr2013,avaConv,offshore
it_cs,h0046,0.02564065724088138,scr2013,avaConv,offshore
it_cs,h0047,0.018539974063737218,scr2013,avaConv,offshore
it_cs,h0048,0.01637427196351353,scr2013,avaConv,offshore
it_n,h0001,0.0,scr2013,avaConv,offshore
it_n,h0002,0.0,scr2013,avaConv,offshore
it_n,h0003,0.0,scr2013,avaConv,offshore
it_n,h0004,0.0,scr2013,avaConv,offshore
it_n,h0005,0.0,scr2013,avaConv,offshore
it_n,h0006,0.00026724796148779164,scr2013,avaConv,offshore
it_n,h0007,0.01205497840821812,scr2013,avaConv,offshore
it_n,h0008,0.029240512961876648,scr2013,avaConv,offshore
it_n,h0009,0.06127589882060031,scr2013,avaConv,offshore
it_n,h0010,0.09061146744028983,scr2013,avaConv,offshore
it_n,h0011,0.12007202585253542,scr2013,avaConv,offshore
it_n,h0012,0.13879200344235243,scr2013,avaConv,offshore
it_n,h0013,0.09715652752393,scr2013,avaConv,offshore
it_n,h0014,0.05039676249765608,scr2013,avaConv,offshore
it_n,h0015,0.0008735440747755091,scr2013,avaConv,offshore
it_n,h0016,0.002205503953711099,scr2013,avaConv,offshore
it_n,h0017,0.003990336951293457,scr2013,avaConv,offshore
it_n,h0018,0.004560825837956123,scr2013,avaConv,offshore
it_n,h0019,0.008938907433306947,scr2013,avaConv,offshore
it_n,h0020,0.01804861568464479,scr2013,avaConv,offshore
it_n,h0021,0.03234848924085311,scr2013,avaConv,offshore
it_n,h0022,0.05932620654390348,scr2013,avaConv,offshore
it_n,h0023,0.0942134393603357,scr2013,avaConv,offshore
it_n,h0024,0.13103138630851413,scr2013,avaConv,offshore
it_n,h0025,0.31891544514858655,scr2013,avaConv,offshore
it_n,h0026,0.45301584623598024,scr2013,avaConv,offshore
it_n,h0027,0.5350886495863137,scr2013,avaConv,offshore
it_n,h0028,0.40568269453809497,scr2013,avaConv,offshore
it_n,h0029,0.2898802497611153,scr2013,avaConv,offshore
it_n,h0030,0.19426682721198774,scr2013,avaConv,offshore
it_n,h0031,0.4092059774661302,scr2013,avaConv,offshore
it_n,h0032,0.6619730745781545,scr2013,avaConv,offshore
it_n,h0033,0.9414425580718602,scr2013,avaConv,offshore
it_n,h0034,0.9492600087331998,scr2013,avaConv,offshore
it_n,h0035,0.9479599753218454,scr2013,avaConv,offshore
it_n,h0036,0.9453400543345776,scr2013,avaConv,offshore
it_n,h0037,0.8404285838424785,scr2013,avaConv,offshore
it_n,h0038,0.7188051772229505,scr2013,avaConv,offshore
it_n,h0039,0.5772511939263492,scr2013,avaConv,offshore
it_n,h0040,0.5244592163704359,scr2013,avaConv,offshore
it_n,h0041,0.47288847545824036,scr2013,avaConv,offshore
it_n,h0042,0.4238502009867643,scr2013,avaConv,offshore
it_n,h0043,0.5742079620497936,scr2013,avaConv,offshore
it_n,h0044,0.7413153160843147,scr2013,avaConv,offshore
it_n,h0045,0.9229575556351953,scr2013,avaConv,offshore
it_n,h0046,0.9175251245933554,scr2013,avaConv,offshore
it_n,h0047,0.9067648803911413,scr2013,avaConv,offshore
it_n,h0048,0.9148373695226356,scr2013,avaConv,offshore
it_sar,h0001,0.08979102631750584,scr2013,avaConv,offshore
it_sar,h0002,0.07813896669721421,scr2013,avaConv,offshore
it_sar,h0003,0.06795843260474209,scr2013,avaConv,offshore
it_sar,h0004,0.05030893459400894,scr2013,avaConv,offshore
it_sar,h0005,0.038625238660006736,scr2013,avaConv,offshore
it_sar,h0006,0.03339332144619426,scr2013,avaConv,offshore
it_sar,h0007,0.04103717813219746,scr2013,avaConv,offshore
it_sar,h0008,0.05066324334113224,scr2013,avaConv,offshore
it_sar,h0009,0.05968974680986209,scr2013,avaConv,offshore
it_sar,h0010,0.06072598645495675,scr2013,avaConv,offshore
it_sar,h0011,0.07748656643752046,scr2013,avaConv,offshore
it_sar,h0012,0.11339805458610415,scr2013,avaConv,offshore
it_sar,h0013,0.2286279856328886,scr2013,avaConv,offshore
it_sar,h0014,0.32919692048909915,scr2013,avaConv,offshore
it_sar,h0015,0.39257372053958717,scr2013,avaConv,offshore
it_sar,h0016,0.3481645510533978,scr2013,avaConv,offshore
it_sar,h0017,0.269346638849222,scr2013,avaConv,offshore
it_sar,h0018,0.186925232823409,scr2013,avaConv,offshore
it_sar,h0019,0.3752523903194815,scr2013,avaConv,offshore
it_sar,h0020,0.5983281477808176,scr2013,avaConv,offshore
it_sar,h0021,0.8281108679726881,scr2013,avaConv,offshore
it_sar,h0022,0.8300223711501424,scr2013,avaConv,offshore
it_sar,h0023,0.8135114599688034,scr2013,avaConv,offshore
it_sar,h0024,0.8171978685852586,scr2013,avaConv,offshore
it_sar,h0025,0.8260384032767185,scr2013,avaConv,offshore
it_sar,h0026,0.8183531614040563,scr2013,avaConv,offshore
it_sar,h0027,0.7848582766431292,scr2013,avaConv,offshore
it_sar,h0028,0.7421546727750407,scr2013,avaConv,offshore
it_sar,h0029,0.7069513193598621,scr2013,avaConv,offshore
it_sar,h0030,0.6574783203578447,scr2013,avaConv,offshore
it_sar,h0031,0.7285316766049343,scr2013,avaConv,offshore
it_sar,h0032,0.8134406861217878,scr2013,avaConv,offshore
it_sar,h0033,0.9205717869896841,scr2013,avaConv,offshore
it_sar,h0034,0.9116712248978027,scr2013,avaConv,offshore
it_sar,h0035,0.9115546248669848,scr2013,avaConv,offshore
it_sar,h0036,0.9199308175378618,scr2013,avaConv,offshore
it_sar,h0037,0.809833557985189,scr2013,avaConv,offshore
it_sar,h0038,0.7038140683863199,scr2013,avaConv,offshore
it_sar,h0039,0.5939352410587035,scr2013,avaConv,offshore
it_sar,h0040,0.5960420781701198,scr2013,avaConv,offshore
it_sar,h0041,0.5937160122918256,scr2013,avaConv,offshore
it_sar,h0042,0.6025088475623169,scr2013,avaConv,offshore
it_sar,h0043,0.5933343245963073,scr2013,avaConv,offshore
it_sar,h0044,0.5622895534291091,scr2013,avaConv,offshore
it_sar,h0045,0.548953527297661,scr2013,avaConv,offshore
it_sar,h0046,0.6055440835214837,scr2013,avaConv,offshore
it_sar,h0047,0.6990566672287201,scr2013,avaConv,offshore
it_sar,h0048,0.7680271389382038,scr2013,avaConv,offshore
it_sic,h0001,0.0994094326323579,scr2013,avaConv,offshore
it_sic,h0002,0.10845879975060788,scr2013,avaConv,offshore
it_sic,h0003,0.11800132533347052,scr2013,avaConv,offshore
it_sic,h0004,0.1339838908013577,scr2013,avaConv,offshore
it_sic,h0005,0.14299483053300388,scr2013,avaConv,offshore
it_sic,h0006,0.1403507498024898,scr2013,avaConv,offshore
it_sic,h0007,0.15427028230493506,scr2013,avaConv,offshore
it_sic,h0008,0.17345104765595432,scr2013,avaConv,offshore
it_sic,h0009,0.2213829118268231,scr2013,avaConv,offshore
it_sic,h0010,0.25545264899615183,scr2013,avaConv,offshore
it_sic,h0011,0.27639934539753913,scr2013,avaConv,offshore
it_sic,h0012,0.25991709490344517,scr2013,avaConv,offshore
it_sic,h0013,0.45429393944699803,scr2013,avaConv,offshore
it_sic,h0014,0.6210274473935569,scr2013,avaConv,offshore
it_sic,h0015,0.7654955320922895,scr2013,avaConv,offshore
it_sic,h0016,0.7008820698078627,scr2013,avaConv,offshore
it_sic,h0017,0.6394172688911819,scr2013,avaConv,offshore
it_sic,h0018,0.5923462098064214,scr2013,avaConv,offshore
it_sic,h0019,0.68287638212883,scr2013,avaConv,offshore
it_sic,h0020,0.788427067022009,scr2013,avaConv,offshore
it_sic,h0021,0.9036743396925014,scr2013,avaConv,offshore
it_sic,h0022,0.9102789665271885,scr2013,avaConv,offshore
it_sic,h0023,0.9008720319569579,scr2013,avaConv,offshore
it_sic,h0024,0.8709137642492766,scr2013,avaConv,offshore
it_sic,h0025,0.8574053006481839,scr2013,avaConv,offshore
it_sic,h0026,0.8569266557670553,scr2013,avaConv,offshore
it_sic,h0027,0.8556963634780933,scr2013,avaConv,offshore
it_sic,h0028,0.790616554621952,scr2013,avaConv,offshore
it_sic,h0029,0.6714233660528431,scr2013,avaConv,offshore
it_sic,h0030,0.5322906975930934,scr2013,avaConv,offshore
it_sic,h0031,0.6196152820648082,scr2013,avaConv,offshore
it_sic,h0032,0.7518899853645018,scr2013,avaConv,offshore
it_sic,h0033,0.9055848625668026,scr2013,avaConv,offshore
it_sic,h0034,0.8989586062791762,scr2013,avaConv,offshore
it_sic,h0035,0.8953766911575576,scr2013,avaConv,offshore
it_sic,h0036,0.8990632268018733,scr2013,avaConv,offshore
it_sic,h0037,0.8815214972050551,scr2013,avaConv,offshore
it_sic,h0038,0.8292826655281884,scr2013,avaConv,offshore
it_sic,h0039,0.7412945344424433,scr2013,avaConv,offshore
it_sic,h0040,0.6475039634025879,scr2013,avaConv,offshore
it_sic,h0041,0.5639763823049727,scr2013,avaConv,offshore
it_sic,h0042,0.49486579042863876,scr2013,avaConv,offshore
it_sic,h0043,0.577113287182954,scr2013,avaConv,offshore
it_sic,h0044,0.7206217372849283,scr2013,avaConv,offshore
it_sic,h0045,0.8675332269289446,scr2013,avaConv,offshore
it_sic,h0046,0.9050243365360267,scr2013,avaConv,offshore
it_sic,h0047,0.9019411394148481,scr2013,avaConv,offshore
it_sic,h0048,0.9116832155111297,scr2013,avaConv,offshore
lt,h0001,0.9499996998055984,scr2013,avaConv,offshore
lt,h0002,0.9499997771203984,scr2013,avaConv,offshore
lt,h0003,0.9499997752161732,scr2013,avaConv,offshore
lt,h0004,0.9499994777639376,scr2013,avaConv,offshore
lt,h0005,0.9499979210560485,scr2013,avaConv,offshore
lt,h0006,0.9499943181963462,scr2013,avaConv,offshore
lt,h0007,0.9478394980573064,scr2013,avaConv,offshore
lt,h0008,0.9473063691752541,scr2013,avaConv,offshore
lt,h0009,0.9466313706849528,scr2013,avaConv,offshore
lt,h0010,0.9460256839027742,scr2013,avaConv,offshore
lt,h0011,0.9329057717332461,scr2013,avaConv,offshore
lt,h0012,0.9059461087518564,scr2013,avaConv,offshore
lt,h0013,0.5944181843849595,scr2013,avaConv,offshore
lt,h0014,0.29218541329570075,scr2013,avaConv,offshore
lt,h0015,0.0,scr2013,avaConv,offshore
lt,h0016,0.0,scr2013,avaConv,offshore
lt,h0017,0.0,scr2013,avaConv,offshore
lt,h0018,0.0,scr2013,avaConv,offshore
lt,h0019,0.32012961401555656,scr2013,avaConv,offshore
lt,h0020,0.6358805986480978,scr2013,avaConv,offshore
lt,h0021,0.949998056158482,scr2013,avaConv,offshore
lt,h0022,0.9499916120176204,scr2013,avaConv,offshore
lt,h0023,0.9499913868480885,scr2013,avaConv,offshore
lt,h0024,0.9499816957506647,scr2013,avaConv,offshore
lt,h0025,0.6611003703413083,scr2013,avaConv,offshore
lt,h0026,0.3735871110612449,scr2013,avaConv,offshore
lt,h0027,0.090940720006799,scr2013,avaConv,offshore
lt,h0028,0.10749826372936029,scr2013,avaConv,offshore
lt,h0029,0.12343173302003967,scr2013,avaConv,offshore
lt,h0030,0.13824295237051495,scr2013,avaConv,offshore
lt,h0031,0.3607379964972929,scr2013,avaConv,offshore
lt,h0032,0.5617827635059277,scr2013,avaConv,offshore
lt,h0033,0.7276124758260483,scr2013,avaConv,offshore
lt,h0034,0.6684042918845945,scr2013,avaConv,offshore
lt,h0035,0.6297113780946272,scr2013,avaConv,offshore
lt,h0036,0.62734599879247,scr2013,avaConv,offshore
lt,h0037,0.5057962588292059,scr2013,avaConv,offshore
lt,h0038,0.38046184819919693,scr2013,avaConv,offshore
lt,h0039,0.2576703958023548,scr2013,avaConv,offshore
lt,h0040,0.2781857965453069,scr2013,avaConv,offshore
lt,h0041,0.31309973112221684,scr2013,avaConv,offshore
lt,h0042,0.3441963640058047,scr2013,avaConv,offshore
lt,h0043,0.24740948439124655,scr2013,avaConv,offshore
lt,h0044,0.1326018926417273,scr2013,avaConv,offshore
lt,h0045,0.007529086210627676,scr2013,avaConv,offshore
lt,h0046,0.00179095603548971,scr2013,avaConv,offshore
lt,h0047,0.0,scr2013,avaConv,offshore
lt,h0048,0.0,scr2013,avaConv,offshore
lv,h0001,0.9500000000000002,scr2013,avaConv,offshore
lv,h0002,0.9500000000000002,scr2013,avaConv,offshore
lv,h0003,0.9500000000000002,scr2013,avaConv,offshore
lv,h0004,0.9500000000000002,scr2013,avaConv,offshore
lv,h0005,0.9500000000000002,scr2013,avaConv,offshore
lv,h0006,0.9500000000000002,scr2013,avaConv,offshore
lv,h0007,0.9408581752765847,scr2013,avaConv,offshore
lv,h0008,0.9370322221156985,scr2013,avaConv,offshore
lv,h0009,0.9335698487056341,scr2013,avaConv,offshore
lv,h0010,0.938066542554733,scr2013,avaConv,offshore
lv,h0011,0.9304242985228348,scr2013,avaConv,offshore
lv,h0012,0.9035033791747349,scr2013,avaConv,offshore
lv,h0013,0.5890668902608436,scr2013,avaConv,offshore
lv,h0014,0.2831292674279098,scr2013,avaConv,offshore
lv,h0015,0.0001308256735979878,scr2013,avaConv,offshore
lv,h0016,0.0008483108706936843,scr2013,avaConv,offshore
lv,h0017,0.002629179018095779,scr2013,avaConv,offshore
lv,h0018,0.005332883768908757,scr2013,avaConv,offshore
lv,h0019,0.31797551191243256,scr2013,avaConv,offshore
lv,h0020,0.633657457961398,scr2013,avaConv,offshore
lv,h0021,0.9498877398180721,scr2013,avaConv,offshore
lv,h0022,0.9498898778554193,scr2013,avaConv,offshore
lv,h0023,0.9499242488698576,scr2013,avaConv,offshore
lv,h0024,0.949958602000321,scr2013,avaConv,offshore
lv,h0025,0.6316947514297868,scr2013,avaConv,offshore
lv,h0026,0.3156050030371606,scr2013,avaConv,offshore
lv,h0027,0.005217329190156869,scr2013,avaConv,offshore
lv,h0028,0.010525432316455627,scr2013,avaConv,offshore
lv,h0029,0.0195923913105752,scr2013,avaConv,offshore
lv,h0030,0.03265385949981149,scr2013,avaConv,offshore
lv,h0031,0.24029756939487995,scr2013,avaConv,offshore
lv,h0032,0.4510709532220929,scr2013,avaConv,offshore
lv,h0033,0.6422224463573678,scr2013,avaConv,offshore
lv,h0034,0.6144628107898279,scr2013,avaConv,offshore
lv,h0035,0.6050591232704989,scr2013,avaConv,offshore
lv,h0036,0.6236412794953282,scr2013,avaConv,offshore
lv,h0037,0.4857678544291919,scr2013,avaConv,offshore
lv,h0038,0.3206339673969419,scr2013,avaConv,offshore
lv,h0039,0.15350122385634266,scr2013,avaConv,offshore
lv,h0040,0.17467098514332016,scr2013,avaConv,offshore
lv,h0041,0.21359296645182735,scr2013,avaConv,offshore
lv,h0042,0.2484300636294145,scr2013,avaConv,offshore
lv,h0043,0.18719787533599164,scr2013,avaConv,offshore
lv,h0044,0.11335737439075681,scr2013,avaConv,offshore
lv,h0045,0.03427975745044879,scr2013,avaConv,offshore
lv,h0046,0.03354163325542673,scr2013,avaConv,offshore
lv,h0047,0.03178461562576867,scr2013,avaConv,offshore
lv,h0048,0.03129163157666717,scr2013,avaConv,offshore
me,h0001,0.0,scr2013,avaConv,offshore
me,h0002,0.0,scr2013,avaConv,offshore
me,h0003,0.0,scr2013,avaConv,offshore
me,h0004,0.0,scr2013,avaConv,offshore
me,h0005,0.0,scr2013,avaConv,offshore
me,h0006,0.0,scr2013,avaConv,offshore
me,h0007,0.22223186769813033,scr2013,avaConv,offshore
me,h0008,0.41503703891073135,scr2013,avaConv,offshore
me,h0009,0.5946161488829639,scr2013,avaConv,offshore
me,h0010,0.5337086121354662,scr2013,avaConv,offshore
me,h0011,0.46522596097643426,scr2013,avaConv,offshore
me,h0012,0.43308196427782053,scr2013,avaConv,offshore
me,h0013,0.6050489030470934,scr2013,avaConv,offshore
me,h0014,0.7917607884733799,scr2013,avaConv,offshore
me,h0015,0.9450929631354892,scr2013,avaConv,offshore
me,h0016,0.9402636204406931,scr2013,avaConv,offshore
me,h0017,0.931958410658758,scr2013,avaConv,offshore
me,h0018,0.9259135619943292,scr2013,avaConv,offshore
me,h0019,0.7818935728621595,scr2013,avaConv,offshore
me,h0020,0.6043649417592695,scr2013,avaConv,offshore
me,h0021,0.4409770913402922,scr2013,avaConv,offshore
me,h0022,0.3941966587815681,scr2013,avaConv,offshore
me,h0023,0.3729001297542123,scr2013,avaConv,offshore
me,h0024,0.28398243270311124,scr2013,avaConv,offshore
me,h0025,0.4878529380893777,scr2013,avaConv,offshore
me,h0026,0.6966837193426226,scr2013,avaConv,offshore
me,h0027,0.9487601355019889,scr2013,avaConv,offshore
me,h0028,0.949385571544844,scr2013,avaConv,offshore
me,h0029,0.9498804577543193,scr2013,avaConv,offshore
me,h0030,0.9499929893181586,scr2013,avaConv,offshore
me,h0031,0.8571934591873296,scr2013,avaConv,offshore
me,h0032,0.8174659483198363,scr2013,avaConv,offshore
me,h0033,0.7965738212308491,scr2013,avaConv,offshore
me,h0034,0.8840049885268135,scr2013,avaConv,offshore
me,h0035,0.9234640831480647,scr2013,avaConv,offshore
me,h0036,0.944162844993545,scr2013,avaConv,offshore
me,h0037,0.9499245725593715,scr2013,avaConv,offshore
me,h0038,0.95,scr2013,avaConv,offshore
me,h0039,0.95,scr2013,avaConv,offshore
me,h0040,0.95,scr2013,avaConv,offshore
me,h0041,0.95,scr2013,avaConv,offshore
me,h0042,0.95,scr2013,avaConv,offshore
me,h0043,0.9253575937230727,scr2013,avaConv,offshore
me,h0044,0.9224141785823665,scr2013,avaConv,offshore
me,h0045,0.9223055273755986,scr2013,avaConv,offshore
me,h0046,0.9468386681707416,scr2013,avaConv,offshore
me,h0047,0.9497757387590284,scr2013,avaConv,offshore
me,h0048,0.9498841869859022,scr2013,avaConv,offshore
nl,h0001,0.822238901310714,scr2013,avaConv,offshore
nl,h0002,0.7748843880325925,scr2013,avaConv,offshore
nl,h0003,0.7301683644529341,scr2013,avaConv,offshore
nl,h0004,0.6346195858283772,scr2013,avaConv,offshore
nl,h0005,0.516585858940499,scr2013,avaConv,offshore
nl,h0006,0.41066029637294627,scr2013,avaConv,offshore
nl,h0007,0.504608010138231,scr2013,avaConv,offshore
nl,h0008,0.6333084130175589,scr2013,avaConv,offshore
nl,h0009,0.7716211084807973,scr2013,avaConv,offshore
nl,h0010,0.743362446109666,scr2013,avaConv,offshore
nl,h0011,0.7431731306616518,scr2013,avaConv,offshore
nl,h0012,0.7412960613851669,scr2013,avaConv,offshore
nl,h0013,0.6367681748405645,scr2013,avaConv,offshore
nl,h0014,0.5114326595605913,scr2013,avaConv,offshore
nl,h0015,0.39953583675160553,scr2013,avaConv,offshore
nl,h0016,0.4103452254122315,scr2013,avaConv,offshore
nl,h0017,0.4261724169870032,scr2013,avaConv,offshore
nl,h0018,0.43096130648577047,scr2013,avaConv,offshore
nl,h0019,0.37722988597493623,scr2013,avaConv,offshore
nl,h0020,0.3481671249128273,scr2013,avaConv,offshore
nl,h0021,0.33587962478537076,scr2013,avaConv,offshore
nl,h0022,0.3514803299322772,scr2013,avaConv,offshore
nl,h0023,0.3233785578938736,scr2013,avaConv,offshore
nl,h0024,0.2649788095040556,scr2013,avaConv,offshore
nl,h0025,0.15825348613180584,scr2013,avaConv,offshore
nl,h0026,0.07735781546756285,scr2013,avaConv,offshore
nl,h0027,0.019107531407337182,scr2013,avaConv,offshore
nl,h0028,0.016896291196116863,scr2013,avaConv,offshore
nl,h0029,0.020295321449235272,scr2013,avaConv,offshore
nl,h0030,0.025539763618135643,scr2013,avaConv,offshore
nl,h0031,0.02191129284033072,scr2013,avaConv,offshore
nl,h0032,0.01760077084084748,scr2013,avaConv,offshore
nl,h0033,0.014071769804137785,scr2013,avaConv,offshore
nl,h0034,0.021486325260496666,scr2013,avaConv,offshore
nl,h0035,0.035479576502582925,scr2013,avaConv,offshore
nl,h0036,0.047340855476400004,scr2013,avaConv,offshore
nl,h0037,0.3462085644901156,scr2013,avaConv,offshore
nl,h0038,0.6443345932462519,scr2013,avaConv,offshore
nl,h0039,0.9459555004548215,scr2013,avaConv,offshore
nl,h0040,0.9445398536843993,scr2013,avaConv,offshore
nl,h0041,0.9440994654469789,scr2013,avaConv,offshore
nl,h0042,0.9449932306898774,scr2013,avaConv,offshore
nl,h0043,0.7386464121723948,scr2013,avaConv,offshore
nl,h0044,0.5456113900011088,scr2013,avaConv,offshore
nl,h0045,0.34058263481281553,scr2013,avaConv,offshore
nl,h0046,0.32334832500051464,scr2013,avaConv,offshore
nl,h0047,0.29808684146760717,scr2013,avaConv,offshore
nl,h0048,0.27722665175753786,scr2013,avaConv,offshore
no_m,h0001,0.6721424658496205,scr2013,avaConv,offshore
no_m,h0002,0.7596741341963774,scr2013,avaConv,offshore
no_m,h0003,0.8099939070009554,scr2013,avaConv,offshore
no_m,h0004,0.8918223139104421,scr2013,avaConv,offshore
no_m,h0005,0.9174826378637402,scr2013,avaConv,offshore
no_m,h0006,0.91771823335705,scr2013,avaConv,offshore
no_m,h0007,0.9259567458402522,scr2013,avaConv,offshore
no_m,h0008,0.9351564725065341,scr2013,avaConv,offshore
no_m,h0009,0.9488626866050003,scr2013,avaConv,offshore
no_m,h0010,0.9495801176102471,scr2013,avaConv,offshore
no_m,h0011,0.9474932470236478,scr2013,avaConv,offshore
no_m,h0012,0.9253415322210435,scr2013,avaConv,offshore
no_m,h0013,0.9229979450599607,scr2013,avaConv,offshore
no_m,h0014,0.924715611980636,scr2013,avaConv,offshore
no_m,h0015,0.9467812179205313,scr2013,avaConv,offshore
no_m,h0016,0.9492933931756382,scr2013,avaConv,offshore
no_m,h0017,0.9498661039464743,scr2013,avaConv,offshore
no_m,h0018,0.9499418383001321,scr2013,avaConv,offshore
no_m,h0019,0.925981040348388,scr2013,avaConv,offshore
no_m,h0020,0.9010373153840153,scr2013,avaConv,offshore
no_m,h0021,0.8652905594268081,scr2013,avaConv,offshore
no_m,h0022,0.851452447145866,scr2013,avaConv,offshore
no_m,h0023,0.8412466795775346,scr2013,avaConv,offshore
no_m,h0024,0.8270504882320626,scr2013,avaConv,offshore
no_m,h0025,0.8656701801521756,scr2013,avaConv,offshore
no_m,h0026,0.9009577371719552,scr2013,avaConv,offshore
no_m,h0027,0.9499998228383787,scr2013,avaConv,offshore
no_m,h0028,0.949998982278346,scr2013,avaConv,offshore
no_m,h0029,0.9499982381186403,scr2013,avaConv,offshore
no_m,h0030,0.9499976394877756,scr2013,avaConv,offshore
no_m,h0031,0.8735691544218477,scr2013,avaConv,offshore
no_m,h0032,0.8077810857019218,scr2013,avaConv,offshore
no_m,h0033,0.7640584737107567,scr2013,avaConv,offshore
no_m,h0034,0.821599199165857,scr2013,avaConv,offshore
no_m,h0035,0.8773206102197095,scr2013,avaConv,offshore
no_m,h0036,0.9140340749016486,scr2013,avaConv,offshore
no_m,h0037,0.7367428245897385,scr2013,avaConv,offshore
no_m,h0038,0.5212300892550037,scr2013,avaConv,offshore
no_m,h0039,0.2527239668052027,scr2013,avaConv,offshore
no_m,h0040,0.21113131242567656,scr2013,avaConv,offshore
no_m,h0041,0.16641695982433655,scr2013,avaConv,offshore
no_m,h0042,0.12357669341575514,scr2013,avaConv,offshore
no_m,h0043,0.08590550496543416,scr2013,avaConv,offshore
no_m,h0044,0.06583263540222792,scr2013,avaConv,offshore
no_m,h0045,0.058491807055730705,scr2013,avaConv,offshore
no_m,h0046,0.05553829163798816,scr2013,avaConv,offshore
no_m,h0047,0.048065484633582865,scr2013,avaConv,offshore
no_m,h0048,0.035029244531337225,scr2013,avaConv,offshore
no_n,h0001,0.24846404143856984,scr2013,avaConv,offshore
no_n,h0002,0.25798129946817844,scr2013,avaConv,offshore
no_n,h0003,0.2687343478770751,scr2013,avaConv,offshore
no_n,h0004,0.2940106435037888,scr2013,avaConv,offshore
no_n,h0005,0.31705020517395477,scr2013,avaConv,offshore
no_n,h0006,0.3311831708526547,scr2013,avaConv,offshore
no_n,h0007,0.34762378003927913,scr2013,avaConv,offshore
no_n,h0008,0.3589504135545737,scr2013,avaConv,offshore
no_n,h0009,0.37169852499218053,scr2013,avaConv,offshore
no_n,h0010,0.3746069224146816,scr2013,avaConv,offshore
no_n,h0011,0.4048742200557767,scr2013,avaConv,offshore
no_n,h0012,0.43756912499557726,scr2013,avaConv,offshore
no_n,h0013,0.5663982000474441,scr2013,avaConv,offshore
no_n,h0014,0.6711518645105643,scr2013,avaConv,offshore
no_n,h0015,0.7691618182196569,scr2013,avaConv,offshore
no_n,h0016,0.7592735587160983,scr2013,avaConv,offshore
no_n,h0017,0.7383796668089259,scr2013,avaConv,offshore
no_n,h0018,0.7079704682778872,scr2013,avaConv,offshore
no_n,h0019,0.6001178016188209,scr2013,avaConv,offshore
no_n,h0020,0.5006089562497846,scr2013,avaConv,offshore
no_n,h0021,0.4250199267800535,scr2013,avaConv,offshore
no_n,h0022,0.44850600820893216,scr2013,avaConv,offshore
no_n,h0023,0.48509960478050707,scr2013,avaConv,offshore
no_n,h0024,0.5131457002039612,scr2013,avaConv,offshore
no_n,h0025,0.5181391054459928,scr2013,avaConv,offshore
no_n,h0026,0.5083020144911207,scr2013,avaConv,offshore
no_n,h0027,0.49622263222990587,scr2013,avaConv,offshore
no_n,h0028,0.48442202150304603,scr2013,avaConv,offshore
no_n,h0029,0.4670003903906129,scr2013,avaConv,offshore
no_n,h0030,0.44054887538855847,scr2013,avaConv,offshore
no_n,h0031,0.5693578455116011,scr2013,avaConv,offshore
no_n,h0032,0.7108852032689948,scr2013,avaConv,offshore
no_n,h0033,0.8674510576756969,scr2013,avaConv,offshore
no_n,h0034,0.8771584040504069,scr2013,avaConv,offshore
no_n,h0035,0.8860448732646947,scr2013,avaConv,offshore
no_n,h0036,0.888476818027391,scr2013,avaConv,offshore
no_n,h0037,0.6708431452453766,scr2013,avaConv,offshore
no_n,h0038,0.46859347910635785,scr2013,avaConv,offshore
no_n,h0039,0.2872400215175655,scr2013,avaConv,offshore
no_n,h0040,0.32928960585624933,scr2013,avaConv,offshore
no_n,h0041,0.36015844103772626,scr2013,avaConv,offshore
no_n,h0042,0.38437672621254854,scr2013,avaConv,offshore
no_n,h0043,0.4747430532478527,scr2013,avaConv,offshore
no_n,h0044,0.5526597370088019,scr2013,avaConv,offshore
no_n,h0045,0.6007899876522128,scr2013,avaConv,offshore
no_n,h0046,0.5437230803306381,scr2013,avaConv,offshore
no_n,h0047,0.5043082925834758,scr2013,avaConv,offshore
no_n,h0048,0.4792977596488293,scr2013,avaConv,offshore
no_s,h0001,0.832346945991252,scr2013,avaConv,offshore
no_s,h0002,0.8078047916736845,scr2013,avaConv,offshore
no_s,h0003,0.7686741543685746,scr2013,avaConv,offshore
no_s,h0004,0.7105609340970913,scr2013,avaConv,offshore
no_s,h0005,0.6406133547455494,scr2013,avaConv,offshore
no_s,h0006,0.5730629310752507,scr2013,avaConv,offshore
no_s,h0007,0.6542705549497443,scr2013,avaConv,offshore
no_s,h0008,0.7641464502434737,scr2013,avaConv,offshore
no_s,h0009,0.9009198595354916,scr2013,avaConv,offshore
no_s,h0010,0.9016943403536225,scr2013,avaConv,offshore
no_s,h0011,0.9016232755262228,scr2013,avaConv,offshore
no_s,h0012,0.9018839442389741,scr2013,avaConv,offshore
no_s,h0013,0.7097895488482532,scr2013,avaConv,offshore
no_s,h0014,0.5384104729372143,scr2013,avaConv,offshore
no_s,h0015,0.3483093312833898,scr2013,avaConv,offshore
no_s,h0016,0.3195567676642613,scr2013,avaConv,offshore
no_s,h0017,0.25592556448426884,scr2013,avaConv,offshore
no_s,h0018,0.2054007989843282,scr2013,avaConv,offshore
no_s,h0019,0.15085715197339666,scr2013,avaConv,offshore
no_s,h0020,0.10101929293588618,scr2013,avaConv,offshore
no_s,h0021,0.04850426723383438,scr2013,avaConv,offshore
no_s,h0022,0.04032134602616457,scr2013,avaConv,offshore
no_s,h0023,0.04067638316751962,scr2013,avaConv,offshore
no_s,h0024,0.05522707342361045,scr2013,avaConv,offshore
no_s,h0025,0.20843087561331278,scr2013,avaConv,offshore
no_s,h0026,0.33999965435731855,scr2013,avaConv,offshore
no_s,h0027,0.45930619693513003,scr2013,avaConv,offshore
no_s,h0028,0.4450499149026442,scr2013,avaConv,offshore
no_s,h0029,0.444181608532445,scr2013,avaConv,offshore
no_s,h0030,0.446743799378315,scr2013,avaConv,offshore
no_s,h0031,0.5243512299182215,scr2013,avaConv,offshore
no_s,h0032,0.596557425330346,scr2013,avaConv,offshore
no_s,h0033,0.6637823493332023,scr2013,avaConv,offshore
no_s,h0034,0.672085321659893,scr2013,avaConv,offshore
no_s,h0035,0.710490266183587,scr2013,avaConv,offshore
no_s,h0036,0.7440854046995647,scr2013,avaConv,offshore
no_s,h0037,0.7237865846318056,scr2013,avaConv,offshore
no_s,h0038,0.7146871150593317,scr2013,avaConv,offshore
no_s,h0039,0.7338889806798478,scr2013,avaConv,offshore
no_s,h0040,0.807778096328476,scr2013,avaConv,offshore
no_s,h0041,0.8489342412814528,scr2013,avaConv,offshore
no_s,h0042,0.8729233469726431,scr2013,avaConv,offshore
no_s,h0043,0.6009057280147865,scr2013,avaConv,offshore
no_s,h0044,0.31830971657943546,scr2013,avaConv,offshore
no_s,h0045,0.012940932163743155,scr2013,avaConv,offshore
no_s,h0046,0.018321520729263827,scr2013,avaConv,offshore
no_s,h0047,0.026816579295477164,scr2013,avaConv,offshore
no_s,h0048,0.034022443164679145,scr2013,avaConv,offshore
pl,h0001,0.95,scr2013,avaConv,offshore
pl,h0002,0.9499999346757287,scr2013,avaConv,offshore
pl,h0003,0.9499998828842457,scr2013,avaConv,offshore
pl,h0004,0.9499997510541652,scr2013,avaConv,offshore
pl,h0005,0.9499995071148705,scr2013,avaConv,offshore
pl,h0006,0.949999073394362,scr2013,avaConv,offshore
pl,h0007,0.949660669262036,scr2013,avaConv,offshore
pl,h0008,0.9495130077148414,scr2013,avaConv,offshore
pl,h0009,0.9482379309784367,scr2013,avaConv,offshore
pl,h0010,0.9437750442061549,scr2013,avaConv,offshore
pl,h0011,0.9340853705573995,scr2013,avaConv,offshore
pl,h0012,0.9175378915672381,scr2013,avaConv,offshore
pl,h0013,0.6081080558990875,scr2013,avaConv,offshore
pl,h0014,0.302110808213426,scr2013,avaConv,offshore
pl,h0015,0.0,scr2013,avaConv,offshore
pl,h0016,0.0,scr2013,avaConv,offshore
pl,h0017,0.0,scr2013,avaConv,offshore
pl,h0018,0.001395431613495974,scr2013,avaConv,offshore
pl,h0019,0.3161115780405804,scr2013,avaConv,offshore
pl,h0020,0.6240981054566523,scr2013,avaConv,offshore
pl,h0021,0.923719655685965,scr2013,avaConv,offshore
pl,h0022,0.9044660118667874,scr2013,avaConv,offshore
pl,h0023,0.9045396306703619,scr2013,avaConv,offshore
pl,h0024,0.9023661920559816,scr2013,avaConv,offshore
pl,h0025,0.7383411913478778,scr2013,avaConv,offshore
pl,h0026,0.5522693192238255,scr2013,avaConv,offshore
pl,h0027,0.36655686405086246,scr2013,avaConv,offshore
pl,h0028,0.34939378972960566,scr2013,avaConv,offshore
pl,h0029,0.33323417608339667,scr2013,avaConv,offshore
pl,h0030,0.3238821519605738,scr2013,avaConv,offshore
pl,h0031,0.43197984152703056,scr2013,avaConv,offshore
pl,h0032,0.5461059430056479,scr2013,avaConv,offshore
pl,h0033,0.6819128739369588,scr2013,avaConv,offshore
pl,h0034,0.7147661200355933,scr2013,avaConv,offshore
pl,h0035,0.7715836337375064,scr2013,avaConv,offshore
pl,h0036,0.8011505552168756,scr2013,avaConv,offshore
pl,h0037,0.6590571768652866,scr2013,avaConv,offshore
pl,h0038,0.4874689164806733,scr2013,avaConv,offshore
pl,h0039,0.3266828210704305,scr2013,avaConv,offshore
pl,h0040,0.3452650041495417,scr2013,avaConv,offshore
pl,h0041,0.3927024366404472,scr2013,avaConv,offshore
pl,h0042,0.44935509824519926,scr2013,avaConv,offshore
pl,h0043,0.36651387214020126,scr2013,avaConv,offshore
pl,h0044,0.2427684439090924,scr2013,avaConv,offshore
pl,h0045,0.09386809275936786,scr2013,avaConv,offshore
pl,h0046,0.06407128918703742,scr2013,avaConv,offshore
pl,h0047,0.04899268437354014,scr2013,avaConv,offshore
pl,h0048,0.0414214994822737,scr2013,avaConv,offshore
pt,h0001,0.5246936369934403,scr2013,avaConv,offshore
pt,h0002,0.533452998991648,scr2013,avaConv,offshore
pt,h0003,0.526913654913834,scr2013,avaConv,offshore
pt,h0004,0.5233849641957896,scr2013,avaConv,offshore
pt,h0005,0.5059154303656356,scr2013,avaConv,offshore
pt,h0006,0.48695912434906313,scr2013,avaConv,offshore
pt,h0007,0.42196686228625707,scr2013,avaConv,offshore
pt,h0008,0.36896934300414397,scr2013,avaConv,offshore
pt,h0009,0.31826679599845265,scr2013,avaConv,offshore
pt,h0010,0.30434138759286733,scr2013,avaConv,offshore
pt,h0011,0.2932232899623934,scr2013,avaConv,offshore
pt,h0012,0.2794072768260878,scr2013,avaConv,offshore
pt,h0013,0.2965638415020595,scr2013,avaConv,offshore
pt,h0014,0.3037563729440544,scr2013,avaConv,offshore
pt,h0015,0.3078149076990319,scr2013,avaConv,offshore
pt,h0016,0.2814015189797311,scr2013,avaConv,offshore
pt,h0017,0.25482428708290544,scr2013,avaConv,offshore
pt,h0018,0.24834526493425238,scr2013,avaConv,offshore
pt,h0019,0.2020610997117005,scr2013,avaConv,offshore
pt,h0020,0.14171312344238612,scr2013,avaConv,offshore
pt,h0021,0.06294543976233613,scr2013,avaConv,offshore
pt,h0022,0.02910913179592861,scr2013,avaConv,offshore
pt,h0023,0.010073214727124939,scr2013,avaConv,offshore
pt,h0024,0.0022174837281216516,scr2013,avaConv,offshore
pt,h0025,0.23362273902983882,scr2013,avaConv,offshore
pt,h0026,0.4119652995291623,scr2013,avaConv,offshore
pt,h0027,0.5682182271823804,scr2013,avaConv,offshore
pt,h0028,0.5229145823254838,scr2013,avaConv,offshore
pt,h0029,0.5612256695580173,scr2013,avaConv,offshore
pt,h0030,0.6548863715862141,scr2013,avaConv,offshore
pt,h0031,0.5115488935954177,scr2013,avaConv,offshore
pt,h0032,0.30270657284074864,scr2013,avaConv,offshore
pt,h0033,0.037115348255752384,scr2013,avaConv,offshore
pt,h0034,0.01608790376637701,scr2013,avaConv,offshore
pt,h0035,0.030011539152492335,scr2013,avaConv,offshore
pt,h0036,0.12021961946051113,scr2013,avaConv,offshore
pt,h0037,0.43660691238109617,scr2013,avaConv,offshore
pt,h0038,0.7276056794310288,scr2013,avaConv,offshore
pt,h0039,0.9499879658678965,scr2013,avaConv,offshore
pt,h0040,0.9499766812151424,scr2013,avaConv,offshore
pt,h0041,0.9410962827930963,scr2013,avaConv,offshore
pt,h0042,0.918541596601065,scr2013,avaConv,offshore
pt,h0043,0.917825383572117,scr2013,avaConv,offshore
pt,h0044,0.924117818614903,scr2013,avaConv,offshore
pt,h0045,0.9426453204986541,scr2013,avaConv,offshore
pt,h0046,0.942975058563934,scr2013,avaConv,offshore
pt,h0047,0.9455291561459725,scr2013,avaConv,offshore
pt,h0048,0.9495475948328296,scr2013,avaConv,offshore
ro,h0001,0.0,scr2013,avaConv,offshore
ro,h0002,0.0,scr2013,avaConv,offshore
ro,h0003,0.0,scr2013,avaConv,offshore
ro,h0004,0.0,scr2013,avaConv,offshore
ro,h0005,0.0,scr2013,avaConv,offshore
ro,h0006,0.0,scr2013,avaConv,offshore
ro,h0007,0.16686502462484537,scr2013,avaConv,offshore
ro,h0008,0.31879775647445285,scr2013,avaConv,offshore
ro,h0009,0.4645634324797368,scr2013,avaConv,offshore
ro,h0010,0.45060374672939374,scr2013,avaConv,offshore
ro,h0011,0.4528494767738907,scr2013,avaConv,offshore
ro,h0012,0.43335521450008774,scr2013,avaConv,offshore
ro,h0013,0.5678182369442251,scr2013,avaConv,offshore
ro,h0014,0.6885599038035993,scr2013,avaConv,offshore
ro,h0015,0.8466310658937046,scr2013,avaConv,offshore
ro,h0016,0.8798338336578534,scr2013,avaConv,offshore
ro,h0017,0.9181390035583593,scr2013,avaConv,offshore
ro,h0018,0.941878647721019,scr2013,avaConv,offshore
ro,h0019,0.9379322515877351,scr2013,avaConv,offshore
ro,h0020,0.9231435998232713,scr2013,avaConv,offshore
ro,h0021,0.9084313538357609,scr2013,avaConv,offshore
ro,h0022,0.9016849399950033,scr2013,avaConv,offshore
ro,h0023,0.9033262728111663,scr2013,avaConv,offshore
ro,h0024,0.9018117634741631,scr2013,avaConv,offshore
ro,h0025,0.6167030594543786,scr2013,avaConv,offshore
ro,h0026,0.3222452697815094,scr2013,avaConv,offshore
ro,h0027,0.014033074635641603,scr2013,avaConv,offshore
ro,h0028,0.024191204684130795,scr2013,avaConv,offshore
ro,h0029,0.04145166194420935,scr2013,avaConv,offshore
ro,h0030,0.06310644047666127,scr2013,avaConv,offshore
ro,h0031,0.3712778564961474,scr2013,avaConv,offshore
ro,h0032,0.6498413515202687,scr2013,avaConv,offshore
ro,h0033,0.8872630198757917,scr2013,avaConv,offshore
ro,h0034,0.7970192176215835,scr2013,avaConv,offshore
ro,h0035,0.6416285391655169,scr2013,avaConv,offshore
ro,h0036,0.4581788000073471,scr2013,avaConv,offshore
ro,h0037,0.2846129117379923,scr2013,avaConv,offshore
ro,h0038,0.16641478268769563,scr2013,avaConv,offshore
ro,h0039,0.099122574786977,scr2013,avaConv,offshore
ro,h0040,0.06655983359657368,scr2013,avaConv,offshore
ro,h0041,0.045323194123854736,scr2013,avaConv,offshore
ro,h0042,0.030300197293690954,scr2013,avaConv,offshore
ro,h0043,0.05312299319588546,scr2013,avaConv,offshore
ro,h0044,0.07251342436835906,scr2013,avaConv,offshore
ro,h0045,0.08833674038380787,scr2013,avaConv,offshore
ro,h0046,0.09079569990841684,scr2013,avaConv,offshore
ro,h0047,0.15074687816791343,scr2013,avaConv,offshore
ro,h0048,0.2091678133119728,scr2013,avaConv,offshore
se_1,h0001,0.5565924568879604,scr2013,avaConv,offshore
se_1,h0002,0.5242707875544661,scr2013,avaConv,offshore
se_1,h0003,0.543481756772364,scr2013,avaConv,offshore
se_1,h0004,0.5783506230136717,scr2013,avaConv,offshore
se_1,h0005,0.6241586010573899,scr2013,avaConv,offshore
se_1,h0006,0.6431416604625062,scr2013,avaConv,offshore
se_1,h0007,0.4793852486568597,scr2013,avaConv,offshore
se_1,h0008,0.3782744687669187,scr2013,avaConv,offshore
se_1,h0009,0.3136365548611789,scr2013,avaConv,offshore
se_1,h0010,0.39733982514670224,scr2013,avaConv,offshore
se_1,h0011,0.42000701500836785,scr2013,avaConv,offshore
se_1,h0012,0.39840013884235154,scr2013,avaConv,offshore
se_1,h0013,0.25960117421956885,scr2013,avaConv,offshore
se_1,h0014,0.12845315720501016,scr2013,avaConv,offshore
se_1,h0015,0.0,scr2013,avaConv,offshore
se_1,h0016,0.0,scr2013,avaConv,offshore
se_1,h0017,0.0,scr2013,avaConv,offshore
se_1,h0018,0.0,scr2013,avaConv,offshore
se_1,h0019,0.22631985374184954,scr2013,avaConv,offshore
se_1,h0020,0.39251026515598847,scr2013,avaConv,offshore
se_1,h0021,0.519966228257402,scr2013,avaConv,offshore
se_1,h0022,0.41237167887012066,scr2013,avaConv,offshore
se_1,h0023,0.3589448714644311,scr2013,avaConv,offshore
se_1,h0024,0.34594096533207375,scr2013,avaConv,offshore
se_1,h0025,0.23050571777110648,scr2013,avaConv,offshore
se_1,h0026,0.11720815538580778,scr2013,avaConv,offshore
se_1,h0027,0.0,scr2013,avaConv,offshore
se_1,h0028,0.0,scr2013,avaConv,offshore
se_1,h0029,0.0,scr2013,avaConv,offshore
se_1,h0030,0.0,scr2013,avaConv,offshore
se_1,h0031,0.0013640837858110914,scr2013,avaConv,offshore
se_1,h0032,0.007954384328580314,scr2013,avaConv,offshore
se_1,h0033,0.021165594874404756,scr2013,avaConv,offshore
se_1,h0034,0.03930860629673312,scr2013,avaConv,offshore
se_1,h0035,0.07209915734723063,scr2013,avaConv,offshore
se_1,h0036,0.10913562166940344,scr2013,avaConv,offshore
se_1,h0037,0.4079116311057682,scr2013,avaConv,offshore
se_1,h0038,0.6848573237722517,scr2013,avaConv,offshore
se_1,h0039,0.9498454931420188,scr2013,avaConv,offshore
se_1,h0040,0.9495604661430259,scr2013,avaConv,offshore
se_1,h0041,0.9488331985571432,scr2013,avaConv,offshore
se_1,h0042,0.9429162126816151,scr2013,avaConv,offshore
se_1,h0043,0.9431641520861433,scr2013,avaConv,offshore
se_1,h0044,0.9439020623523923,scr2013,avaConv,offshore
se_1,h0045,0.9499176563396974,scr2013,avaConv,offshore
se_1,h0046,0.9499356753876051,scr2013,avaConv,offshore
se_1,h0047,0.949955612346468,scr2013,avaConv,offshore
se_1,h0048,0.9499602536057259,scr2013,avaConv,offshore
se_2,h0001,0.6985174862473325,scr2013,avaConv,offshore
se_2,h0002,0.7034793974178017,scr2013,avaConv,offshore
se_2,h0003,0.7283700194111654,scr2013,avaConv,offshore
se_2,h0004,0.7697305204897958,scr2013,avaConv,offshore
se_2,h0005,0.8155310579639664,scr2013,avaConv,offshore
se_2,h0006,0.8470591353078214,scr2013,avaConv,offshore
se_2,h0007,0.8892087197395225,scr2013,avaConv,offshore
se_2,h0008,0.9238249921676596,scr2013,avaConv,offshore
se_2,h0009,0.9494168208123176,scr2013,avaConv,offshore
se_2,h0010,0.9487263223407298,scr2013,avaConv,offshore
se_2,h0011,0.9478305389620659,scr2013,avaConv,offshore
se_2,h0012,0.9476053477954799,scr2013,avaConv,offshore
se_2,h0013,0.7083663081621734,scr2013,avaConv,offshore
se_2,h0014,0.4698479336165033,scr2013,avaConv,offshore
se_2,h0015,0.21780644914340097,scr2013,avaConv,offshore
se_2,h0016,0.2244986012128611,scr2013,avaConv,offshore
se_2,h0017,0.2353404678754297,scr2013,avaConv,offshore
se_2,h0018,0.2700220399634621,scr2013,avaConv,offshore
se_2,h0019,0.5158005762732294,scr2013,avaConv,offshore
se_2,h0020,0.7440538536986722,scr2013,avaConv,offshore
se_2,h0021,0.9499998096037174,scr2013,avaConv,offshore
se_2,h0022,0.9499998098725987,scr2013,avaConv,offshore
se_2,h0023,0.9499924046212387,scr2013,avaConv,offshore
se_2,h0024,0.9499917965769217,scr2013,avaConv,offshore
se_2,h0025,0.6754086439587815,scr2013,avaConv,offshore
se_2,h0026,0.39422844410861974,scr2013,avaConv,offshore
se_2,h0027,0.10189253134149319,scr2013,avaConv,offshore
se_2,h0028,0.10604075314840397,scr2013,avaConv,offshore
se_2,h0029,0.10725484372837082,scr2013,avaConv,offshore
se_2,h0030,0.10099842549354936,scr2013,avaConv,offshore
se_2,h0031,0.14054669685261614,scr2013,avaConv,offshore
se_2,h0032,0.17629145868371118,scr2013,avaConv,offshore
se_2,h0033,0.2016473318644233,scr2013,avaConv,offshore
se_2,h0034,0.16668231168569295,scr2013,avaConv,offshore
se_2,h0035,0.12986916994815823,scr2013,avaConv,offshore
se_2,h0036,0.09752711526943483,scr2013,avaConv,offshore
se_2,h0037,0.37492014589396155,scr2013,avaConv,offshore
se_2,h0038,0.6497289347880769,scr2013,avaConv,offshore
se_2,h0039,0.9285666633936632,scr2013,avaConv,offshore
se_2,h0040,0.9386003498833678,scr2013,avaConv,offshore
se_2,h0041,0.9432454297072967,scr2013,avaConv,offshore
se_2,h0042,0.9448748140293965,scr2013,avaConv,offshore
se_2,h0043,0.7581349741793579,scr2013,avaConv,offshore
se_2,h0044,0.5676459998060598,scr2013,avaConv,offshore
se_2,h0045,0.3741035959681462,scr2013,avaConv,offshore
se_2,h0046,0.39048504998372324,scr2013,avaConv,offshore
se_2,h0047,0.44460629308614064,scr2013,avaConv,offshore
se_2,h0048,0.5168336754913178,scr2013,avaConv,offshore
se_3,h0001,0.9495091345768707,scr2013,avaConv,offshore
se_3,h0002,0.9490942154199772,scr2013,avaConv,offshore
se_3,h0003,0.9492840629556931,scr2013,avaConv,offshore
se_3,h0004,0.9493333772180594,scr2013,avaConv,offshore
se_3,h0005,0.9496411764943306,scr2013,avaConv,offshore
se_3,h0006,0.949255324986404,scr2013,avaConv,offshore
se_3,h0007,0.9363741588961906,scr2013,avaConv,offshore
se_3,h0008,0.9208377848887045,scr2013,avaConv,offshore
se_3,h0009,0.8986138926704876,scr2013,avaConv,offshore
se_3,h0010,0.8821533215997166,scr2013,avaConv,offshore
se_3,h0011,0.8631534115136055,scr2013,avaConv,offshore
se_3,h0012,0.8368855923162425,scr2013,avaConv,offshore
se_3,h0013,0.5533706921960265,scr2013,avaConv,offshore
se_3,h0014,0.27663478270364145,scr2013,avaConv,offshore
se_3,h0015,0.016425328220316438,scr2013,avaConv,offshore
se_3,h0016,0.02532652885557849,scr2013,avaConv,offshore
se_3,h0017,0.03895802724443952,scr2013,avaConv,offshore
se_3,h0018,0.051334392181253984,scr2013,avaConv,offshore
se_3,h0019,0.3511429419531587,scr2013,avaConv,offshore
se_3,h0020,0.6431163411594085,scr2013,avaConv,offshore
se_3,h0021,0.9322717928386267,scr2013,avaConv,offshore
se_3,h0022,0.926908784454118,scr2013,avaConv,offshore
se_3,h0023,0.9238140888699244,scr2013,avaConv,offshore
se_3,h0024,0.9229163167228576,scr2013,avaConv,offshore
se_3,h0025,0.6480610680724284,scr2013,avaConv,offshore
se_3,h0026,0.37845563111959013,scr2013,avaConv,offshore
se_3,h0027,0.11480868763779269,scr2013,avaConv,offshore
se_3,h0028,0.13116567323591863,scr2013,avaConv,offshore
se_3,h0029,0.14847104795075625,scr2013,avaConv,offshore
se_3,h0030,0.17170442206251568,scr2013,avaConv,offshore
se_3,h0031,0.25357675559346643,scr2013,avaConv,offshore
se_3,h0032,0.3494905985559954,scr2013,avaConv,offshore
se_3,h0033,0.43773744506228124,scr2013,avaConv,offshore
se_3,h0034,0.46711637135384537,scr2013,avaConv,offshore
se_3,h0035,0.5154873428156759,scr2013,avaConv,offshore
se_3,h0036,0.5789973118053575,scr2013,avaConv,offshore
se_3,h0037,0.4945002276297356,scr2013,avaConv,offshore
se_3,h0038,0.37190791156266717,scr2013,avaConv,offshore
se_3,h0039,0.24030798213524066,scr2013,avaConv,offshore
se_3,h0040,0.2727349940835186,scr2013,avaConv,offshore
se_3,h0041,0.3325025969117185,scr2013,avaConv,offshore
se_3,h0042,0.4060551723299914,scr2013,avaConv,offshore
se_3,h0043,0.31175758025389516,scr2013,avaConv,offshore
se_3,h0044,0.18694884919779348,scr2013,avaConv,offshore
se_3,h0045,0.03699609379911814,scr2013,avaConv,offshore
se_3,h0046,0.033331618578857344,scr2013,avaConv,offshore
se_3,h0047,0.03243533946551216,scr2013,avaConv,offshore
se_3,h0048,0.031607004430447665,scr2013,avaConv,offshore
se_4,h0001,0.949990266108919,scr2013,avaConv,offshore
se_4,h0002,0.9499904796217971,scr2013,avaConv,offshore
se_4,h0003,0.9499762588938736,scr2013,avaConv,offshore
se_4,h0004,0.9498978637406147,scr2013,avaConv,offshore
se_4,h0005,0.9488141255044849,scr2013,avaConv,offshore
se_4,h0006,0.944714869401376,scr2013,avaConv,offshore
se_4,h0007,0.9421561176091747,scr2013,avaConv,offshore
se_4,h0008,0.9374698478046758,scr2013,avaConv,offshore
se_4,h0009,0.9331934595098954,scr2013,avaConv,offshore
se_4,h0010,0.9050284901886285,scr2013,avaConv,offshore
se_4,h0011,0.8531756498630982,scr2013,avaConv,offshore
se_4,h0012,0.8086066235558341,scr2013,avaConv,offshore
se_4,h0013,0.5293423097475889,scr2013,avaConv,offshore
se_4,h0014,0.27686462601052414,scr2013,avaConv,offshore
se_4,h0015,0.029446340607360767,scr2013,avaConv,offshore
se_4,h0016,0.028092584521574995,scr2013,avaConv,offshore
se_4,h0017,0.03944697183332553,scr2013,avaConv,offshore
se_4,h0018,0.061117414838980026,scr2013,avaConv,offshore
se_4,h0019,0.3080318016914537,scr2013,avaConv,offshore
se_4,h0020,0.555472748344576,scr2013,avaConv,offshore
se_4,h0021,0.7950653871333179,scr2013,avaConv,offshore
se_4,h0022,0.7931857265029231,scr2013,avaConv,offshore
se_4,h0023,0.7769351886087,scr2013,avaConv,offshore
se_4,h0024,0.7574618289744933,scr2013,avaConv,offshore
se_4,h0025,0.6170040163198204,scr2013,avaConv,offshore
se_4,h0026,0.49520756414200157,scr2013,avaConv,offshore
se_4,h0027,0.3851468157089728,scr2013,avaConv,offshore
se_4,h0028,0.3965317748308759,scr2013,avaConv,offshore
se_4,h0029,0.39749610799026025,scr2013,avaConv,offshore
se_4,h0030,0.39548353552340415,scr2013,avaConv,offshore
se_4,h0031,0.35021755176498826,scr2013,avaConv,offshore
se_4,h0032,0.32857298419049485,scr2013,avaConv,offshore
se_4,h0033,0.3256055136469579,scr2013,avaConv,offshore
se_4,h0034,0.3765024213493026,scr2013,avaConv,offshore
se_4,h0035,0.44082666695974315,scr2013,avaConv,offshore
se_4,h0036,0.5009708449847433,scr2013,avaConv,offshore
se_4,h0037,0.43551465778817655,scr2013,avaConv,offshore
se_4,h0038,0.33766325655493157,scr2013,avaConv,offshore
se_4,h0039,0.23262449826547238,scr2013,avaConv,offshore
se_4,h0040,0.25714033913557843,scr2013,avaConv,offshore
se_4,h0041,0.3099499560539525,scr2013,avaConv,offshore
se_4,h0042,0.3792525996927403,scr2013,avaConv,offshore
se_4,h0043,0.3277336025354171,scr2013,avaConv,offshore
se_4,h0044,0.24176382649356326,scr2013,avaConv,offshore
se_4,h0045,0.12748598535253974,scr2013,avaConv,offshore
se_4,h0046,0.10986898149519457,scr2013,avaConv,offshore
se_4,h0047,0.10643240826264161,scr2013,avaConv,offshore
se_4,h0048,0.1104776273640463,scr2013,avaConv,offshore
si,h0001,0.0,scr2013,avaConv,offshore
si,h0002,0.0,scr2013,avaConv,offshore
si,h0003,0.0,scr2013,avaConv,offshore
si,h0004,0.0,scr2013,avaConv,offshore
si,h0005,0.0,scr2013,avaConv,offshore
si,h0006,0.0,scr2013,avaConv,offshore
si,h0007,0.0,scr2013,avaConv,offshore
si,h0008,0.0,scr2013,avaConv,offshore
si,h0009,0.0,scr2013,avaConv,offshore
si,h0010,0.0,scr2013,avaConv,offshore
si,h0011,0.0,scr2013,avaConv,offshore
si,h0012,0.0,scr2013,avaConv,offshore
si,h0013,0.0,scr2013,avaConv,offshore
si,h0014,0.0,scr2013,avaConv,offshore
si,h0015,0.0001022462504405868,scr2013,avaConv,offshore
si,h0016,0.053370286055010936,scr2013,avaConv,offshore
si,h0017,0.13633970427733266,scr2013,avaConv,offshore
si,h0018,0.22649738129374794,scr2013,avaConv,offshore
si,h0019,0.1828433664185588,scr2013,avaConv,offshore
si,h0020,0.10290297733964486,scr2013,avaConv,offshore
si,h0021,0.0,scr2013,avaConv,offshore
si,h0022,0.0,scr2013,avaConv,offshore
si,h0023,0.0,scr2013,avaConv,offshore
si,h0024,0.0,scr2013,avaConv,offshore
si,h0025,0.34571986824842227,scr2013,avaConv,offshore
si,h0026,0.6541871931921281,scr2013,avaConv,offshore
si,h0027,0.95,scr2013,avaConv,offshore
si,h0028,0.95,scr2013,avaConv,offshore
si,h0029,0.95,scr2013,avaConv,offshore
si,h0030,0.95,scr2013,avaConv,offshore
si,h0031,0.8169893521231556,scr2013,avaConv,offshore
si,h0032,0.6931639519953674,scr2013,avaConv,offshore
si,h0033,0.6104434832018402,scr2013,avaConv,offshore
si,h0034,0.703977716710526,scr2013,avaConv,offshore
si,h0035,0.8089932723573058,scr2013,avaConv,offshore
si,h0036,0.8876273088100365,scr2013,avaConv,offshore
si,h0037,0.6340553274821794,scr2013,avaConv,offshore
si,h0038,0.3445774413842204,scr2013,avaConv,offshore
si,h0039,0.0021151395743063714,scr2013,avaConv,offshore
si,h0040,0.006331222258190095,scr2013,avaConv,offshore
si,h0041,0.017596143682637764,scr2013,avaConv,offshore
si,h0042,0.02066096675542785,scr2013,avaConv,offshore
si,h0043,0.03281407963477031,scr2013,avaConv,offshore
si,h0044,0.06129999517023091,scr2013,avaConv,offshore
si,h0045,0.11475575917775979,scr2013,avaConv,offshore
si,h0046,0.1618441080556803,scr2013,avaConv,offshore
si,h0047,0.1633409932253914,scr2013,avaConv,offshore
si,h0048,0.15316696029459775,scr2013,avaConv,offshore
uk,h0001,0.7196103843042659,scr2013,avaConv,offshore
uk,h0002,0.7499292377530874,scr2013,avaConv,offshore
uk,h0003,0.7623508996219133,scr2013,avaConv,offshore
uk,h0004,0.7619834306701203,scr2013,avaConv,offshore
uk,h0005,0.7412671086017959,scr2013,avaConv,offshore
uk,h0006,0.7303360264018709,scr2013,avaConv,offshore
uk,h0007,0.6866778280462693,scr2013,avaConv,offshore
uk,h0008,0.6279104733569731,scr2013,avaConv,offshore
uk,h0009,0.5499434266620947,scr2013,avaConv,offshore
uk,h0010,0.5305429004610431,scr2013,avaConv,offshore
uk,h0011,0.5514934608466436,scr2013,avaConv,offshore
uk,h0012,0.5882720796900052,scr2013,avaConv,offshore
uk,h0013,0.6460504941303506,scr2013,avaConv,offshore
uk,h0014,0.6802576117946628,scr2013,avaConv,offshore
uk,h0015,0.705011386288726,scr2013,avaConv,offshore
uk,h0016,0.7061968516263712,scr2013,avaConv,offshore
uk,h0017,0.700333450939261,scr2013,avaConv,offshore
uk,h0018,0.7024701880394741,scr2013,avaConv,offshore
uk,h0019,0.581153751611423,scr2013,avaConv,offshore
uk,h0020,0.4569350857284186,scr2013,avaConv,offshore
uk,h0021,0.32590311403839684,scr2013,avaConv,offshore
uk,h0022,0.3112435448961923,scr2013,avaConv,offshore
uk,h0023,0.29969659857306574,scr2013,avaConv,offshore
uk,h0024,0.2768699019091849,scr2013,avaConv,offshore
uk,h0025,0.250661333650563,scr2013,avaConv,offshore
uk,h0026,0.2326822461625891,scr2013,avaConv,offshore
uk,h0027,0.22446805648516993,scr2013,avaConv,offshore
uk,h0028,0.23388937025988837,scr2013,avaConv,offshore
uk,h0029,0.25274460324211817,scr2013,avaConv,offshore
uk,h0030,0.2826182630979453,scr2013,avaConv,offshore
uk,h0031,0.302784648661498,scr2013,avaConv,offshore
uk,h0032,0.30845617510315915,scr2013,avaConv,offshore
uk,h0033,0.3099299498229173,scr2013,avaConv,offshore
uk,h0034,0.32385828858967464,scr2013,avaConv,offshore
uk,h0035,0.3582647051711714,scr2013,avaConv,offshore
uk,h0036,0.3897071234095167,scr2013,avaConv,offshore
uk,h0037,0.4785461893288113,scr2013,avaConv,offshore
uk,h0038,0.5541799328718483,scr2013,avaConv,offshore
uk,h0039,0.6303976493679246,scr2013,avaConv,offshore
uk,h0040,0.6413326956200821,scr2013,avaConv,offshore
uk,h0041,0.6484513474077477,scr2013,avaConv,offshore
uk,h0042,0.6516551551265641,scr2013,avaConv,offshore
uk,h0043,0.5263267095368946,scr2013,avaConv,offshore
uk,h0044,0.4096594642212701,scr2013,avaConv,offshore
uk,h0045,0.2848674880237403,scr2013,avaConv,offshore
uk,h0046,0.2814460853350402,scr2013,avaConv,offshore
uk,h0047,0.26384492063924214,scr2013,avaConv,offshore
uk,h0048,0.24534144901737032,scr2013,avaConv,offshore
ni,h0001,0.9499897829398284,scr2013,avaConv,offshore
ni,h0002,0.9499932189151239,scr2013,avaConv,offshore
ni,h0003,0.9499941379429393,scr2013,avaConv,offshore
ni,h0004,0.9497921401240375,scr2013,avaConv,offshore
ni,h0005,0.9496908524343588,scr2013,avaConv,offshore
ni,h0006,0.9496646747438889,scr2013,avaConv,offshore
ni,h0007,0.7976345729782284,scr2013,avaConv,offshore
ni,h0008,0.6075734003001538,scr2013,avaConv,offshore
ni,h0009,0.3889532700132649,scr2013,avaConv,offshore
ni,h0010,0.3274226087249401,scr2013,avaConv,offshore
ni,h0011,0.2947570281908834,scr2013,avaConv,offshore
ni,h0012,0.2954243483067995,scr2013,avaConv,offshore
ni,h0013,0.37352791493672066,scr2013,avaConv,offshore
ni,h0014,0.469761981233089,scr2013,avaConv,offshore
ni,h0015,0.5590878611280089,scr2013,avaConv,offshore
ni,h0016,0.555594201063887,scr2013,avaConv,offshore
ni,h0017,0.5442222328187429,scr2013,avaConv,offshore
ni,h0018,0.512225555567639,scr2013,avaConv,offshore
ni,h0019,0.5730537603900729,scr2013,avaConv,offshore
ni,h0020,0.5698868819201943,scr2013,avaConv,offshore
ni,h0021,0.5237548662325318,scr2013,avaConv,offshore
ni,h0022,0.3936561985942673,scr2013,avaConv,offshore
ni,h0023,0.34677282743663795,scr2013,avaConv,offshore
ni,h0024,0.3474105081030896,scr2013,avaConv,offshore
ni,h0025,0.3960447731809726,scr2013,avaConv,offshore
ni,h0026,0.47538730346485586,scr2013,avaConv,offshore
ni,h0027,0.6145902406786482,scr2013,avaConv,offshore
ni,h0028,0.7528492314265128,scr2013,avaConv,offshore
ni,h0029,0.860215992119609,scr2013,avaConv,offshore
ni,h0030,0.9200304851629302,scr2013,avaConv,offshore
ni,h0031,0.8991643014126115,scr2013,avaConv,offshore
ni,h0032,0.8852839663338101,scr2013,avaConv,offshore
ni,h0033,0.8815023342802845,scr2013,avaConv,offshore
ni,h0034,0.9290123298988814,scr2013,avaConv,offshore
ni,h0035,0.9456307430520623,scr2013,avaConv,offshore
ni,h0036,0.9495586866324695,scr2013,avaConv,offshore
ni,h0037,0.9469650314977557,scr2013,avaConv,offshore
ni,h0038,0.9438663940044649,scr2013,avaConv,offshore
ni,h0039,0.937070108552987,scr2013,avaConv,offshore
ni,h0040,0.9317672259471244,scr2013,avaConv,offshore
ni,h0041,0.9280869090917625,scr2013,avaConv,offshore
ni,h0042,0.9315038709851016,scr2013,avaConv,offshore
ni,h0043,0.7902655687796188,scr2013,avaConv,offshore
ni,h0044,0.6521515208167644,scr2013,avaConv,offshore
ni,h0045,0.4938566105033153,scr2013,avaConv,offshore
ni,h0046,0.4649360816537981,scr2013,avaConv,offshore
ni,h0047,0.3971902316523078,scr2013,avaConv,offshore
ni,h0048,0.3223410687806774,scr2013,avaConv,offshore
