region_3,timestep_6,value,scenario_1,parameter,technology_3
al,h0073,0.02965445456946876,scr1992,avaConv,runOfRiver
al,h0074,0.027983329522076897,scr1992,avaConv,runOfRiver
al,h0075,0.025121861146795897,scr1992,avaConv,runOfRiver
al,h0076,0.023410007608268106,scr1992,avaConv,runOfRiver
al,h0077,0.022081936094252012,scr1992,avaConv,runOfRiver
al,h0078,0.020340047834948888,scr1992,avaConv,runOfRiver
al,h0079,0.018987708392186373,scr1992,avaConv,runOfRiver
al,h0080,0.0180343447986388,scr1992,avaConv,runOfRiver
al,h0081,0.017212606412277537,scr1992,avaConv,runOfRiver
al,h0082,0.044736149144244904,scr1992,avaConv,runOfRiver
al,h0083,0.047001219778791105,scr1992,avaConv,runOfRiver
al,h0084,0.0544929768051964,scr1992,avaConv,runOfRiver
al,h0085,0.029654454569468754,scr1992,avaConv,runOfRiver
al,h0086,0.027983329522076897,scr1992,avaConv,runOfRiver
al,h0087,0.019529977827682024,scr1992,avaConv,runOfRiver
al,h0088,0.023012637039430753,scr1992,avaConv,runOfRiver
al,h0089,0.02525287872573065,scr1992,avaConv,runOfRiver
al,h0090,0.18219812740694277,scr1992,avaConv,runOfRiver
al,h0091,0.3450272849403729,scr1992,avaConv,runOfRiver
al,h0092,0.500930332235425,scr1992,avaConv,runOfRiver
al,h0093,0.5098394535248867,scr1992,avaConv,runOfRiver
al,h0094,0.511263745592769,scr1992,avaConv,runOfRiver
al,h0095,0.5180315944055776,scr1992,avaConv,runOfRiver
al,h0096,0.5610034682520086,scr1992,avaConv,runOfRiver
at,h0073,0.48637357420134447,scr1992,avaConv,runOfRiver
at,h0074,0.4834581181568886,scr1992,avaConv,runOfRiver
at,h0075,0.5002633968122219,scr1992,avaConv,runOfRiver
at,h0076,0.5108616093068317,scr1992,avaConv,runOfRiver
at,h0077,0.5080995936951609,scr1992,avaConv,runOfRiver
at,h0078,0.48614560504214727,scr1992,avaConv,runOfRiver
at,h0079,0.468661938884206,scr1992,avaConv,runOfRiver
at,h0080,0.45736171826999755,scr1992,avaConv,runOfRiver
at,h0081,0.46264357762551916,scr1992,avaConv,runOfRiver
at,h0082,0.5129393083029157,scr1992,avaConv,runOfRiver
at,h0083,0.5381682303414048,scr1992,avaConv,runOfRiver
at,h0084,0.5212516625489452,scr1992,avaConv,runOfRiver
at,h0085,0.4799472055877499,scr1992,avaConv,runOfRiver
at,h0086,0.4441260847094715,scr1992,avaConv,runOfRiver
at,h0087,0.41118882688050723,scr1992,avaConv,runOfRiver
at,h0088,0.3750993674875601,scr1992,avaConv,runOfRiver
at,h0089,0.3536720814433869,scr1992,avaConv,runOfRiver
at,h0090,0.37675927623380917,scr1992,avaConv,runOfRiver
at,h0091,0.39131001500735985,scr1992,avaConv,runOfRiver
at,h0092,0.4295010635228147,scr1992,avaConv,runOfRiver
at,h0093,0.43179959456474026,scr1992,avaConv,runOfRiver
at,h0094,0.4398382337861738,scr1992,avaConv,runOfRiver
at,h0095,0.4133459623013122,scr1992,avaConv,runOfRiver
at,h0096,0.4203570755708178,scr1992,avaConv,runOfRiver
ba,h0073,0.14063284700171882,scr1992,avaConv,runOfRiver
ba,h0074,0.13887239101779833,scr1992,avaConv,runOfRiver
ba,h0075,0.11652738957298023,scr1992,avaConv,runOfRiver
ba,h0076,0.11076648226488973,scr1992,avaConv,runOfRiver
ba,h0077,0.10637410400363273,scr1992,avaConv,runOfRiver
ba,h0078,0.102617526795439,scr1992,avaConv,runOfRiver
ba,h0079,0.09923055637432843,scr1992,avaConv,runOfRiver
ba,h0080,0.09634117643100569,scr1992,avaConv,runOfRiver
ba,h0081,0.09028943498475242,scr1992,avaConv,runOfRiver
ba,h0082,0.08236318200709805,scr1992,avaConv,runOfRiver
ba,h0083,0.07519603722593493,scr1992,avaConv,runOfRiver
ba,h0084,0.0738354806739346,scr1992,avaConv,runOfRiver
ba,h0085,0.07687914292851387,scr1992,avaConv,runOfRiver
ba,h0086,0.08017275817350986,scr1992,avaConv,runOfRiver
ba,h0087,0.08189575103060115,scr1992,avaConv,runOfRiver
ba,h0088,0.08207302989134495,scr1992,avaConv,runOfRiver
ba,h0089,0.08102587421853481,scr1992,avaConv,runOfRiver
ba,h0090,0.080832659128891,scr1992,avaConv,runOfRiver
ba,h0091,0.1395428420407438,scr1992,avaConv,runOfRiver
ba,h0092,0.22330044856408207,scr1992,avaConv,runOfRiver
ba,h0093,0.2728127185328141,scr1992,avaConv,runOfRiver
ba,h0094,0.3163607411492452,scr1992,avaConv,runOfRiver
ba,h0095,0.33962210337301924,scr1992,avaConv,runOfRiver
ba,h0096,0.435954372084152,scr1992,avaConv,runOfRiver
be,h0073,0.20891494113261522,scr1992,avaConv,runOfRiver
be,h0074,0.22159568263253931,scr1992,avaConv,runOfRiver
be,h0075,0.238383456050634,scr1992,avaConv,runOfRiver
be,h0076,0.22843182166631637,scr1992,avaConv,runOfRiver
be,h0077,0.22185902738583785,scr1992,avaConv,runOfRiver
be,h0078,0.20997472554192814,scr1992,avaConv,runOfRiver
be,h0079,0.2041388705966508,scr1992,avaConv,runOfRiver
be,h0080,0.2402116375209854,scr1992,avaConv,runOfRiver
be,h0081,0.28108707849798603,scr1992,avaConv,runOfRiver
be,h0082,0.3190115271332471,scr1992,avaConv,runOfRiver
be,h0083,0.30660166876238437,scr1992,avaConv,runOfRiver
be,h0084,0.28441881136862596,scr1992,avaConv,runOfRiver
be,h0085,0.2602226510301869,scr1992,avaConv,runOfRiver
be,h0086,0.24594741556479915,scr1992,avaConv,runOfRiver
be,h0087,0.24282066776315087,scr1992,avaConv,runOfRiver
be,h0088,0.2402116375209855,scr1992,avaConv,runOfRiver
be,h0089,0.2370766674231906,scr1992,avaConv,runOfRiver
be,h0090,0.22738156293014755,scr1992,avaConv,runOfRiver
be,h0091,0.22054196709851498,scr1992,avaConv,runOfRiver
be,h0092,0.22238561618093172,scr1992,avaConv,runOfRiver
be,h0093,0.22238561618093172,scr1992,avaConv,runOfRiver
be,h0094,0.22185902738583785,scr1992,avaConv,runOfRiver
be,h0095,0.21552940342921778,scr1992,avaConv,runOfRiver
be,h0096,0.21156334618123218,scr1992,avaConv,runOfRiver
bg,h0073,0.041488207517466444,scr1992,avaConv,runOfRiver
bg,h0074,0.03969479031195222,scr1992,avaConv,runOfRiver
bg,h0075,0.038167242170120325,scr1992,avaConv,runOfRiver
bg,h0076,0.037611889149200245,scr1992,avaConv,runOfRiver
bg,h0077,0.03741056188000107,scr1992,avaConv,runOfRiver
bg,h0078,0.03684985271559136,scr1992,avaConv,runOfRiver
bg,h0079,0.03616228478731327,scr1992,avaConv,runOfRiver
bg,h0080,0.03555667374917229,scr1992,avaConv,runOfRiver
bg,h0081,0.034975089094605484,scr1992,avaConv,runOfRiver
bg,h0082,0.035424383078254226,scr1992,avaConv,runOfRiver
bg,h0083,0.03699377736715357,scr1992,avaConv,runOfRiver
bg,h0084,0.038766500426242245,scr1992,avaConv,runOfRiver
bg,h0085,0.038532896251890866,scr1992,avaConv,runOfRiver
bg,h0086,0.03677528084484629,scr1992,avaConv,runOfRiver
bg,h0087,0.03521247698629511,scr1992,avaConv,runOfRiver
bg,h0088,0.03454920585292741,scr1992,avaConv,runOfRiver
bg,h0089,0.034072529501403714,scr1992,avaConv,runOfRiver
bg,h0090,0.03372462088960446,scr1992,avaConv,runOfRiver
bg,h0091,0.03397921077158292,scr1992,avaConv,runOfRiver
bg,h0092,0.03539138806497672,scr1992,avaConv,runOfRiver
bg,h0093,0.03833827817296166,scr1992,avaConv,runOfRiver
bg,h0094,0.043759825021728746,scr1992,avaConv,runOfRiver
bg,h0095,0.04813403001406981,scr1992,avaConv,runOfRiver
bg,h0096,0.05019758824757016,scr1992,avaConv,runOfRiver
ch,h0073,0.6260895035759751,scr1992,avaConv,runOfRiver
ch,h0074,0.6113335090322365,scr1992,avaConv,runOfRiver
ch,h0075,0.5964502630958628,scr1992,avaConv,runOfRiver
ch,h0076,0.5825013666997348,scr1992,avaConv,runOfRiver
ch,h0077,0.5680262519757556,scr1992,avaConv,runOfRiver
ch,h0078,0.5532348729502382,scr1992,avaConv,runOfRiver
ch,h0079,0.5385239357540572,scr1992,avaConv,runOfRiver
ch,h0080,0.5238986286253536,scr1992,avaConv,runOfRiver
ch,h0081,0.5093605684712806,scr1992,avaConv,runOfRiver
ch,h0082,0.49491144471869797,scr1992,avaConv,runOfRiver
ch,h0083,0.48055302454896176,scr1992,avaConv,runOfRiver
ch,h0084,0.4662871586613948,scr1992,avaConv,runOfRiver
ch,h0085,0.4509106056036113,scr1992,avaConv,runOfRiver
ch,h0086,0.4367203338979031,scr1992,avaConv,runOfRiver
ch,h0087,0.4236993325179531,scr1992,avaConv,runOfRiver
ch,h0088,0.41300599015438155,scr1992,avaConv,runOfRiver
ch,h0089,0.4023770075938218,scr1992,avaConv,runOfRiver
ch,h0090,0.39180673994291537,scr1992,avaConv,runOfRiver
ch,h0091,0.3813030961495528,scr1992,avaConv,runOfRiver
ch,h0092,0.37086061362650335,scr1992,avaConv,runOfRiver
ch,h0093,0.3604872296609605,scr1992,avaConv,runOfRiver
ch,h0094,0.35017768250239445,scr1992,avaConv,runOfRiver
ch,h0095,0.33993995144812084,scr1992,avaConv,runOfRiver
ch,h0096,0.3349946324478895,scr1992,avaConv,runOfRiver
cz,h0073,0.19785744050991888,scr1992,avaConv,runOfRiver
cz,h0074,0.19774691483518536,scr1992,avaConv,runOfRiver
cz,h0075,0.19547371210586573,scr1992,avaConv,runOfRiver
cz,h0076,0.19322190987943444,scr1992,avaConv,runOfRiver
cz,h0077,0.19323233386267072,scr1992,avaConv,runOfRiver
cz,h0078,0.19324275808147315,scr1992,avaConv,runOfRiver
cz,h0079,0.19631241943776662,scr1992,avaConv,runOfRiver
cz,h0080,0.19940221016470372,scr1992,avaConv,runOfRiver
cz,h0081,0.19695819260864497,scr1992,avaConv,runOfRiver
cz,h0082,0.1914688379723216,scr1992,avaConv,runOfRiver
cz,h0083,0.1914584540119344,scr1992,avaConv,runOfRiver
cz,h0084,0.196937177966841,scr1992,avaConv,runOfRiver
cz,h0085,0.19625995638211566,scr1992,avaConv,runOfRiver
cz,h0086,0.1901209100678657,scr1992,avaConv,runOfRiver
cz,h0087,0.1840642755903932,scr1992,avaConv,runOfRiver
cz,h0088,0.1881838575534586,scr1992,avaConv,runOfRiver
cz,h0089,0.19234193492760598,scr1992,avaConv,runOfRiver
cz,h0090,0.19498690201998,scr1992,avaConv,runOfRiver
cz,h0091,0.1934408629876321,scr1992,avaConv,runOfRiver
cz,h0092,0.19153633948351637,scr1992,avaConv,runOfRiver
cz,h0093,0.19117298787402964,scr1992,avaConv,runOfRiver
cz,h0094,0.19080992642281763,scr1992,avaConv,runOfRiver
cz,h0095,0.18631678677668562,scr1992,avaConv,runOfRiver
cz,h0096,0.18186917298284072,scr1992,avaConv,runOfRiver
de,h0073,0.40759698280113865,scr1992,avaConv,runOfRiver
de,h0074,0.40876712220243194,scr1992,avaConv,runOfRiver
de,h0075,0.41293036850165366,scr1992,avaConv,runOfRiver
de,h0076,0.3900629681946385,scr1992,avaConv,runOfRiver
de,h0077,0.3840567854115986,scr1992,avaConv,runOfRiver
de,h0078,0.3732434037257728,scr1992,avaConv,runOfRiver
de,h0079,0.36276086283999354,scr1992,avaConv,runOfRiver
de,h0080,0.36604195785515714,scr1992,avaConv,runOfRiver
de,h0081,0.3614800468346564,scr1992,avaConv,runOfRiver
de,h0082,0.3782086330106811,scr1992,avaConv,runOfRiver
de,h0083,0.38052485551726567,scr1992,avaConv,runOfRiver
de,h0084,0.3873507142898316,scr1992,avaConv,runOfRiver
de,h0085,0.38064834762498057,scr1992,avaConv,runOfRiver
de,h0086,0.37070586551262785,scr1992,avaConv,runOfRiver
de,h0087,0.3560302993649769,scr1992,avaConv,runOfRiver
de,h0088,0.34129965409599383,scr1992,avaConv,runOfRiver
de,h0089,0.33160891083913,scr1992,avaConv,runOfRiver
de,h0090,0.3389872415072893,scr1992,avaConv,runOfRiver
de,h0091,0.3465444768523154,scr1992,avaConv,runOfRiver
de,h0092,0.3552166708277483,scr1992,avaConv,runOfRiver
de,h0093,0.35139513212297857,scr1992,avaConv,runOfRiver
de,h0094,0.347837429847655,scr1992,avaConv,runOfRiver
de,h0095,0.3385884936546314,scr1992,avaConv,runOfRiver
de,h0096,0.34342823881196094,scr1992,avaConv,runOfRiver
es,h0073,0.23924640960151097,scr1992,avaConv,runOfRiver
es,h0074,0.26553860263555745,scr1992,avaConv,runOfRiver
es,h0075,0.2793124687568439,scr1992,avaConv,runOfRiver
es,h0076,0.2622162870193253,scr1992,avaConv,runOfRiver
es,h0077,0.23870373365963782,scr1992,avaConv,runOfRiver
es,h0078,0.22799069556539736,scr1992,avaConv,runOfRiver
es,h0079,0.18504802085526945,scr1992,avaConv,runOfRiver
es,h0080,0.13986776836084008,scr1992,avaConv,runOfRiver
es,h0081,0.12436567164179098,scr1992,avaConv,runOfRiver
es,h0082,0.15286450047332034,scr1992,avaConv,runOfRiver
es,h0083,0.16970722660482596,scr1992,avaConv,runOfRiver
es,h0084,0.18316752173630277,scr1992,avaConv,runOfRiver
es,h0085,0.186737860500212,scr1992,avaConv,runOfRiver
es,h0086,0.2106806497560667,scr1992,avaConv,runOfRiver
es,h0087,0.2050657211576195,scr1992,avaConv,runOfRiver
es,h0088,0.19028046187901856,scr1992,avaConv,runOfRiver
es,h0089,0.17353136044971548,scr1992,avaConv,runOfRiver
es,h0090,0.17070626513999734,scr1992,avaConv,runOfRiver
es,h0091,0.16762456128701675,scr1992,avaConv,runOfRiver
es,h0092,0.20141903501931396,scr1992,avaConv,runOfRiver
es,h0093,0.21772307957234693,scr1992,avaConv,runOfRiver
es,h0094,0.24873729868904595,scr1992,avaConv,runOfRiver
es,h0095,0.2382687068542325,scr1992,avaConv,runOfRiver
es,h0096,0.2395432079843922,scr1992,avaConv,runOfRiver
fr,h0073,0.16743407657553772,scr1992,avaConv,runOfRiver
fr,h0074,0.15359801689209363,scr1992,avaConv,runOfRiver
fr,h0075,0.1419742158754423,scr1992,avaConv,runOfRiver
fr,h0076,0.15575086800565907,scr1992,avaConv,runOfRiver
fr,h0077,0.15074971008351384,scr1992,avaConv,runOfRiver
fr,h0078,0.14923614382469358,scr1992,avaConv,runOfRiver
fr,h0079,0.1467078415795972,scr1992,avaConv,runOfRiver
fr,h0080,0.16057549911693642,scr1992,avaConv,runOfRiver
fr,h0081,0.20964603259886683,scr1992,avaConv,runOfRiver
fr,h0082,0.24615652814868277,scr1992,avaConv,runOfRiver
fr,h0083,0.23420545002757565,scr1992,avaConv,runOfRiver
fr,h0084,0.19791319470705182,scr1992,avaConv,runOfRiver
fr,h0085,0.17593265703523575,scr1992,avaConv,runOfRiver
fr,h0086,0.18164769078028464,scr1992,avaConv,runOfRiver
fr,h0087,0.18208101748798633,scr1992,avaConv,runOfRiver
fr,h0088,0.179412432776614,scr1992,avaConv,runOfRiver
fr,h0089,0.1743849634435612,scr1992,avaConv,runOfRiver
fr,h0090,0.21424823343849025,scr1992,avaConv,runOfRiver
fr,h0091,0.3296041739278536,scr1992,avaConv,runOfRiver
fr,h0092,0.5507589283798616,scr1992,avaConv,runOfRiver
fr,h0093,0.6907539371234918,scr1992,avaConv,runOfRiver
fr,h0094,0.72393623486817,scr1992,avaConv,runOfRiver
fr,h0095,0.6184756216969586,scr1992,avaConv,runOfRiver
fr,h0096,0.5673579009233679,scr1992,avaConv,runOfRiver
gr,h0073,0.5326508891491581,scr1992,avaConv,runOfRiver
gr,h0074,0.5361653947423222,scr1992,avaConv,runOfRiver
gr,h0075,0.5316602012837954,scr1992,avaConv,runOfRiver
gr,h0076,0.5061372226830506,scr1992,avaConv,runOfRiver
gr,h0077,0.48564751020028507,scr1992,avaConv,runOfRiver
gr,h0078,0.4657124473406181,scr1992,avaConv,runOfRiver
gr,h0079,0.45882050219624887,scr1992,avaConv,runOfRiver
gr,h0080,0.4519978513518023,scr1992,avaConv,runOfRiver
gr,h0081,0.4248832780402083,scr1992,avaConv,runOfRiver
gr,h0082,0.4051849095696478,scr1992,avaConv,runOfRiver
gr,h0083,0.3631585503163296,scr1992,avaConv,runOfRiver
gr,h0084,0.34123350827090326,scr1992,avaConv,runOfRiver
gr,h0085,0.318693648596037,scr1992,avaConv,runOfRiver
gr,h0086,0.3170083047959485,scr1992,avaConv,runOfRiver
gr,h0087,0.3153305639669537,scr1992,avaConv,runOfRiver
gr,h0088,0.3035787445015975,scr1992,avaConv,runOfRiver
gr,h0089,0.2922165152339183,scr1992,avaConv,runOfRiver
gr,h0090,0.27922022202751495,scr1992,avaConv,runOfRiver
gr,h0091,0.2772084271138728,scr1992,avaConv,runOfRiver
gr,h0092,0.2749262193358223,scr1992,avaConv,runOfRiver
gr,h0093,0.2746420332551752,scr1992,avaConv,runOfRiver
gr,h0094,0.2743581350271923,scr1992,avaConv,runOfRiver
gr,h0095,0.2698709017119368,scr1992,avaConv,runOfRiver
gr,h0096,0.2654570403111679,scr1992,avaConv,runOfRiver
hr,h0073,0.349879574102944,scr1992,avaConv,runOfRiver
hr,h0074,0.34920209918142664,scr1992,avaConv,runOfRiver
hr,h0075,0.3588281211998269,scr1992,avaConv,runOfRiver
hr,h0076,0.36859579219880934,scr1992,avaConv,runOfRiver
hr,h0077,0.37142910532137074,scr1992,avaConv,runOfRiver
hr,h0078,0.3592864056572219,scr1992,avaConv,runOfRiver
hr,h0079,0.3442931864063088,scr1992,avaConv,runOfRiver
hr,h0080,0.33753640152516695,scr1992,avaConv,runOfRiver
hr,h0081,0.34176005277193167,scr1992,avaConv,runOfRiver
hr,h0082,0.36354050647827396,scr1992,avaConv,runOfRiver
hr,h0083,0.37325943222954894,scr1992,avaConv,runOfRiver
hr,h0084,0.368789484285149,scr1992,avaConv,runOfRiver
hr,h0085,0.3454140082997864,scr1992,avaConv,runOfRiver
hr,h0086,0.3336718373057796,scr1992,avaConv,runOfRiver
hr,h0087,0.32841198366763724,scr1992,avaConv,runOfRiver
hr,h0088,0.328193832599119,scr1992,avaConv,runOfRiver
hr,h0089,0.3345897374109985,scr1992,avaConv,runOfRiver
hr,h0090,0.33724109224817683,scr1992,avaConv,runOfRiver
hr,h0091,0.4522002804781351,scr1992,avaConv,runOfRiver
hr,h0092,0.6518611445810832,scr1992,avaConv,runOfRiver
hr,h0093,0.8117663357573216,scr1992,avaConv,runOfRiver
hr,h0094,0.8023948131640294,scr1992,avaConv,runOfRiver
hr,h0095,0.7527597180179847,scr1992,avaConv,runOfRiver
hr,h0096,0.8261747430249631,scr1992,avaConv,runOfRiver
hu,h0073,0.2176685314291292,scr1992,avaConv,runOfRiver
hu,h0074,0.20886818745805988,scr1992,avaConv,runOfRiver
hu,h0075,0.20304696432367858,scr1992,avaConv,runOfRiver
hu,h0076,0.1981281784615658,scr1992,avaConv,runOfRiver
hu,h0077,0.19323668007088507,scr1992,avaConv,runOfRiver
hu,h0078,0.18837286611397222,scr1992,avaConv,runOfRiver
hu,h0079,0.1855248963036485,scr1992,avaConv,runOfRiver
hu,h0080,0.18268673387438256,scr1992,avaConv,runOfRiver
hu,h0081,0.1778846153846154,scr1992,avaConv,runOfRiver
hu,h0082,0.2996593464139925,scr1992,avaConv,runOfRiver
hu,h0083,0.44005189578463755,scr1992,avaConv,runOfRiver
hu,h0084,0.5294639666297295,scr1992,avaConv,runOfRiver
hu,h0085,0.4283670859248966,scr1992,avaConv,runOfRiver
hu,h0086,0.3194241940040543,scr1992,avaConv,runOfRiver
hu,h0087,0.2640726561310405,scr1992,avaConv,runOfRiver
hu,h0088,0.24092161070326135,scr1992,avaConv,runOfRiver
hu,h0089,0.22209900650841424,scr1992,avaConv,runOfRiver
hu,h0090,0.2349091635799403,scr1992,avaConv,runOfRiver
hu,h0091,0.2674623313978135,scr1992,avaConv,runOfRiver
hu,h0092,0.32392576293568187,scr1992,avaConv,runOfRiver
hu,h0093,0.4246016788598289,scr1992,avaConv,runOfRiver
hu,h0094,0.48923577971978616,scr1992,avaConv,runOfRiver
hu,h0095,0.49878369129600053,scr1992,avaConv,runOfRiver
hu,h0096,0.5044608926144122,scr1992,avaConv,runOfRiver
ie,h0073,0.1980208285064577,scr1992,avaConv,runOfRiver
ie,h0074,0.21502973401738773,scr1992,avaConv,runOfRiver
ie,h0075,0.2180344504619972,scr1992,avaConv,runOfRiver
ie,h0076,0.23768429396981675,scr1992,avaConv,runOfRiver
ie,h0077,0.2694404416919888,scr1992,avaConv,runOfRiver
ie,h0078,0.34524729072555593,scr1992,avaConv,runOfRiver
ie,h0079,0.4384032537969519,scr1992,avaConv,runOfRiver
ie,h0080,0.5728966432295621,scr1992,avaConv,runOfRiver
ie,h0081,0.6687005545147837,scr1992,avaConv,runOfRiver
ie,h0082,0.7066234472772432,scr1992,avaConv,runOfRiver
ie,h0083,0.6774886547375824,scr1992,avaConv,runOfRiver
ie,h0084,0.6964856560764687,scr1992,avaConv,runOfRiver
ie,h0085,0.7261205227078065,scr1992,avaConv,runOfRiver
ie,h0086,0.7291859600413535,scr1992,avaConv,runOfRiver
ie,h0087,0.6420628612812,scr1992,avaConv,runOfRiver
ie,h0088,0.5866061698303371,scr1992,avaConv,runOfRiver
ie,h0089,0.5213951986110329,scr1992,avaConv,runOfRiver
ie,h0090,0.4819386850808579,scr1992,avaConv,runOfRiver
ie,h0091,0.44651912300135743,scr1992,avaConv,runOfRiver
ie,h0092,0.4189179209296813,scr1992,avaConv,runOfRiver
ie,h0093,0.3859987643850977,scr1992,avaConv,runOfRiver
ie,h0094,0.33129538289025584,scr1992,avaConv,runOfRiver
ie,h0095,0.3002283488002907,scr1992,avaConv,runOfRiver
ie,h0096,0.2884405617495842,scr1992,avaConv,runOfRiver
it_cn,h0073,0.14244511488852668,scr1992,avaConv,runOfRiver
it_cn,h0074,0.1286338476623814,scr1992,avaConv,runOfRiver
it_cn,h0075,0.12946472799602549,scr1992,avaConv,runOfRiver
it_cn,h0076,0.13924697382707318,scr1992,avaConv,runOfRiver
it_cn,h0077,0.13604947825131405,scr1992,avaConv,runOfRiver
it_cn,h0078,0.11949730460535765,scr1992,avaConv,runOfRiver
it_cn,h0079,0.1079415519906542,scr1992,avaConv,runOfRiver
it_cn,h0080,0.16478512902164477,scr1992,avaConv,runOfRiver
it_cn,h0081,0.1656178246159248,scr1992,avaConv,runOfRiver
it_cn,h0082,0.1832410817392432,scr1992,avaConv,runOfRiver
it_cn,h0083,0.13879928529569907,scr1992,avaConv,runOfRiver
it_cn,h0084,0.15044321053979365,scr1992,avaConv,runOfRiver
it_cn,h0085,0.14647567234340478,scr1992,avaConv,runOfRiver
it_cn,h0086,0.1404621920815777,scr1992,avaConv,runOfRiver
it_cn,h0087,0.14500408405643067,scr1992,avaConv,runOfRiver
it_cn,h0088,0.12933689722299904,scr1992,avaConv,runOfRiver
it_cn,h0089,0.13144624497860802,scr1992,avaConv,runOfRiver
it_cn,h0090,0.12908123897847681,scr1992,avaConv,runOfRiver
it_cn,h0091,0.3011155065491912,scr1992,avaConv,runOfRiver
it_cn,h0092,0.5154810747504204,scr1992,avaConv,runOfRiver
it_cn,h0093,0.6410175009630821,scr1992,avaConv,runOfRiver
it_cn,h0094,0.6196120275169568,scr1992,avaConv,runOfRiver
it_cn,h0095,0.4639744590380064,scr1992,avaConv,runOfRiver
it_cn,h0096,0.4680490603242555,scr1992,avaConv,runOfRiver
it_cs,h0073,0.1788218675864806,scr1992,avaConv,runOfRiver
it_cs,h0074,0.17635129134404776,scr1992,avaConv,runOfRiver
it_cs,h0075,0.1761203868727574,scr1992,avaConv,runOfRiver
it_cs,h0076,0.17704857127355822,scr1992,avaConv,runOfRiver
it_cs,h0077,0.17462187347055785,scr1992,avaConv,runOfRiver
it_cs,h0078,0.1719847722014552,scr1992,avaConv,runOfRiver
it_cs,h0079,0.17021537895785127,scr1992,avaConv,runOfRiver
it_cs,h0080,0.19677134628534604,scr1992,avaConv,runOfRiver
it_cs,h0081,0.2073349523868471,scr1992,avaConv,runOfRiver
it_cs,h0082,0.21953311005818255,scr1992,avaConv,runOfRiver
it_cs,h0083,0.1955225896319043,scr1992,avaConv,runOfRiver
it_cs,h0084,0.19121090932905033,scr1992,avaConv,runOfRiver
it_cs,h0085,0.18493658841803892,scr1992,avaConv,runOfRiver
it_cs,h0086,0.17923325663683132,scr1992,avaConv,runOfRiver
it_cs,h0087,0.17587383219224131,scr1992,avaConv,runOfRiver
it_cs,h0088,0.19030443764711474,scr1992,avaConv,runOfRiver
it_cs,h0089,0.22349781240887254,scr1992,avaConv,runOfRiver
it_cs,h0090,0.267269936386315,scr1992,avaConv,runOfRiver
it_cs,h0091,0.37347376324986115,scr1992,avaConv,runOfRiver
it_cs,h0092,0.5465661661993708,scr1992,avaConv,runOfRiver
it_cs,h0093,0.6353342463639378,scr1992,avaConv,runOfRiver
it_cs,h0094,0.5843737440149415,scr1992,avaConv,runOfRiver
it_cs,h0095,0.5221287810771525,scr1992,avaConv,runOfRiver
it_cs,h0096,0.5429921615711106,scr1992,avaConv,runOfRiver
it_n,h0073,0.4537596915144171,scr1992,avaConv,runOfRiver
it_n,h0074,0.4404425763597798,scr1992,avaConv,runOfRiver
it_n,h0075,0.43664508228473065,scr1992,avaConv,runOfRiver
it_n,h0076,0.4276232178677616,scr1992,avaConv,runOfRiver
it_n,h0077,0.4136257374172432,scr1992,avaConv,runOfRiver
it_n,h0078,0.37705512119114193,scr1992,avaConv,runOfRiver
it_n,h0079,0.34277551536951156,scr1992,avaConv,runOfRiver
it_n,h0080,0.3709186197204567,scr1992,avaConv,runOfRiver
it_n,h0081,0.4018989918084467,scr1992,avaConv,runOfRiver
it_n,h0082,0.4332193149359346,scr1992,avaConv,runOfRiver
it_n,h0083,0.3999286353910375,scr1992,avaConv,runOfRiver
it_n,h0084,0.3838133663864324,scr1992,avaConv,runOfRiver
it_n,h0085,0.3609868799767162,scr1992,avaConv,runOfRiver
it_n,h0086,0.34665679967669394,scr1992,avaConv,runOfRiver
it_n,h0087,0.3292266767202823,scr1992,avaConv,runOfRiver
it_n,h0088,0.34577659233274727,scr1992,avaConv,runOfRiver
it_n,h0089,0.4398404727455436,scr1992,avaConv,runOfRiver
it_n,h0090,0.4986752722726262,scr1992,avaConv,runOfRiver
it_n,h0091,0.5303889217866504,scr1992,avaConv,runOfRiver
it_n,h0092,0.5422558119097516,scr1992,avaConv,runOfRiver
it_n,h0093,0.56634351996054,scr1992,avaConv,runOfRiver
it_n,h0094,0.5833293844337681,scr1992,avaConv,runOfRiver
it_n,h0095,0.5148227388541405,scr1992,avaConv,runOfRiver
it_n,h0096,0.4915240156832419,scr1992,avaConv,runOfRiver
it_sar,h0073,0.20718050735023666,scr1992,avaConv,runOfRiver
it_sar,h0074,0.20093463142360063,scr1992,avaConv,runOfRiver
it_sar,h0075,0.17006995386903065,scr1992,avaConv,runOfRiver
it_sar,h0076,0.128120911414092,scr1992,avaConv,runOfRiver
it_sar,h0077,0.11108658552035171,scr1992,avaConv,runOfRiver
it_sar,h0078,0.10340072648077733,scr1992,avaConv,runOfRiver
it_sar,h0079,0.09923920265670447,scr1992,avaConv,runOfRiver
it_sar,h0080,0.09133923020466714,scr1992,avaConv,runOfRiver
it_sar,h0081,0.08463736901930397,scr1992,avaConv,runOfRiver
it_sar,h0082,0.0757311335278158,scr1992,avaConv,runOfRiver
it_sar,h0083,0.07525904871253512,scr1992,avaConv,runOfRiver
it_sar,h0084,0.08219825606935893,scr1992,avaConv,runOfRiver
it_sar,h0085,0.07858389965272101,scr1992,avaConv,runOfRiver
it_sar,h0086,0.07408308220662008,scr1992,avaConv,runOfRiver
it_sar,h0087,0.04735385364846065,scr1992,avaConv,runOfRiver
it_sar,h0088,0.04553914186207872,scr1992,avaConv,runOfRiver
it_sar,h0089,0.04816764681695962,scr1992,avaConv,runOfRiver
it_sar,h0090,0.05697600291400076,scr1992,avaConv,runOfRiver
it_sar,h0091,0.07691557505398462,scr1992,avaConv,runOfRiver
it_sar,h0092,0.06715618039693147,scr1992,avaConv,runOfRiver
it_sar,h0093,0.0578394994490659,scr1992,avaConv,runOfRiver
it_sar,h0094,0.07431778937989923,scr1992,avaConv,runOfRiver
it_sar,h0095,0.09386388294370758,scr1992,avaConv,runOfRiver
it_sar,h0096,0.09285129175862201,scr1992,avaConv,runOfRiver
it_sic,h0073,0.551992435031813,scr1992,avaConv,runOfRiver
it_sic,h0074,0.5207596370905994,scr1992,avaConv,runOfRiver
it_sic,h0075,0.4650647049838863,scr1992,avaConv,runOfRiver
it_sic,h0076,0.4557174016877524,scr1992,avaConv,runOfRiver
it_sic,h0077,0.43580915070903925,scr1992,avaConv,runOfRiver
it_sic,h0078,0.43128182677345933,scr1992,avaConv,runOfRiver
it_sic,h0079,0.41268791962800155,scr1992,avaConv,runOfRiver
it_sic,h0080,0.3021226359120184,scr1992,avaConv,runOfRiver
it_sic,h0081,0.24565085933591463,scr1992,avaConv,runOfRiver
it_sic,h0082,0.19025105679399965,scr1992,avaConv,runOfRiver
it_sic,h0083,0.2054839414240315,scr1992,avaConv,runOfRiver
it_sic,h0084,0.20198598427403744,scr1992,avaConv,runOfRiver
it_sic,h0085,0.2059864249322753,scr1992,avaConv,runOfRiver
it_sic,h0086,0.22931647603211786,scr1992,avaConv,runOfRiver
it_sic,h0087,0.23038599232470244,scr1992,avaConv,runOfRiver
it_sic,h0088,0.1965578781696011,scr1992,avaConv,runOfRiver
it_sic,h0089,0.3340725480434045,scr1992,avaConv,runOfRiver
it_sic,h0090,0.28198801728703426,scr1992,avaConv,runOfRiver
it_sic,h0091,0.19753856304590578,scr1992,avaConv,runOfRiver
it_sic,h0092,0.05214273606584656,scr1992,avaConv,runOfRiver
it_sic,h0093,0.03921568627450981,scr1992,avaConv,runOfRiver
it_sic,h0094,0.04058715324750749,scr1992,avaConv,runOfRiver
it_sic,h0095,0.04074296690265631,scr1992,avaConv,runOfRiver
it_sic,h0096,0.05376557300804788,scr1992,avaConv,runOfRiver
lt,h0073,0.2736709695358517,scr1992,avaConv,runOfRiver
lt,h0074,0.27338466098578296,scr1992,avaConv,runOfRiver
lt,h0075,0.2722539156045793,scr1992,avaConv,runOfRiver
lt,h0076,0.2697932852931019,scr1992,avaConv,runOfRiver
lt,h0077,0.26790633608815423,scr1992,avaConv,runOfRiver
lt,h0078,0.2689983573420434,scr1992,avaConv,runOfRiver
lt,h0079,0.2687884829403538,scr1992,avaConv,runOfRiver
lt,h0080,0.2686316564644117,scr1992,avaConv,runOfRiver
lt,h0081,0.2680608582543022,scr1992,avaConv,runOfRiver
lt,h0082,0.5574138001422128,scr1992,avaConv,runOfRiver
lt,h0083,0.8162591397326999,scr1992,avaConv,runOfRiver
lt,h0084,0.9918030828826407,scr1992,avaConv,runOfRiver
lt,h0085,0.4500190249509855,scr1992,avaConv,runOfRiver
lt,h0086,0.3836719238251609,scr1992,avaConv,runOfRiver
lt,h0087,0.3634158398277861,scr1992,avaConv,runOfRiver
lt,h0088,0.3408501930240608,scr1992,avaConv,runOfRiver
lt,h0089,0.31594235787702246,scr1992,avaConv,runOfRiver
lt,h0090,0.30518021500960313,scr1992,avaConv,runOfRiver
lt,h0091,0.30035847698900414,scr1992,avaConv,runOfRiver
lt,h0092,0.29986476552251856,scr1992,avaConv,runOfRiver
lt,h0093,0.3009377762528808,scr1992,avaConv,runOfRiver
lt,h0094,0.3087982954695446,scr1992,avaConv,runOfRiver
lt,h0095,0.3156553198736486,scr1992,avaConv,runOfRiver
lt,h0096,0.34131354896232313,scr1992,avaConv,runOfRiver
lv,h0073,0.027863886024125817,scr1992,avaConv,runOfRiver
lv,h0074,0.026013608808140715,scr1992,avaConv,runOfRiver
lv,h0075,0.02247604112628899,scr1992,avaConv,runOfRiver
lv,h0076,0.012611460557105714,scr1992,avaConv,runOfRiver
lv,h0077,0.009823376544338229,scr1992,avaConv,runOfRiver
lv,h0078,0.010837988180513847,scr1992,avaConv,runOfRiver
lv,h0079,0.016996725995383717,scr1992,avaConv,runOfRiver
lv,h0080,0.016084139308610815,scr1992,avaConv,runOfRiver
lv,h0081,0.012361728550885923,scr1992,avaConv,runOfRiver
lv,h0082,0.014141300894453208,scr1992,avaConv,runOfRiver
lv,h0083,0.0012288196408239277,scr1992,avaConv,runOfRiver
lv,h0084,0.0031447409218577083,scr1992,avaConv,runOfRiver
lv,h0085,0.0022285715491971864,scr1992,avaConv,runOfRiver
lv,h0086,0.009926073222335643,scr1992,avaConv,runOfRiver
lv,h0087,0.013155913748303043,scr1992,avaConv,runOfRiver
lv,h0088,0.0142770733337899,scr1992,avaConv,runOfRiver
lv,h0089,0.021661199076679703,scr1992,avaConv,runOfRiver
lv,h0090,0.019210183993746223,scr1992,avaConv,runOfRiver
lv,h0091,0.016850360829549174,scr1992,avaConv,runOfRiver
lv,h0092,0.01740184870523359,scr1992,avaConv,runOfRiver
lv,h0093,0.01887365006024322,scr1992,avaConv,runOfRiver
lv,h0094,0.01130469540179483,scr1992,avaConv,runOfRiver
lv,h0095,0.01885120765333257,scr1992,avaConv,runOfRiver
lv,h0096,0.02062156233158411,scr1992,avaConv,runOfRiver
me,h0073,0.18446937906448632,scr1992,avaConv,runOfRiver
me,h0074,0.18224230607177352,scr1992,avaConv,runOfRiver
me,h0075,0.18248403415902334,scr1992,avaConv,runOfRiver
me,h0076,0.18123046134846746,scr1992,avaConv,runOfRiver
me,h0077,0.17973177248153302,scr1992,avaConv,runOfRiver
me,h0078,0.1782295745181305,scr1992,avaConv,runOfRiver
me,h0079,0.17711722141361028,scr1992,avaConv,runOfRiver
me,h0080,0.17600292223551658,scr1992,avaConv,runOfRiver
me,h0081,0.18005715269039088,scr1992,avaConv,runOfRiver
me,h0082,0.1851863392233469,scr1992,avaConv,runOfRiver
me,h0083,0.18927599335988268,scr1992,avaConv,runOfRiver
me,h0084,0.1882750242913195,scr1992,avaConv,runOfRiver
me,h0085,0.1837625912227521,scr1992,avaConv,runOfRiver
me,h0086,0.18023356114580844,scr1992,avaConv,runOfRiver
me,h0087,0.17668503858053505,scr1992,avaConv,runOfRiver
me,h0088,0.1795717793355329,scr1992,avaConv,runOfRiver
me,h0089,0.182445583464961,scr1992,avaConv,runOfRiver
me,h0090,0.21440436535919907,scr1992,avaConv,runOfRiver
me,h0091,0.2423440019098296,scr1992,avaConv,runOfRiver
me,h0092,0.5345131787141715,scr1992,avaConv,runOfRiver
me,h0093,0.7524518049918406,scr1992,avaConv,runOfRiver
me,h0094,0.9447295784290889,scr1992,avaConv,runOfRiver
me,h0095,0.9724479149567199,scr1992,avaConv,runOfRiver
me,h0096,0.9997966577935519,scr1992,avaConv,runOfRiver
mk,h0073,0.11750485490429143,scr1992,avaConv,runOfRiver
mk,h0074,0.1171630159038461,scr1992,avaConv,runOfRiver
mk,h0075,0.12765469736902127,scr1992,avaConv,runOfRiver
mk,h0076,0.13016195265413555,scr1992,avaConv,runOfRiver
mk,h0077,0.13101894817482268,scr1992,avaConv,runOfRiver
mk,h0078,0.12368371842308705,scr1992,avaConv,runOfRiver
mk,h0079,0.12330060449164218,scr1992,avaConv,runOfRiver
mk,h0080,0.1248481807566246,scr1992,avaConv,runOfRiver
mk,h0081,0.1264364373507472,scr1992,avaConv,runOfRiver
mk,h0082,0.1323246258070911,scr1992,avaConv,runOfRiver
mk,h0083,0.13410361818122418,scr1992,avaConv,runOfRiver
mk,h0084,0.137794554517653,scr1992,avaConv,runOfRiver
mk,h0085,0.13500961498560216,scr1992,avaConv,runOfRiver
mk,h0086,0.13732336637973658,scr1992,avaConv,runOfRiver
mk,h0087,0.13546677301154264,scr1992,avaConv,runOfRiver
mk,h0088,0.1341036181812242,scr1992,avaConv,runOfRiver
mk,h0089,0.1323246258070911,scr1992,avaConv,runOfRiver
mk,h0090,0.13685500406608955,scr1992,avaConv,runOfRiver
mk,h0091,0.19459207461169883,scr1992,avaConv,runOfRiver
mk,h0092,0.2675710092422027,scr1992,avaConv,runOfRiver
mk,h0093,0.334374706388876,scr1992,avaConv,runOfRiver
mk,h0094,0.42676459312873616,scr1992,avaConv,runOfRiver
mk,h0095,0.4622394697849882,scr1992,avaConv,runOfRiver
mk,h0096,0.5304038795887828,scr1992,avaConv,runOfRiver
nl,h0073,0.20548724124628345,scr1992,avaConv,runOfRiver
nl,h0074,0.21823877097305186,scr1992,avaConv,runOfRiver
nl,h0075,0.23474418420321172,scr1992,avaConv,runOfRiver
nl,h0076,0.22485774905921366,scr1992,avaConv,runOfRiver
nl,h0077,0.21823877097305186,scr1992,avaConv,runOfRiver
nl,h0078,0.2065995548130565,scr1992,avaConv,runOfRiver
nl,h0079,0.20103118893022912,scr1992,avaConv,runOfRiver
nl,h0080,0.23638713450087182,scr1992,avaConv,runOfRiver
nl,h0081,0.2765070979181924,scr1992,avaConv,runOfRiver
nl,h0082,0.3138036056553457,scr1992,avaConv,runOfRiver
nl,h0083,0.3016142229184662,scr1992,avaConv,runOfRiver
nl,h0084,0.2797276616773777,scr1992,avaConv,runOfRiver
nl,h0085,0.25599994515127433,scr1992,avaConv,runOfRiver
nl,h0086,0.24185396690168595,scr1992,avaConv,runOfRiver
nl,h0087,0.23912239973108781,scr1992,avaConv,runOfRiver
nl,h0088,0.23638713450087182,scr1992,avaConv,runOfRiver
nl,h0089,0.23364813245493607,scr1992,avaConv,runOfRiver
nl,h0090,0.2237561653961814,scr1992,avaConv,runOfRiver
nl,h0091,0.21713337724465212,scr1992,avaConv,runOfRiver
nl,h0092,0.218791226887017,scr1992,avaConv,runOfRiver
nl,h0093,0.21879122688701705,scr1992,avaConv,runOfRiver
nl,h0094,0.21823877097305175,scr1992,avaConv,runOfRiver
nl,h0095,0.212151082386237,scr1992,avaConv,runOfRiver
nl,h0096,0.20826676336658392,scr1992,avaConv,runOfRiver
pl,h0073,0.16719444020176377,scr1992,avaConv,runOfRiver
pl,h0074,0.15740151814572145,scr1992,avaConv,runOfRiver
pl,h0075,0.14805667641032705,scr1992,avaConv,runOfRiver
pl,h0076,0.13688339077442047,scr1992,avaConv,runOfRiver
pl,h0077,0.13767857429036257,scr1992,avaConv,runOfRiver
pl,h0078,0.1325460315176662,scr1992,avaConv,runOfRiver
pl,h0079,0.13381917913242436,scr1992,avaConv,runOfRiver
pl,h0080,0.14241407090592018,scr1992,avaConv,runOfRiver
pl,h0081,0.14521363367366436,scr1992,avaConv,runOfRiver
pl,h0082,0.278818712807669,scr1992,avaConv,runOfRiver
pl,h0083,0.34032048989212904,scr1992,avaConv,runOfRiver
pl,h0084,0.4009685614455871,scr1992,avaConv,runOfRiver
pl,h0085,0.34954611069138797,scr1992,avaConv,runOfRiver
pl,h0086,0.3323924562606846,scr1992,avaConv,runOfRiver
pl,h0087,0.3113412367630861,scr1992,avaConv,runOfRiver
pl,h0088,0.30363051312641387,scr1992,avaConv,runOfRiver
pl,h0089,0.2895666829616512,scr1992,avaConv,runOfRiver
pl,h0090,0.2763468889646413,scr1992,avaConv,runOfRiver
pl,h0091,0.2705551379696115,scr1992,avaConv,runOfRiver
pl,h0092,0.2701282686286761,scr1992,avaConv,runOfRiver
pl,h0093,0.27760788799515534,scr1992,avaConv,runOfRiver
pl,h0094,0.2852351671014085,scr1992,avaConv,runOfRiver
pl,h0095,0.289702770114024,scr1992,avaConv,runOfRiver
pl,h0096,0.2830301211057499,scr1992,avaConv,runOfRiver
pt,h0073,0.0005600954822364114,scr1992,avaConv,runOfRiver
pt,h0074,0.00027526658052246856,scr1992,avaConv,runOfRiver
pt,h0075,0.0001178322184395571,scr1992,avaConv,runOfRiver
pt,h0076,0.0,scr1992,avaConv,runOfRiver
pt,h0077,0.0,scr1992,avaConv,runOfRiver
pt,h0078,0.0,scr1992,avaConv,runOfRiver
pt,h0079,0.0005214124961169353,scr1992,avaConv,runOfRiver
pt,h0080,0.0005214124961169353,scr1992,avaConv,runOfRiver
pt,h0081,0.0,scr1992,avaConv,runOfRiver
pt,h0082,0.0,scr1992,avaConv,runOfRiver
pt,h0083,0.0,scr1992,avaConv,runOfRiver
pt,h0084,0.00023335646742503484,scr1992,avaConv,runOfRiver
pt,h0085,0.00023335646742503484,scr1992,avaConv,runOfRiver
pt,h0086,0.0005359588590482349,scr1992,avaConv,runOfRiver
pt,h0087,0.0001743073122225222,scr1992,avaConv,runOfRiver
pt,h0088,0.0005839709218157369,scr1992,avaConv,runOfRiver
pt,h0089,0.0,scr1992,avaConv,runOfRiver
pt,h0090,0.0,scr1992,avaConv,runOfRiver
pt,h0091,0.0,scr1992,avaConv,runOfRiver
pt,h0092,0.0,scr1992,avaConv,runOfRiver
pt,h0093,0.0030165417059980684,scr1992,avaConv,runOfRiver
pt,h0094,0.007065340823445385,scr1992,avaConv,runOfRiver
pt,h0095,0.003882539882555652,scr1992,avaConv,runOfRiver
pt,h0096,0.0,scr1992,avaConv,runOfRiver
ro,h0073,0.30689935152036085,scr1992,avaConv,runOfRiver
ro,h0074,0.308455297721018,scr1992,avaConv,runOfRiver
ro,h0075,0.3047368131556496,scr1992,avaConv,runOfRiver
ro,h0076,0.3025987658002549,scr1992,avaConv,runOfRiver
ro,h0077,0.3027569903588212,scr1992,avaConv,runOfRiver
ro,h0078,0.297481176218243,scr1992,avaConv,runOfRiver
ro,h0079,0.29249055223830567,scr1992,avaConv,runOfRiver
ro,h0080,0.2830856269462476,scr1992,avaConv,runOfRiver
ro,h0081,0.2745007798671555,scr1992,avaConv,runOfRiver
ro,h0082,0.2750705394209181,scr1992,avaConv,runOfRiver
ro,h0083,0.26471496657218196,scr1992,avaConv,runOfRiver
ro,h0084,0.26937588796011447,scr1992,avaConv,runOfRiver
ro,h0085,0.26027157422147873,scr1992,avaConv,runOfRiver
ro,h0086,0.2617130377925765,scr1992,avaConv,runOfRiver
ro,h0087,0.24787902449407895,scr1992,avaConv,runOfRiver
ro,h0088,0.2318777250942965,scr1992,avaConv,runOfRiver
ro,h0089,0.22108722930349778,scr1992,avaConv,runOfRiver
ro,h0090,0.20075563798763163,scr1992,avaConv,runOfRiver
ro,h0091,0.1959538271621657,scr1992,avaConv,runOfRiver
ro,h0092,0.21382966632543798,scr1992,avaConv,runOfRiver
ro,h0093,0.2538387778099285,scr1992,avaConv,runOfRiver
ro,h0094,0.2867434947523293,scr1992,avaConv,runOfRiver
ro,h0095,0.3076816156200497,scr1992,avaConv,runOfRiver
ro,h0096,0.33173601738933733,scr1992,avaConv,runOfRiver
rs,h0073,0.22191972510380384,scr1992,avaConv,runOfRiver
rs,h0074,0.2165209524993504,scr1992,avaConv,runOfRiver
rs,h0075,0.21702046236078323,scr1992,avaConv,runOfRiver
rs,h0076,0.21855742317087634,scr1992,avaConv,runOfRiver
rs,h0077,0.22336188024270692,scr1992,avaConv,runOfRiver
rs,h0078,0.22318679947008932,scr1992,avaConv,runOfRiver
rs,h0079,0.22053488327122864,scr1992,avaConv,runOfRiver
rs,h0080,0.21634885566516376,scr1992,avaConv,runOfRiver
rs,h0081,0.21248823464496255,scr1992,avaConv,runOfRiver
rs,h0082,0.21841902376086145,scr1992,avaConv,runOfRiver
rs,h0083,0.2588816275580511,scr1992,avaConv,runOfRiver
rs,h0084,0.2961674912855488,scr1992,avaConv,runOfRiver
rs,h0085,0.30203271347322674,scr1992,avaConv,runOfRiver
rs,h0086,0.2644238777638229,scr1992,avaConv,runOfRiver
rs,h0087,0.23637357642386111,scr1992,avaConv,runOfRiver
rs,h0088,0.22611173795896863,scr1992,avaConv,runOfRiver
rs,h0089,0.21894693154685502,scr1992,avaConv,runOfRiver
rs,h0090,0.19724540256529133,scr1992,avaConv,runOfRiver
rs,h0091,0.19791585300165182,scr1992,avaConv,runOfRiver
rs,h0092,0.29008015787475727,scr1992,avaConv,runOfRiver
rs,h0093,0.41336894239918337,scr1992,avaConv,runOfRiver
rs,h0094,0.576213261180224,scr1992,avaConv,runOfRiver
rs,h0095,0.5929872459623324,scr1992,avaConv,runOfRiver
rs,h0096,0.6653706124133247,scr1992,avaConv,runOfRiver
si,h0073,0.2471763761538881,scr1992,avaConv,runOfRiver
si,h0074,0.24514777143555458,scr1992,avaConv,runOfRiver
si,h0075,0.2655522628256156,scr1992,avaConv,runOfRiver
si,h0076,0.28691270241684674,scr1992,avaConv,runOfRiver
si,h0077,0.2930540535758194,scr1992,avaConv,runOfRiver
si,h0078,0.26577735972258903,scr1992,avaConv,runOfRiver
si,h0079,0.24063005515698593,scr1992,avaConv,runOfRiver
si,h0080,0.22630651705279067,scr1992,avaConv,runOfRiver
si,h0081,0.218736343794321,scr1992,avaConv,runOfRiver
si,h0082,0.21550824549885406,scr1992,avaConv,runOfRiver
si,h0083,0.19728367171895797,scr1992,avaConv,runOfRiver
si,h0084,0.19232973932930045,scr1992,avaConv,runOfRiver
si,h0085,0.18997105175414375,scr1992,avaConv,runOfRiver
si,h0086,0.20341511834641973,scr1992,avaConv,runOfRiver
si,h0087,0.20520028408065433,scr1992,avaConv,runOfRiver
si,h0088,0.2059806795194803,scr1992,avaConv,runOfRiver
si,h0089,0.20762549268341537,scr1992,avaConv,runOfRiver
si,h0090,0.21368922170296423,scr1992,avaConv,runOfRiver
si,h0091,0.2942409279597349,scr1992,avaConv,runOfRiver
si,h0092,0.5611165380142838,scr1992,avaConv,runOfRiver
si,h0093,0.82415164414924,scr1992,avaConv,runOfRiver
si,h0094,0.8661475753633865,scr1992,avaConv,runOfRiver
si,h0095,0.6345114583676582,scr1992,avaConv,runOfRiver
si,h0096,0.921672408863185,scr1992,avaConv,runOfRiver
sk,h0073,0.1854926645532431,scr1992,avaConv,runOfRiver
sk,h0074,0.18605903573043453,scr1992,avaConv,runOfRiver
sk,h0075,0.19001906708384347,scr1992,avaConv,runOfRiver
sk,h0076,0.19375154809987757,scr1992,avaConv,runOfRiver
sk,h0077,0.19194557139737506,scr1992,avaConv,runOfRiver
sk,h0078,0.18660671100710682,scr1992,avaConv,runOfRiver
sk,h0079,0.18138098877465889,scr1992,avaConv,runOfRiver
sk,h0080,0.1770047656415143,scr1992,avaConv,runOfRiver
sk,h0081,0.17686293310085813,scr1992,avaConv,runOfRiver
sk,h0082,0.2589209947556289,scr1992,avaConv,runOfRiver
sk,h0083,0.3018511815543605,scr1992,avaConv,runOfRiver
sk,h0084,0.31761952833433904,scr1992,avaConv,runOfRiver
sk,h0085,0.2537748215326747,scr1992,avaConv,runOfRiver
sk,h0086,0.22947851547827056,scr1992,avaConv,runOfRiver
sk,h0087,0.2180040518640347,scr1992,avaConv,runOfRiver
sk,h0088,0.19780915811660707,scr1992,avaConv,runOfRiver
sk,h0089,0.18429448121716366,scr1992,avaConv,runOfRiver
sk,h0090,0.18295535971791743,scr1992,avaConv,runOfRiver
sk,h0091,0.1851089860287185,scr1992,avaConv,runOfRiver
sk,h0092,0.19583570962545402,scr1992,avaConv,runOfRiver
sk,h0093,0.20353792657805467,scr1992,avaConv,runOfRiver
sk,h0094,0.2086189190759027,scr1992,avaConv,runOfRiver
sk,h0095,0.20904649247341905,scr1992,avaConv,runOfRiver
sk,h0096,0.23206840184477023,scr1992,avaConv,runOfRiver
uk,h0073,0.23755326230363122,scr1992,avaConv,runOfRiver
uk,h0074,0.19906492548740928,scr1992,avaConv,runOfRiver
uk,h0075,0.17351760511352854,scr1992,avaConv,runOfRiver
uk,h0076,0.20541618233817982,scr1992,avaConv,runOfRiver
uk,h0077,0.2904096767880406,scr1992,avaConv,runOfRiver
uk,h0078,0.3419747183921439,scr1992,avaConv,runOfRiver
uk,h0079,0.4362212531503436,scr1992,avaConv,runOfRiver
uk,h0080,0.45335301636575837,scr1992,avaConv,runOfRiver
uk,h0081,0.49735493427742594,scr1992,avaConv,runOfRiver
uk,h0082,0.4692333624975487,scr1992,avaConv,runOfRiver
uk,h0083,0.45947427281511355,scr1992,avaConv,runOfRiver
uk,h0084,0.5254462262230366,scr1992,avaConv,runOfRiver
uk,h0085,0.5347802670354893,scr1992,avaConv,runOfRiver
uk,h0086,0.4943804982169349,scr1992,avaConv,runOfRiver
uk,h0087,0.37488314341522133,scr1992,avaConv,runOfRiver
uk,h0088,0.258727326906597,scr1992,avaConv,runOfRiver
uk,h0089,0.20858299349232057,scr1992,avaConv,runOfRiver
uk,h0090,0.1823847225854356,scr1992,avaConv,runOfRiver
uk,h0091,0.16886142156109707,scr1992,avaConv,runOfRiver
uk,h0092,0.1436160822538872,scr1992,avaConv,runOfRiver
uk,h0093,0.12662804025923535,scr1992,avaConv,runOfRiver
uk,h0094,0.14591259858515554,scr1992,avaConv,runOfRiver
uk,h0095,0.1339720916671513,scr1992,avaConv,runOfRiver
uk,h0096,0.11660467981445041,scr1992,avaConv,runOfRiver
