region_1,timestep_6,value,scenario_1,parameter,technology_3
AT,h0145,0.7458699386461147,scr1998,avaConv,runOfRiver
AT,h0146,0.7549372068771092,scr1998,avaConv,runOfRiver
AT,h0147,0.763995589532553,scr1998,avaConv,runOfRiver
AT,h0148,0.763995589532553,scr1998,avaConv,runOfRiver
AT,h0149,0.763995589532553,scr1998,avaConv,runOfRiver
AT,h0150,0.763995589532553,scr1998,avaConv,runOfRiver
AT,h0151,0.7742672231159955,scr1998,avaConv,runOfRiver
AT,h0152,0.784527723124042,scr1998,avaConv,runOfRiver
AT,h0153,0.7947772504829873,scr1998,avaConv,runOfRiver
AT,h0154,0.7947772504829873,scr1998,avaConv,runOfRiver
AT,h0155,0.7947772504829873,scr1998,avaConv,runOfRiver
AT,h0156,0.7947772504829873,scr1998,avaConv,runOfRiver
AT,h0157,0.8009322102299243,scr1998,avaConv,runOfRiver
AT,h0158,0.807083296227729,scr1998,avaConv,runOfRiver
AT,h0159,0.8132305411706424,scr1998,avaConv,runOfRiver
AT,h0160,0.8132305411706424,scr1998,avaConv,runOfRiver
AT,h0161,0.8132305411706424,scr1998,avaConv,runOfRiver
AT,h0162,0.8132305411706424,scr1998,avaConv,runOfRiver
AT,h0163,0.8187904579444423,scr1998,avaConv,runOfRiver
AT,h0164,0.8243472786907318,scr1998,avaConv,runOfRiver
AT,h0165,0.8299010265496081,scr1998,avaConv,runOfRiver
AT,h0166,0.8299010265496081,scr1998,avaConv,runOfRiver
AT,h0167,0.8299010265496081,scr1998,avaConv,runOfRiver
AT,h0168,0.8299010265496081,scr1998,avaConv,runOfRiver
AT,h0169,0.8301843688932375,scr1998,avaConv,runOfRiver
AT,h0170,0.8304677032964272,scr1998,avaConv,runOfRiver
AT,h0171,0.8307510297621834,scr1998,avaConv,runOfRiver
AT,h0172,0.8307510297621834,scr1998,avaConv,runOfRiver
AT,h0173,0.8307510297621834,scr1998,avaConv,runOfRiver
AT,h0174,0.8307510297621834,scr1998,avaConv,runOfRiver
AT,h0175,0.8309768815646701,scr1998,avaConv,runOfRiver
AT,h0176,0.8312027283265906,scr1998,avaConv,runOfRiver
AT,h0177,0.8314285700494646,scr1998,avaConv,runOfRiver
AT,h0178,0.8314285700494646,scr1998,avaConv,runOfRiver
AT,h0179,0.8314285700494646,scr1998,avaConv,runOfRiver
AT,h0180,0.8314285700494646,scr1998,avaConv,runOfRiver
AT,h0181,0.8269478174250469,scr1998,avaConv,runOfRiver
AT,h0182,0.8224650707552976,scr1998,avaConv,runOfRiver
AT,h0183,0.8179803179792056,scr1998,avaConv,runOfRiver
AT,h0184,0.8179803179792056,scr1998,avaConv,runOfRiver
AT,h0185,0.8179803179792056,scr1998,avaConv,runOfRiver
AT,h0186,0.8179803179792056,scr1998,avaConv,runOfRiver
AT,h0187,0.8150715585700044,scr1998,avaConv,runOfRiver
AT,h0188,0.8121619473988588,scr1998,avaConv,runOfRiver
AT,h0189,0.8092514810823099,scr1998,avaConv,runOfRiver
AT,h0190,0.8092514810823099,scr1998,avaConv,runOfRiver
AT,h0191,0.8092514810823099,scr1998,avaConv,runOfRiver
AT,h0192,0.8092514810823099,scr1998,avaConv,runOfRiver
CH,h0145,0.6240308914610849,scr1998,avaConv,runOfRiver
CH,h0146,0.6329417036610882,scr1998,avaConv,runOfRiver
CH,h0147,0.6418461571735324,scr1998,avaConv,runOfRiver
CH,h0148,0.6418461571735324,scr1998,avaConv,runOfRiver
CH,h0149,0.6418461571735324,scr1998,avaConv,runOfRiver
CH,h0150,0.6418461571735324,scr1998,avaConv,runOfRiver
CH,h0151,0.6450263501845656,scr1998,avaConv,runOfRiver
CH,h0152,0.6482057475976761,scr1998,avaConv,runOfRiver
CH,h0153,0.6513843535797449,scr1998,avaConv,runOfRiver
CH,h0154,0.6513843535797449,scr1998,avaConv,runOfRiver
CH,h0155,0.6513843535797449,scr1998,avaConv,runOfRiver
CH,h0156,0.6513843535797449,scr1998,avaConv,runOfRiver
CH,h0157,0.6500041008488447,scr1998,avaConv,runOfRiver
CH,h0158,0.6486236993082588,scr1998,avaConv,runOfRiver
CH,h0159,0.6472431486196959,scr1998,avaConv,runOfRiver
CH,h0160,0.6472431486196959,scr1998,avaConv,runOfRiver
CH,h0161,0.6472431486196959,scr1998,avaConv,runOfRiver
CH,h0162,0.6472431486196959,scr1998,avaConv,runOfRiver
CH,h0163,0.6440045662301279,scr1998,avaConv,runOfRiver
CH,h0164,0.6407651570766616,scr1998,avaConv,runOfRiver
CH,h0165,0.6375249166957015,scr1998,avaConv,runOfRiver
CH,h0166,0.6375249166957015,scr1998,avaConv,runOfRiver
CH,h0167,0.6375249166957015,scr1998,avaConv,runOfRiver
CH,h0168,0.6375249166957015,scr1998,avaConv,runOfRiver
CH,h0169,0.6297437262935766,scr1998,avaConv,runOfRiver
CH,h0170,0.6219576569203854,scr1998,avaConv,runOfRiver
CH,h0171,0.6141666433891287,scr1998,avaConv,runOfRiver
CH,h0172,0.6141666433891287,scr1998,avaConv,runOfRiver
CH,h0173,0.6141666433891287,scr1998,avaConv,runOfRiver
CH,h0174,0.6141666433891287,scr1998,avaConv,runOfRiver
CH,h0175,0.6092992300051722,scr1998,avaConv,runOfRiver
CH,h0176,0.6044298461889309,scr1998,avaConv,runOfRiver
CH,h0177,0.5995584750198517,scr1998,avaConv,runOfRiver
CH,h0178,0.5995584750198517,scr1998,avaConv,runOfRiver
CH,h0179,0.5995584750198517,scr1998,avaConv,runOfRiver
CH,h0180,0.5995584750198517,scr1998,avaConv,runOfRiver
CH,h0181,0.5914284160537955,scr1998,avaConv,runOfRiver
CH,h0182,0.5832926979502451,scr1998,avaConv,runOfRiver
CH,h0183,0.5751512366531237,scr1998,avaConv,runOfRiver
CH,h0184,0.5751512366531237,scr1998,avaConv,runOfRiver
CH,h0185,0.5751512366531237,scr1998,avaConv,runOfRiver
CH,h0186,0.5751512366531237,scr1998,avaConv,runOfRiver
CH,h0187,0.5699288511054467,scr1998,avaConv,runOfRiver
CH,h0188,0.5647040463411338,scr1998,avaConv,runOfRiver
CH,h0189,0.5594767985597596,scr1998,avaConv,runOfRiver
CH,h0190,0.5594767985597596,scr1998,avaConv,runOfRiver
CH,h0191,0.5594767985597596,scr1998,avaConv,runOfRiver
CH,h0192,0.5594767985597596,scr1998,avaConv,runOfRiver
DE,h0145,0.47894951233410965,scr1998,avaConv,runOfRiver
DE,h0146,0.478954379114757,scr1998,avaConv,runOfRiver
DE,h0147,0.4789592458816535,scr1998,avaConv,runOfRiver
DE,h0148,0.4789592458816535,scr1998,avaConv,runOfRiver
DE,h0149,0.4789592458816535,scr1998,avaConv,runOfRiver
DE,h0150,0.4789592458816535,scr1998,avaConv,runOfRiver
DE,h0151,0.4789635009937614,scr1998,avaConv,runOfRiver
DE,h0152,0.4789677560953578,scr1998,avaConv,runOfRiver
DE,h0153,0.47897201118644317,scr1998,avaConv,runOfRiver
DE,h0154,0.47897201118644317,scr1998,avaConv,runOfRiver
DE,h0155,0.47897201118644317,scr1998,avaConv,runOfRiver
DE,h0156,0.47897201118644317,scr1998,avaConv,runOfRiver
DE,h0157,0.4789739151891048,scr1998,avaConv,runOfRiver
DE,h0158,0.4789758191896616,scr1998,avaConv,runOfRiver
DE,h0159,0.47897772318811394,scr1998,avaConv,runOfRiver
DE,h0160,0.47897772318811394,scr1998,avaConv,runOfRiver
DE,h0161,0.47897772318811394,scr1998,avaConv,runOfRiver
DE,h0162,0.47897772318811394,scr1998,avaConv,runOfRiver
DE,h0163,0.478978806707825,scr1998,avaConv,runOfRiver
DE,h0164,0.4789798902268545,scr1998,avaConv,runOfRiver
DE,h0165,0.47898097374520265,scr1998,avaConv,runOfRiver
DE,h0166,0.47898097374520265,scr1998,avaConv,runOfRiver
DE,h0167,0.47898097374520265,scr1998,avaConv,runOfRiver
DE,h0168,0.47898097374520265,scr1998,avaConv,runOfRiver
DE,h0169,0.47897963578599656,scr1998,avaConv,runOfRiver
DE,h0170,0.4789782978257514,scr1998,avaConv,runOfRiver
DE,h0171,0.478976959864467,scr1998,avaConv,runOfRiver
DE,h0172,0.478976959864467,scr1998,avaConv,runOfRiver
DE,h0173,0.478976959864467,scr1998,avaConv,runOfRiver
DE,h0174,0.478976959864467,scr1998,avaConv,runOfRiver
DE,h0175,0.47897620596792034,scr1998,avaConv,runOfRiver
DE,h0176,0.47897545207104375,scr1998,avaConv,runOfRiver
DE,h0177,0.4789746981738372,scr1998,avaConv,runOfRiver
DE,h0178,0.4789746981738372,scr1998,avaConv,runOfRiver
DE,h0179,0.4789746981738372,scr1998,avaConv,runOfRiver
DE,h0180,0.4789746981738372,scr1998,avaConv,runOfRiver
DE,h0181,0.4789716567599662,scr1998,avaConv,runOfRiver
DE,h0182,0.4789686153407251,scr1998,avaConv,runOfRiver
DE,h0183,0.47896557391611394,scr1998,avaConv,runOfRiver
DE,h0184,0.47896557391611394,scr1998,avaConv,runOfRiver
DE,h0185,0.47896557391611394,scr1998,avaConv,runOfRiver
DE,h0186,0.47896557391611394,scr1998,avaConv,runOfRiver
DE,h0187,0.4789636348555064,scr1998,avaConv,runOfRiver
DE,h0188,0.47896169579271586,scr1998,avaConv,runOfRiver
DE,h0189,0.4789597567277426,scr1998,avaConv,runOfRiver
DE,h0190,0.4789597567277426,scr1998,avaConv,runOfRiver
DE,h0191,0.4789597567277426,scr1998,avaConv,runOfRiver
DE,h0192,0.4789597567277426,scr1998,avaConv,runOfRiver
ES,h0145,0.8689749334418457,scr1998,avaConv,runOfRiver
ES,h0146,0.8952404590388686,scr1998,avaConv,runOfRiver
ES,h0147,0.9214983138497546,scr1998,avaConv,runOfRiver
ES,h0148,0.9214983138497546,scr1998,avaConv,runOfRiver
ES,h0149,0.9214983138497546,scr1998,avaConv,runOfRiver
ES,h0150,0.9214983138497546,scr1998,avaConv,runOfRiver
ES,h0151,0.9248234392660096,scr1998,avaConv,runOfRiver
ES,h0152,0.9281484456473604,scr1998,avaConv,runOfRiver
ES,h0153,0.9314733334269361,scr1998,avaConv,runOfRiver
ES,h0154,0.9314733334269361,scr1998,avaConv,runOfRiver
ES,h0155,0.9314733334269361,scr1998,avaConv,runOfRiver
ES,h0156,0.9314733334269361,scr1998,avaConv,runOfRiver
ES,h0157,0.9211555947133884,scr1998,avaConv,runOfRiver
ES,h0158,0.9108367051515218,scr1998,avaConv,runOfRiver
ES,h0159,0.9005166514971573,scr1998,avaConv,runOfRiver
ES,h0160,0.9005166514971573,scr1998,avaConv,runOfRiver
ES,h0161,0.9005166514971573,scr1998,avaConv,runOfRiver
ES,h0162,0.9005166514971573,scr1998,avaConv,runOfRiver
ES,h0163,0.8843202681371369,scr1998,avaConv,runOfRiver
ES,h0164,0.868120930994905,scr1998,avaConv,runOfRiver
ES,h0165,0.8519185840840785,scr1998,avaConv,runOfRiver
ES,h0166,0.8519185840840785,scr1998,avaConv,runOfRiver
ES,h0167,0.8519185840840785,scr1998,avaConv,runOfRiver
ES,h0168,0.8519185840840785,scr1998,avaConv,runOfRiver
ES,h0169,0.8236904283288574,scr1998,avaConv,runOfRiver
ES,h0170,0.7954526399869317,scr1998,avaConv,runOfRiver
ES,h0171,0.767204871704542,scr1998,avaConv,runOfRiver
ES,h0172,0.767204871704542,scr1998,avaConv,runOfRiver
ES,h0173,0.767204871704542,scr1998,avaConv,runOfRiver
ES,h0174,0.767204871704542,scr1998,avaConv,runOfRiver
ES,h0175,0.7488941972186333,scr1998,avaConv,runOfRiver
ES,h0176,0.7305790677956725,scr1998,avaConv,runOfRiver
ES,h0177,0.7122593700719527,scr1998,avaConv,runOfRiver
ES,h0178,0.7122593700719527,scr1998,avaConv,runOfRiver
ES,h0179,0.7122593700719527,scr1998,avaConv,runOfRiver
ES,h0180,0.7122593700719527,scr1998,avaConv,runOfRiver
ES,h0181,0.6841782691025815,scr1998,avaConv,runOfRiver
ES,h0182,0.6560857011125809,scr1998,avaConv,runOfRiver
ES,h0183,0.6279811677257885,scr1998,avaConv,runOfRiver
ES,h0184,0.6279811677257885,scr1998,avaConv,runOfRiver
ES,h0185,0.6279811677257885,scr1998,avaConv,runOfRiver
ES,h0186,0.6279811677257885,scr1998,avaConv,runOfRiver
ES,h0187,0.6106596778038799,scr1998,avaConv,runOfRiver
ES,h0188,0.5933333041913719,scr1998,avaConv,runOfRiver
ES,h0189,0.5760019022896887,scr1998,avaConv,runOfRiver
ES,h0190,0.5760019022896887,scr1998,avaConv,runOfRiver
ES,h0191,0.5760019022896887,scr1998,avaConv,runOfRiver
ES,h0192,0.5760019022896887,scr1998,avaConv,runOfRiver
FR,h0145,0.49300798945987945,scr1998,avaConv,runOfRiver
FR,h0146,0.4953318049148452,scr1998,avaConv,runOfRiver
FR,h0147,0.4976544994285568,scr1998,avaConv,runOfRiver
FR,h0148,0.4976544994285568,scr1998,avaConv,runOfRiver
FR,h0149,0.4976544994285568,scr1998,avaConv,runOfRiver
FR,h0150,0.4976544994285568,scr1998,avaConv,runOfRiver
FR,h0151,0.49789952276666727,scr1998,avaConv,runOfRiver
FR,h0152,0.4981445336968624,scr1998,avaConv,runOfRiver
FR,h0153,0.49838953222605675,scr1998,avaConv,runOfRiver
FR,h0154,0.49838953222605675,scr1998,avaConv,runOfRiver
FR,h0155,0.49838953222605675,scr1998,avaConv,runOfRiver
FR,h0156,0.49838953222605675,scr1998,avaConv,runOfRiver
FR,h0157,0.49740778606487046,scr1998,avaConv,runOfRiver
FR,h0158,0.4964258404735937,scr1998,avaConv,runOfRiver
FR,h0159,0.49544369500528107,scr1998,avaConv,runOfRiver
FR,h0160,0.49544369500528107,scr1998,avaConv,runOfRiver
FR,h0161,0.49544369500528107,scr1998,avaConv,runOfRiver
FR,h0162,0.49544369500528107,scr1998,avaConv,runOfRiver
FR,h0163,0.49393759586611896,scr1998,avaConv,runOfRiver
FR,h0164,0.49243102426591734,scr1998,avaConv,runOfRiver
FR,h0165,0.4909239785677364,scr1998,avaConv,runOfRiver
FR,h0166,0.4909239785677364,scr1998,avaConv,runOfRiver
FR,h0167,0.4909239785677364,scr1998,avaConv,runOfRiver
FR,h0168,0.4909239785677364,scr1998,avaConv,runOfRiver
FR,h0169,0.48829618928343754,scr1998,avaConv,runOfRiver
FR,h0170,0.4856669459927485,scr1998,avaConv,runOfRiver
FR,h0171,0.48303623978841037,scr1998,avaConv,runOfRiver
FR,h0172,0.48303623978841037,scr1998,avaConv,runOfRiver
FR,h0173,0.48303623978841037,scr1998,avaConv,runOfRiver
FR,h0174,0.48303623978841037,scr1998,avaConv,runOfRiver
FR,h0175,0.4813727101535561,scr1998,avaConv,runOfRiver
FR,h0176,0.4797085901843856,scr1998,avaConv,runOfRiver
FR,h0177,0.47804387756617317,scr1998,avaConv,runOfRiver
FR,h0178,0.47804387756617317,scr1998,avaConv,runOfRiver
FR,h0179,0.47804387756617317,scr1998,avaConv,runOfRiver
FR,h0180,0.47804387756617317,scr1998,avaConv,runOfRiver
FR,h0181,0.47567465338505976,scr1998,avaConv,runOfRiver
FR,h0182,0.4733042183301789,scr1998,avaConv,runOfRiver
FR,h0183,0.4709325655528226,scr1998,avaConv,runOfRiver
FR,h0184,0.4709325655528226,scr1998,avaConv,runOfRiver
FR,h0185,0.4709325655528226,scr1998,avaConv,runOfRiver
FR,h0186,0.4709325655528226,scr1998,avaConv,runOfRiver
FR,h0187,0.46941046735195524,scr1998,avaConv,runOfRiver
FR,h0188,0.4678878633140944,scr1998,avaConv,runOfRiver
FR,h0189,0.46636475158223023,scr1998,avaConv,runOfRiver
FR,h0190,0.46636475158223023,scr1998,avaConv,runOfRiver
FR,h0191,0.46636475158223023,scr1998,avaConv,runOfRiver
FR,h0192,0.46636475158223023,scr1998,avaConv,runOfRiver
IT,h0145,0.45067947361330857,scr1998,avaConv,runOfRiver
IT,h0146,0.45304276715001174,scr1998,avaConv,runOfRiver
IT,h0147,0.4554051689293683,scr1998,avaConv,runOfRiver
IT,h0148,0.4554051689293683,scr1998,avaConv,runOfRiver
IT,h0149,0.4554051689293683,scr1998,avaConv,runOfRiver
IT,h0150,0.4554051689293683,scr1998,avaConv,runOfRiver
IT,h0151,0.45818172180351335,scr1998,avaConv,runOfRiver
IT,h0152,0.4609570571473911,scr1998,avaConv,runOfRiver
IT,h0153,0.4637311830819424,scr1998,avaConv,runOfRiver
IT,h0154,0.4637311830819424,scr1998,avaConv,runOfRiver
IT,h0155,0.4637311830819424,scr1998,avaConv,runOfRiver
IT,h0156,0.4637311830819424,scr1998,avaConv,runOfRiver
IT,h0157,0.4654251007828262,scr1998,avaConv,runOfRiver
IT,h0158,0.4671185720437619,scr1998,avaConv,runOfRiver
IT,h0159,0.46881159865893146,scr1998,avaConv,runOfRiver
IT,h0160,0.46881159865893146,scr1998,avaConv,runOfRiver
IT,h0161,0.46881159865893146,scr1998,avaConv,runOfRiver
IT,h0162,0.46881159865893146,scr1998,avaConv,runOfRiver
IT,h0163,0.4701254774840361,scr1998,avaConv,runOfRiver
IT,h0164,0.47143909029277864,scr1998,avaConv,runOfRiver
IT,h0165,0.47275243790715915,scr1998,avaConv,runOfRiver
IT,h0166,0.47275243790715915,scr1998,avaConv,runOfRiver
IT,h0167,0.47275243790715915,scr1998,avaConv,runOfRiver
IT,h0168,0.47275243790715915,scr1998,avaConv,runOfRiver
IT,h0169,0.4730027453804926,scr1998,avaConv,runOfRiver
IT,h0170,0.4732530432540549,scr1998,avaConv,runOfRiver
IT,h0171,0.4735033315334783,scr1998,avaConv,runOfRiver
IT,h0172,0.4735033315334783,scr1998,avaConv,runOfRiver
IT,h0173,0.4735033315334783,scr1998,avaConv,runOfRiver
IT,h0174,0.4735033315334783,scr1998,avaConv,runOfRiver
IT,h0175,0.473692093815321,scr1998,avaConv,runOfRiver
IT,h0176,0.47388085064539,scr1998,avaConv,runOfRiver
IT,h0177,0.47406960202609427,scr1998,avaConv,runOfRiver
IT,h0178,0.47406960202609427,scr1998,avaConv,runOfRiver
IT,h0179,0.47406960202609427,scr1998,avaConv,runOfRiver
IT,h0180,0.47406960202609427,scr1998,avaConv,runOfRiver
IT,h0181,0.4730619477127238,scr1998,avaConv,runOfRiver
IT,h0182,0.47205413781425737,scr1998,avaConv,runOfRiver
IT,h0183,0.4710461719621833,scr1998,avaConv,runOfRiver
IT,h0184,0.4710461719621833,scr1998,avaConv,runOfRiver
IT,h0185,0.4710461719621833,scr1998,avaConv,runOfRiver
IT,h0186,0.4710461719621833,scr1998,avaConv,runOfRiver
IT,h0187,0.47039292740356103,scr1998,avaConv,runOfRiver
IT,h0188,0.46973961710301937,scr1998,avaConv,runOfRiver
IT,h0189,0.46908624095914353,scr1998,avaConv,runOfRiver
IT,h0190,0.46908624095914353,scr1998,avaConv,runOfRiver
IT,h0191,0.46908624095914353,scr1998,avaConv,runOfRiver
IT,h0192,0.46908624095914353,scr1998,avaConv,runOfRiver
