region_4,category,timestep_6,value,scenario_1,parameter,technology_3
AL,1,h0073,0.2602049720194659,scr1986,avaConv,onshore_a
AL,1,h0074,0.2687638747035668,scr1986,avaConv,onshore_a
AL,1,h0075,0.18918057998495702,scr1986,avaConv,onshore_a
AL,1,h0076,0.2063272009971295,scr1986,avaConv,onshore_a
AL,1,h0077,0.25665655433782963,scr1986,avaConv,onshore_a
AL,1,h0078,0.27681248332957564,scr1986,avaConv,onshore_a
AL,1,h0079,0.3601626317032442,scr1986,avaConv,onshore_a
AL,1,h0080,0.4813074588643246,scr1986,avaConv,onshore_a
AL,1,h0081,0.5700472422816221,scr1986,avaConv,onshore_a
AL,1,h0082,0.5110836052087155,scr1986,avaConv,onshore_a
AL,1,h0083,0.3401508181737349,scr1986,avaConv,onshore_a
AL,1,h0084,0.19416002484986633,scr1986,avaConv,onshore_a
AL,1,h0085,0.0,scr1986,avaConv,onshore_a
AL,1,h0086,0.4509601376125075,scr1986,avaConv,onshore_a
AL,1,h0087,0.5565631892227414,scr1986,avaConv,onshore_a
AL,1,h0088,0.5881373664924867,scr1986,avaConv,onshore_a
AL,1,h0089,0.5098929761774377,scr1986,avaConv,onshore_a
AL,1,h0090,0.4032975421798032,scr1986,avaConv,onshore_a
AL,1,h0091,0.42758043679122176,scr1986,avaConv,onshore_a
AL,1,h0092,0.36146244453042314,scr1986,avaConv,onshore_a
AL,1,h0093,0.45763033420417604,scr1986,avaConv,onshore_a
AL,1,h0094,0.45916862562983857,scr1986,avaConv,onshore_a
AL,1,h0095,0.3619972049087883,scr1986,avaConv,onshore_a
AL,1,h0096,0.34648934058866737,scr1986,avaConv,onshore_a
AT,1,h0073,0.19524145525560455,scr1986,avaConv,onshore_a
AT,1,h0074,0.06983342533591602,scr1986,avaConv,onshore_a
AT,1,h0075,0.07072661480070831,scr1986,avaConv,onshore_a
AT,1,h0076,0.4023666612737513,scr1986,avaConv,onshore_a
AT,1,h0077,0.5343614427784631,scr1986,avaConv,onshore_a
AT,1,h0078,0.7265873469715503,scr1986,avaConv,onshore_a
AT,1,h0079,0.5783690056039447,scr1986,avaConv,onshore_a
AT,1,h0080,0.47299070928395875,scr1986,avaConv,onshore_a
AT,1,h0081,0.6134031119682168,scr1986,avaConv,onshore_a
AT,1,h0082,0.4319901247371387,scr1986,avaConv,onshore_a
AT,1,h0083,0.4320889834105404,scr1986,avaConv,onshore_a
AT,1,h0084,0.10061163827505433,scr1986,avaConv,onshore_a
AT,1,h0085,0.08535962983502979,scr1986,avaConv,onshore_a
AT,1,h0086,0.024768760941773483,scr1986,avaConv,onshore_a
AT,1,h0087,0.1932026309369568,scr1986,avaConv,onshore_a
AT,1,h0088,0.20628446092010413,scr1986,avaConv,onshore_a
AT,1,h0089,0.18810007835675874,scr1986,avaConv,onshore_a
AT,1,h0090,0.038133910071172,scr1986,avaConv,onshore_a
AT,1,h0091,0.00033567463237179317,scr1986,avaConv,onshore_a
AT,1,h0092,0.28816215490940505,scr1986,avaConv,onshore_a
AT,1,h0093,0.29012456673451525,scr1986,avaConv,onshore_a
AT,1,h0094,0.5410560081431764,scr1986,avaConv,onshore_a
AT,1,h0095,0.2935443656447791,scr1986,avaConv,onshore_a
AT,1,h0096,0.6243977946549233,scr1986,avaConv,onshore_a
BA,1,h0073,0.0,scr1986,avaConv,onshore_a
BA,1,h0074,0.08754253019168523,scr1986,avaConv,onshore_a
BA,1,h0075,0.02536803920242227,scr1986,avaConv,onshore_a
BA,1,h0076,0.06880348605500221,scr1986,avaConv,onshore_a
BA,1,h0077,0.20852374087861084,scr1986,avaConv,onshore_a
BA,1,h0078,0.23109432050708817,scr1986,avaConv,onshore_a
BA,1,h0079,0.44104629356065755,scr1986,avaConv,onshore_a
BA,1,h0080,0.4597196442567263,scr1986,avaConv,onshore_a
BA,1,h0081,0.6092389690260765,scr1986,avaConv,onshore_a
BA,1,h0082,0.42767375903325433,scr1986,avaConv,onshore_a
BA,1,h0083,0.3535953191998705,scr1986,avaConv,onshore_a
BA,1,h0084,0.14941652740834627,scr1986,avaConv,onshore_a
BA,1,h0085,0.18625110186006796,scr1986,avaConv,onshore_a
BA,1,h0086,0.3370656796042989,scr1986,avaConv,onshore_a
BA,1,h0087,0.3481851028219897,scr1986,avaConv,onshore_a
BA,1,h0088,0.36684731924480374,scr1986,avaConv,onshore_a
BA,1,h0089,0.16588266044190542,scr1986,avaConv,onshore_a
BA,1,h0090,0.1591044158835247,scr1986,avaConv,onshore_a
BA,1,h0091,0.11427038698954081,scr1986,avaConv,onshore_a
BA,1,h0092,0.2259266908019688,scr1986,avaConv,onshore_a
BA,1,h0093,0.26671394271792487,scr1986,avaConv,onshore_a
BA,1,h0094,0.3008001136633373,scr1986,avaConv,onshore_a
BA,1,h0095,0.1505302950157528,scr1986,avaConv,onshore_a
BA,1,h0096,0.4687038274435771,scr1986,avaConv,onshore_a
BE,1,h0073,0.2436531267498326,scr1986,avaConv,onshore_a
BE,1,h0074,0.2552553340421318,scr1986,avaConv,onshore_a
BE,1,h0075,0.09225077502375781,scr1986,avaConv,onshore_a
BE,1,h0076,0.09654895705803218,scr1986,avaConv,onshore_a
BE,1,h0077,0.15464550338885585,scr1986,avaConv,onshore_a
BE,1,h0078,0.47758353510791046,scr1986,avaConv,onshore_a
BE,1,h0079,0.5049846184751403,scr1986,avaConv,onshore_a
BE,1,h0080,0.6176273743937706,scr1986,avaConv,onshore_a
BE,1,h0081,0.3125759836394456,scr1986,avaConv,onshore_a
BE,1,h0082,0.28149331831361446,scr1986,avaConv,onshore_a
BE,1,h0083,0.10488211536372814,scr1986,avaConv,onshore_a
BE,1,h0084,0.34161204704270015,scr1986,avaConv,onshore_a
BE,1,h0085,0.46312507283835,scr1986,avaConv,onshore_a
BE,1,h0086,0.4629053146126851,scr1986,avaConv,onshore_a
BE,1,h0087,0.27374403437061284,scr1986,avaConv,onshore_a
BE,1,h0088,0.1484396986203908,scr1986,avaConv,onshore_a
BE,1,h0089,0.1327212530330096,scr1986,avaConv,onshore_a
BE,1,h0090,0.10414484036583277,scr1986,avaConv,onshore_a
BE,1,h0091,0.04514101409837966,scr1986,avaConv,onshore_a
BE,1,h0092,0.023202893248426813,scr1986,avaConv,onshore_a
BE,1,h0093,0.07560868976725815,scr1986,avaConv,onshore_a
BE,1,h0094,0.13629684732589753,scr1986,avaConv,onshore_a
BE,1,h0095,0.2000784947090149,scr1986,avaConv,onshore_a
BE,1,h0096,0.484009782667896,scr1986,avaConv,onshore_a
BG,1,h0073,0.19504220191169824,scr1986,avaConv,onshore_a
BG,1,h0074,0.17246455182129175,scr1986,avaConv,onshore_a
BG,1,h0075,0.1313070020159773,scr1986,avaConv,onshore_a
BG,1,h0076,0.11942707260996767,scr1986,avaConv,onshore_a
BG,1,h0077,0.14729402148800286,scr1986,avaConv,onshore_a
BG,1,h0078,0.14452597196570313,scr1986,avaConv,onshore_a
BG,1,h0079,0.0564261008893149,scr1986,avaConv,onshore_a
BG,1,h0080,0.03975455146404512,scr1986,avaConv,onshore_a
BG,1,h0081,0.06258192223778045,scr1986,avaConv,onshore_a
BG,1,h0082,0.11051167805660526,scr1986,avaConv,onshore_a
BG,1,h0083,0.11520963115083929,scr1986,avaConv,onshore_a
BG,1,h0084,0.10485608677169944,scr1986,avaConv,onshore_a
BG,1,h0085,0.06014211739441397,scr1986,avaConv,onshore_a
BG,1,h0086,0.34893748699255833,scr1986,avaConv,onshore_a
BG,1,h0087,0.4221080099642615,scr1986,avaConv,onshore_a
BG,1,h0088,0.5215001991017971,scr1986,avaConv,onshore_a
BG,1,h0089,0.22394688753724454,scr1986,avaConv,onshore_a
BG,1,h0090,0.24749130822180515,scr1986,avaConv,onshore_a
BG,1,h0091,0.20402743992410202,scr1986,avaConv,onshore_a
BG,1,h0092,0.17884410222064961,scr1986,avaConv,onshore_a
BG,1,h0093,0.082929813006186,scr1986,avaConv,onshore_a
BG,1,h0094,0.21055104838137909,scr1986,avaConv,onshore_a
BG,1,h0095,0.2542193312910949,scr1986,avaConv,onshore_a
BG,1,h0096,0.2822712332162905,scr1986,avaConv,onshore_a
CH,1,h0073,0.2832481941100553,scr1986,avaConv,onshore_a
CH,1,h0074,0.14137930382003094,scr1986,avaConv,onshore_a
CH,1,h0075,0.16693891198569977,scr1986,avaConv,onshore_a
CH,1,h0076,0.1703959119260132,scr1986,avaConv,onshore_a
CH,1,h0077,0.45816418313331,scr1986,avaConv,onshore_a
CH,1,h0078,0.6191575658040543,scr1986,avaConv,onshore_a
CH,1,h0079,0.6319914520329728,scr1986,avaConv,onshore_a
CH,1,h0080,0.4322792849386621,scr1986,avaConv,onshore_a
CH,1,h0081,0.337573358500975,scr1986,avaConv,onshore_a
CH,1,h0082,0.31915671565773357,scr1986,avaConv,onshore_a
CH,1,h0083,0.33237345740380553,scr1986,avaConv,onshore_a
CH,1,h0084,0.3706085209587082,scr1986,avaConv,onshore_a
CH,1,h0085,0.393664043205071,scr1986,avaConv,onshore_a
CH,1,h0086,0.34068355768709274,scr1986,avaConv,onshore_a
CH,1,h0087,0.10478305594189383,scr1986,avaConv,onshore_a
CH,1,h0088,0.170253114888859,scr1986,avaConv,onshore_a
CH,1,h0089,0.17593003728527168,scr1986,avaConv,onshore_a
CH,1,h0090,0.17847550032942294,scr1986,avaConv,onshore_a
CH,1,h0091,0.0004302549900616591,scr1986,avaConv,onshore_a
CH,1,h0092,0.18385623947494564,scr1986,avaConv,onshore_a
CH,1,h0093,0.1878306367791663,scr1986,avaConv,onshore_a
CH,1,h0094,0.20122332474661386,scr1986,avaConv,onshore_a
CH,1,h0095,0.07327725317488264,scr1986,avaConv,onshore_a
CH,1,h0096,0.4722320533828288,scr1986,avaConv,onshore_a
CZ,1,h0073,0.22322109576307714,scr1986,avaConv,onshore_a
CZ,1,h0074,0.029717123747632603,scr1986,avaConv,onshore_a
CZ,1,h0075,0.0,scr1986,avaConv,onshore_a
CZ,1,h0076,0.4083490120395268,scr1986,avaConv,onshore_a
CZ,1,h0077,0.5522368753007999,scr1986,avaConv,onshore_a
CZ,1,h0078,0.6702623634792553,scr1986,avaConv,onshore_a
CZ,1,h0079,0.43009736827293077,scr1986,avaConv,onshore_a
CZ,1,h0080,0.4140683021756923,scr1986,avaConv,onshore_a
CZ,1,h0081,0.5457481723528201,scr1986,avaConv,onshore_a
CZ,1,h0082,0.5119821966528797,scr1986,avaConv,onshore_a
CZ,1,h0083,0.3973872202562927,scr1986,avaConv,onshore_a
CZ,1,h0084,0.08910966321830974,scr1986,avaConv,onshore_a
CZ,1,h0085,0.14801036914571924,scr1986,avaConv,onshore_a
CZ,1,h0086,0.13257221829737684,scr1986,avaConv,onshore_a
CZ,1,h0087,0.26076119147296317,scr1986,avaConv,onshore_a
CZ,1,h0088,0.16559330137992506,scr1986,avaConv,onshore_a
CZ,1,h0089,0.1915856156520014,scr1986,avaConv,onshore_a
CZ,1,h0090,0.13131132653993183,scr1986,avaConv,onshore_a
CZ,1,h0091,0.11218226396563044,scr1986,avaConv,onshore_a
CZ,1,h0092,0.3105220211576481,scr1986,avaConv,onshore_a
CZ,1,h0093,0.2680826999073243,scr1986,avaConv,onshore_a
CZ,1,h0094,0.4276994412257662,scr1986,avaConv,onshore_a
CZ,1,h0095,0.2932400442542636,scr1986,avaConv,onshore_a
CZ,1,h0096,0.6122827136927043,scr1986,avaConv,onshore_a
DE,1,h0073,0.20527854314590582,scr1986,avaConv,onshore_a
DE,1,h0074,0.12762090214977584,scr1986,avaConv,onshore_a
DE,1,h0075,0.13187058756649975,scr1986,avaConv,onshore_a
DE,1,h0076,0.2515123863543173,scr1986,avaConv,onshore_a
DE,1,h0077,0.35150757648773856,scr1986,avaConv,onshore_a
DE,1,h0078,0.4965794136539734,scr1986,avaConv,onshore_a
DE,1,h0079,0.4276767476478287,scr1986,avaConv,onshore_a
DE,1,h0080,0.5252882625202224,scr1986,avaConv,onshore_a
DE,1,h0081,0.4736654227057458,scr1986,avaConv,onshore_a
DE,1,h0082,0.5729244227623411,scr1986,avaConv,onshore_a
DE,1,h0083,0.4039736486147149,scr1986,avaConv,onshore_a
DE,1,h0084,0.3472184040794796,scr1986,avaConv,onshore_a
DE,1,h0085,0.21502551861318922,scr1986,avaConv,onshore_a
DE,1,h0086,0.30468247029421,scr1986,avaConv,onshore_a
DE,1,h0087,0.29164038644453716,scr1986,avaConv,onshore_a
DE,1,h0088,0.28470326551788183,scr1986,avaConv,onshore_a
DE,1,h0089,0.3439086607333724,scr1986,avaConv,onshore_a
DE,1,h0090,0.3373623300459919,scr1986,avaConv,onshore_a
DE,1,h0091,0.30337645240164807,scr1986,avaConv,onshore_a
DE,1,h0092,0.1704292456812954,scr1986,avaConv,onshore_a
DE,1,h0093,0.059496426651796865,scr1986,avaConv,onshore_a
DE,1,h0094,0.16675416830463036,scr1986,avaConv,onshore_a
DE,1,h0095,0.1713434053183826,scr1986,avaConv,onshore_a
DE,1,h0096,0.5449037421492444,scr1986,avaConv,onshore_a
EE,1,h0073,0.08985823907030796,scr1986,avaConv,onshore_a
EE,1,h0074,0.05557395620005832,scr1986,avaConv,onshore_a
EE,1,h0075,0.16213346380210772,scr1986,avaConv,onshore_a
EE,1,h0076,0.12029721864103185,scr1986,avaConv,onshore_a
EE,1,h0077,0.1775756669510885,scr1986,avaConv,onshore_a
EE,1,h0078,0.06682686845329035,scr1986,avaConv,onshore_a
EE,1,h0079,0.32674145281531586,scr1986,avaConv,onshore_a
EE,1,h0080,0.4179030876100104,scr1986,avaConv,onshore_a
EE,1,h0081,0.46781369238803416,scr1986,avaConv,onshore_a
EE,1,h0082,0.3211258953447257,scr1986,avaConv,onshore_a
EE,1,h0083,0.3451377674055281,scr1986,avaConv,onshore_a
EE,1,h0084,0.3451095580326771,scr1986,avaConv,onshore_a
EE,1,h0085,0.39794415520356863,scr1986,avaConv,onshore_a
EE,1,h0086,0.39207201372774164,scr1986,avaConv,onshore_a
EE,1,h0087,0.41783944338925233,scr1986,avaConv,onshore_a
EE,1,h0088,0.43823846928620164,scr1986,avaConv,onshore_a
EE,1,h0089,0.5185384964917445,scr1986,avaConv,onshore_a
EE,1,h0090,0.7365308987148158,scr1986,avaConv,onshore_a
EE,1,h0091,0.7528086855838314,scr1986,avaConv,onshore_a
EE,1,h0092,0.8414402431146669,scr1986,avaConv,onshore_a
EE,1,h0093,0.7797520491680201,scr1986,avaConv,onshore_a
EE,1,h0094,0.7519449615960426,scr1986,avaConv,onshore_a
EE,1,h0095,0.5393424550853556,scr1986,avaConv,onshore_a
EE,1,h0096,0.3949405257283026,scr1986,avaConv,onshore_a
ES,1,h0073,0.3265121478414447,scr1986,avaConv,onshore_a
ES,1,h0074,0.18070127768567223,scr1986,avaConv,onshore_a
ES,1,h0075,0.15207699666724916,scr1986,avaConv,onshore_a
ES,1,h0076,0.07329498496642681,scr1986,avaConv,onshore_a
ES,1,h0077,0.16456416255772127,scr1986,avaConv,onshore_a
ES,1,h0078,0.1687751764641245,scr1986,avaConv,onshore_a
ES,1,h0079,0.2685430713480059,scr1986,avaConv,onshore_a
ES,1,h0080,0.22607929668458807,scr1986,avaConv,onshore_a
ES,1,h0081,0.18952900761325367,scr1986,avaConv,onshore_a
ES,1,h0082,0.13954892625320203,scr1986,avaConv,onshore_a
ES,1,h0083,0.11492915683571354,scr1986,avaConv,onshore_a
ES,1,h0084,0.1390451672982955,scr1986,avaConv,onshore_a
ES,1,h0085,0.1527045536832972,scr1986,avaConv,onshore_a
ES,1,h0086,0.14292264259380216,scr1986,avaConv,onshore_a
ES,1,h0087,0.090596073352382,scr1986,avaConv,onshore_a
ES,1,h0088,0.1585444350166738,scr1986,avaConv,onshore_a
ES,1,h0089,0.2624900179797521,scr1986,avaConv,onshore_a
ES,1,h0090,0.25249038026394877,scr1986,avaConv,onshore_a
ES,1,h0091,0.14853302999923199,scr1986,avaConv,onshore_a
ES,1,h0092,0.005791964061087285,scr1986,avaConv,onshore_a
ES,1,h0093,0.15040892306569947,scr1986,avaConv,onshore_a
ES,1,h0094,0.1344136009824372,scr1986,avaConv,onshore_a
ES,1,h0095,0.16864036711024438,scr1986,avaConv,onshore_a
ES,1,h0096,0.18887302066980619,scr1986,avaConv,onshore_a
FI,1,h0073,0.422865553364034,scr1986,avaConv,onshore_a
FI,1,h0074,0.47717062200771104,scr1986,avaConv,onshore_a
FI,1,h0075,0.3873616535408438,scr1986,avaConv,onshore_a
FI,1,h0076,0.3220232372812158,scr1986,avaConv,onshore_a
FI,1,h0077,0.374314735132032,scr1986,avaConv,onshore_a
FI,1,h0078,0.3437757390553678,scr1986,avaConv,onshore_a
FI,1,h0079,0.4134377043573105,scr1986,avaConv,onshore_a
FI,1,h0080,0.2923282142915215,scr1986,avaConv,onshore_a
FI,1,h0081,0.14308439426904493,scr1986,avaConv,onshore_a
FI,1,h0082,0.06004179824592064,scr1986,avaConv,onshore_a
FI,1,h0083,0.21405999705472215,scr1986,avaConv,onshore_a
FI,1,h0084,0.2619507755389245,scr1986,avaConv,onshore_a
FI,1,h0085,0.4197814437948704,scr1986,avaConv,onshore_a
FI,1,h0086,0.4700264002397103,scr1986,avaConv,onshore_a
FI,1,h0087,0.48525901275262073,scr1986,avaConv,onshore_a
FI,1,h0088,0.5843089135161051,scr1986,avaConv,onshore_a
FI,1,h0089,0.6847998689230018,scr1986,avaConv,onshore_a
FI,1,h0090,0.7769329409397521,scr1986,avaConv,onshore_a
FI,1,h0091,0.656749743366728,scr1986,avaConv,onshore_a
FI,1,h0092,0.7228270986354112,scr1986,avaConv,onshore_a
FI,1,h0093,0.6425320058199068,scr1986,avaConv,onshore_a
FI,1,h0094,0.7215475282111485,scr1986,avaConv,onshore_a
FI,1,h0095,0.645630108647411,scr1986,avaConv,onshore_a
FI,1,h0096,0.7150343809990458,scr1986,avaConv,onshore_a
FR,1,h0073,0.19938712591820068,scr1986,avaConv,onshore_a
FR,1,h0074,0.09972085632867783,scr1986,avaConv,onshore_a
FR,1,h0075,0.11813574279441005,scr1986,avaConv,onshore_a
FR,1,h0076,0.11452841260237706,scr1986,avaConv,onshore_a
FR,1,h0077,0.24411077260703096,scr1986,avaConv,onshore_a
FR,1,h0078,0.5070182126926945,scr1986,avaConv,onshore_a
FR,1,h0079,0.5631231429471311,scr1986,avaConv,onshore_a
FR,1,h0080,0.5008999581100657,scr1986,avaConv,onshore_a
FR,1,h0081,0.2105592593791246,scr1986,avaConv,onshore_a
FR,1,h0082,0.15420450216983866,scr1986,avaConv,onshore_a
FR,1,h0083,0.20127392000140387,scr1986,avaConv,onshore_a
FR,1,h0084,0.371718781131335,scr1986,avaConv,onshore_a
FR,1,h0085,0.5035503312644276,scr1986,avaConv,onshore_a
FR,1,h0086,0.47268711462384105,scr1986,avaConv,onshore_a
FR,1,h0087,0.2715210219420427,scr1986,avaConv,onshore_a
FR,1,h0088,0.20965539447399487,scr1986,avaConv,onshore_a
FR,1,h0089,0.15717324859396553,scr1986,avaConv,onshore_a
FR,1,h0090,0.179884008304108,scr1986,avaConv,onshore_a
FR,1,h0091,0.021092357130907527,scr1986,avaConv,onshore_a
FR,1,h0092,0.0352084893840272,scr1986,avaConv,onshore_a
FR,1,h0093,0.024062741929981854,scr1986,avaConv,onshore_a
FR,1,h0094,0.12021987425471681,scr1986,avaConv,onshore_a
FR,1,h0095,0.12963348531435476,scr1986,avaConv,onshore_a
FR,1,h0096,0.45300188782791445,scr1986,avaConv,onshore_a
GR,1,h0073,0.4850794081954225,scr1986,avaConv,onshore_a
GR,1,h0074,0.37914166686551537,scr1986,avaConv,onshore_a
GR,1,h0075,0.47486936935626994,scr1986,avaConv,onshore_a
GR,1,h0076,0.3327406996955909,scr1986,avaConv,onshore_a
GR,1,h0077,0.4322737630628675,scr1986,avaConv,onshore_a
GR,1,h0078,0.40556109452266076,scr1986,avaConv,onshore_a
GR,1,h0079,0.4595771175224641,scr1986,avaConv,onshore_a
GR,1,h0080,0.5276873026993915,scr1986,avaConv,onshore_a
GR,1,h0081,0.48246774356729594,scr1986,avaConv,onshore_a
GR,1,h0082,0.46831355864506063,scr1986,avaConv,onshore_a
GR,1,h0083,0.2888842521516534,scr1986,avaConv,onshore_a
GR,1,h0084,0.17209118341780275,scr1986,avaConv,onshore_a
GR,1,h0085,0.0006285592513725798,scr1986,avaConv,onshore_a
GR,1,h0086,0.44355870421858923,scr1986,avaConv,onshore_a
GR,1,h0087,0.5925787976709321,scr1986,avaConv,onshore_a
GR,1,h0088,0.5952873318952877,scr1986,avaConv,onshore_a
GR,1,h0089,0.5151585691276137,scr1986,avaConv,onshore_a
GR,1,h0090,0.5748254362747224,scr1986,avaConv,onshore_a
GR,1,h0091,0.6005584665972682,scr1986,avaConv,onshore_a
GR,1,h0092,0.4517650539225896,scr1986,avaConv,onshore_a
GR,1,h0093,0.34518547306067415,scr1986,avaConv,onshore_a
GR,1,h0094,0.5356741685390966,scr1986,avaConv,onshore_a
GR,1,h0095,0.5320334797417967,scr1986,avaConv,onshore_a
GR,1,h0096,0.4344903823789102,scr1986,avaConv,onshore_a
HR,1,h0073,0.0,scr1986,avaConv,onshore_a
HR,1,h0074,0.10104443787954052,scr1986,avaConv,onshore_a
HR,1,h0075,0.027248110577803096,scr1986,avaConv,onshore_a
HR,1,h0076,0.05888568477843676,scr1986,avaConv,onshore_a
HR,1,h0077,0.11414798459990332,scr1986,avaConv,onshore_a
HR,1,h0078,0.12134698621873877,scr1986,avaConv,onshore_a
HR,1,h0079,0.27103590755346957,scr1986,avaConv,onshore_a
HR,1,h0080,0.2608730991638425,scr1986,avaConv,onshore_a
HR,1,h0081,0.5591223565538069,scr1986,avaConv,onshore_a
HR,1,h0082,0.4173056392914859,scr1986,avaConv,onshore_a
HR,1,h0083,0.36682043520766827,scr1986,avaConv,onshore_a
HR,1,h0084,0.03620932405356034,scr1986,avaConv,onshore_a
HR,1,h0085,0.0402782174537821,scr1986,avaConv,onshore_a
HR,1,h0086,0.32809569172626907,scr1986,avaConv,onshore_a
HR,1,h0087,0.355376377097279,scr1986,avaConv,onshore_a
HR,1,h0088,0.5193123407541237,scr1986,avaConv,onshore_a
HR,1,h0089,0.31416477849020064,scr1986,avaConv,onshore_a
HR,1,h0090,0.28117157997958214,scr1986,avaConv,onshore_a
HR,1,h0091,0.13813524740679625,scr1986,avaConv,onshore_a
HR,1,h0092,0.11002958067785949,scr1986,avaConv,onshore_a
HR,1,h0093,0.1401326570780941,scr1986,avaConv,onshore_a
HR,1,h0094,0.1105238245248487,scr1986,avaConv,onshore_a
HR,1,h0095,0.05245311157716791,scr1986,avaConv,onshore_a
HR,1,h0096,0.3151131773551211,scr1986,avaConv,onshore_a
HU,1,h0073,0.05812435325230938,scr1986,avaConv,onshore_a
HU,1,h0074,0.04701825305385469,scr1986,avaConv,onshore_a
HU,1,h0075,0.10631347568372869,scr1986,avaConv,onshore_a
HU,1,h0076,0.3521129829641072,scr1986,avaConv,onshore_a
HU,1,h0077,0.6000625371953735,scr1986,avaConv,onshore_a
HU,1,h0078,0.7935468746805907,scr1986,avaConv,onshore_a
HU,1,h0079,0.8102397711264315,scr1986,avaConv,onshore_a
HU,1,h0080,0.4186124423416474,scr1986,avaConv,onshore_a
HU,1,h0081,0.5874153978332349,scr1986,avaConv,onshore_a
HU,1,h0082,0.2823514648357413,scr1986,avaConv,onshore_a
HU,1,h0083,0.38797030598720345,scr1986,avaConv,onshore_a
HU,1,h0084,0.06376985980070517,scr1986,avaConv,onshore_a
HU,1,h0085,0.09898036873244304,scr1986,avaConv,onshore_a
HU,1,h0086,0.029805976901605833,scr1986,avaConv,onshore_a
HU,1,h0087,0.0651529014145403,scr1986,avaConv,onshore_a
HU,1,h0088,0.020177024221552434,scr1986,avaConv,onshore_a
HU,1,h0089,0.01303160503306334,scr1986,avaConv,onshore_a
HU,1,h0090,0.022388921231017187,scr1986,avaConv,onshore_a
HU,1,h0091,0.022104140190884355,scr1986,avaConv,onshore_a
HU,1,h0092,0.22479996367925872,scr1986,avaConv,onshore_a
HU,1,h0093,0.14359755992390508,scr1986,avaConv,onshore_a
HU,1,h0094,0.31880349099490374,scr1986,avaConv,onshore_a
HU,1,h0095,0.11707630720903082,scr1986,avaConv,onshore_a
HU,1,h0096,0.5063596910893349,scr1986,avaConv,onshore_a
IE,1,h0073,0.12095898996395986,scr1986,avaConv,onshore_a
IE,1,h0074,0.10747608197197925,scr1986,avaConv,onshore_a
IE,1,h0075,0.03519796291075956,scr1986,avaConv,onshore_a
IE,1,h0076,0.029710053883581614,scr1986,avaConv,onshore_a
IE,1,h0077,0.0005770717476010906,scr1986,avaConv,onshore_a
IE,1,h0078,0.35531567276934317,scr1986,avaConv,onshore_a
IE,1,h0079,0.5681546112350447,scr1986,avaConv,onshore_a
IE,1,h0080,0.7244957566328367,scr1986,avaConv,onshore_a
IE,1,h0081,0.4452013159848342,scr1986,avaConv,onshore_a
IE,1,h0082,0.2724722783236503,scr1986,avaConv,onshore_a
IE,1,h0083,0.1089310742223537,scr1986,avaConv,onshore_a
IE,1,h0084,0.1785966426596844,scr1986,avaConv,onshore_a
IE,1,h0085,0.17343506997371244,scr1986,avaConv,onshore_a
IE,1,h0086,0.16828360404401244,scr1986,avaConv,onshore_a
IE,1,h0087,0.06092296844557779,scr1986,avaConv,onshore_a
IE,1,h0088,0.040309003212155595,scr1986,avaConv,onshore_a
IE,1,h0089,0.07269204737645031,scr1986,avaConv,onshore_a
IE,1,h0090,0.06563722197228349,scr1986,avaConv,onshore_a
IE,1,h0091,0.26686341485838067,scr1986,avaConv,onshore_a
IE,1,h0092,0.4384461055364333,scr1986,avaConv,onshore_a
IE,1,h0093,0.5022938455381989,scr1986,avaConv,onshore_a
IE,1,h0094,0.33351408171384833,scr1986,avaConv,onshore_a
IE,1,h0095,0.37700734249275203,scr1986,avaConv,onshore_a
IE,1,h0096,0.5727205175769639,scr1986,avaConv,onshore_a
LT,1,h0073,0.3011942587086328,scr1986,avaConv,onshore_a
LT,1,h0074,0.17451511024898145,scr1986,avaConv,onshore_a
LT,1,h0075,0.23584403809808338,scr1986,avaConv,onshore_a
LT,1,h0076,0.17882087573941266,scr1986,avaConv,onshore_a
LT,1,h0077,0.1462435775787941,scr1986,avaConv,onshore_a
LT,1,h0078,0.1579217720814579,scr1986,avaConv,onshore_a
LT,1,h0079,0.46628902357438184,scr1986,avaConv,onshore_a
LT,1,h0080,0.6414503117072534,scr1986,avaConv,onshore_a
LT,1,h0081,0.8399557733278574,scr1986,avaConv,onshore_a
LT,1,h0082,0.8390775302274787,scr1986,avaConv,onshore_a
LT,1,h0083,0.6945382307110617,scr1986,avaConv,onshore_a
LT,1,h0084,0.3637611650475115,scr1986,avaConv,onshore_a
LT,1,h0085,0.1590314025184594,scr1986,avaConv,onshore_a
LT,1,h0086,0.41787378422127697,scr1986,avaConv,onshore_a
LT,1,h0087,0.683086832647352,scr1986,avaConv,onshore_a
LT,1,h0088,0.7819790970010563,scr1986,avaConv,onshore_a
LT,1,h0089,0.8197753199674256,scr1986,avaConv,onshore_a
LT,1,h0090,0.7758790281077037,scr1986,avaConv,onshore_a
LT,1,h0091,0.8911647565730425,scr1986,avaConv,onshore_a
LT,1,h0092,0.7708039238796728,scr1986,avaConv,onshore_a
LT,1,h0093,0.8949502886136199,scr1986,avaConv,onshore_a
LT,1,h0094,0.8829982391146232,scr1986,avaConv,onshore_a
LT,1,h0095,0.6368618376952777,scr1986,avaConv,onshore_a
LT,1,h0096,0.5067914158488713,scr1986,avaConv,onshore_a
LU,1,h0073,0.18715400076768232,scr1986,avaConv,onshore_a
LU,1,h0074,0.16931801192534435,scr1986,avaConv,onshore_a
LU,1,h0075,0.0276583764589067,scr1986,avaConv,onshore_a
LU,1,h0076,0.08491599104098985,scr1986,avaConv,onshore_a
LU,1,h0077,0.18583967652054403,scr1986,avaConv,onshore_a
LU,1,h0078,0.5324738395727907,scr1986,avaConv,onshore_a
LU,1,h0079,0.5598881813501636,scr1986,avaConv,onshore_a
LU,1,h0080,0.5454387700403907,scr1986,avaConv,onshore_a
LU,1,h0081,0.22139239222843446,scr1986,avaConv,onshore_a
LU,1,h0082,0.2469999396858634,scr1986,avaConv,onshore_a
LU,1,h0083,0.2768441662807316,scr1986,avaConv,onshore_a
LU,1,h0084,0.4335480579176443,scr1986,avaConv,onshore_a
LU,1,h0085,0.5655781630797712,scr1986,avaConv,onshore_a
LU,1,h0086,0.5750060784841763,scr1986,avaConv,onshore_a
LU,1,h0087,0.43367679960778893,scr1986,avaConv,onshore_a
LU,1,h0088,0.35922678171525896,scr1986,avaConv,onshore_a
LU,1,h0089,0.26987766712706096,scr1986,avaConv,onshore_a
LU,1,h0090,0.27013343971411913,scr1986,avaConv,onshore_a
LU,1,h0091,0.010905462368868768,scr1986,avaConv,onshore_a
LU,1,h0092,0.010905462368868768,scr1986,avaConv,onshore_a
LU,1,h0093,0.009822785946950269,scr1986,avaConv,onshore_a
LU,1,h0094,0.13764770818410382,scr1986,avaConv,onshore_a
LU,1,h0095,0.2659588791939572,scr1986,avaConv,onshore_a
LU,1,h0096,0.5840813673894686,scr1986,avaConv,onshore_a
LV,1,h0073,0.11064386895906296,scr1986,avaConv,onshore_a
LV,1,h0074,0.06746263595194055,scr1986,avaConv,onshore_a
LV,1,h0075,0.13335630395124232,scr1986,avaConv,onshore_a
LV,1,h0076,0.07847189445462815,scr1986,avaConv,onshore_a
LV,1,h0077,0.13285381237412663,scr1986,avaConv,onshore_a
LV,1,h0078,0.09681833074242996,scr1986,avaConv,onshore_a
LV,1,h0079,0.4321771966842628,scr1986,avaConv,onshore_a
LV,1,h0080,0.4926280237945205,scr1986,avaConv,onshore_a
LV,1,h0081,0.6240836144427556,scr1986,avaConv,onshore_a
LV,1,h0082,0.42995675967141644,scr1986,avaConv,onshore_a
LV,1,h0083,0.3739370150684627,scr1986,avaConv,onshore_a
LV,1,h0084,0.21714274105104261,scr1986,avaConv,onshore_a
LV,1,h0085,0.1564939714816312,scr1986,avaConv,onshore_a
LV,1,h0086,0.29581412310898747,scr1986,avaConv,onshore_a
LV,1,h0087,0.461123814740028,scr1986,avaConv,onshore_a
LV,1,h0088,0.5032703643910234,scr1986,avaConv,onshore_a
LV,1,h0089,0.6869783025607646,scr1986,avaConv,onshore_a
LV,1,h0090,0.760785892078535,scr1986,avaConv,onshore_a
LV,1,h0091,0.8898011249407666,scr1986,avaConv,onshore_a
LV,1,h0092,0.7556283016826839,scr1986,avaConv,onshore_a
LV,1,h0093,0.8680628633785689,scr1986,avaConv,onshore_a
LV,1,h0094,0.8355344344528791,scr1986,avaConv,onshore_a
LV,1,h0095,0.5234328204585137,scr1986,avaConv,onshore_a
LV,1,h0096,0.3250249191319326,scr1986,avaConv,onshore_a
ME,1,h0073,0.04797482262310925,scr1986,avaConv,onshore_a
ME,1,h0074,0.04988017545534043,scr1986,avaConv,onshore_a
ME,1,h0075,0.012258248677331694,scr1986,avaConv,onshore_a
ME,1,h0076,0.0983941877410897,scr1986,avaConv,onshore_a
ME,1,h0077,0.1274564384505853,scr1986,avaConv,onshore_a
ME,1,h0078,0.12881371202650213,scr1986,avaConv,onshore_a
ME,1,h0079,0.264910867502865,scr1986,avaConv,onshore_a
ME,1,h0080,0.26000831137842595,scr1986,avaConv,onshore_a
ME,1,h0081,0.2932162237099872,scr1986,avaConv,onshore_a
ME,1,h0082,0.1016558554530551,scr1986,avaConv,onshore_a
ME,1,h0083,0.10320701691058777,scr1986,avaConv,onshore_a
ME,1,h0084,0.05311322664648754,scr1986,avaConv,onshore_a
ME,1,h0085,0.016796663137964032,scr1986,avaConv,onshore_a
ME,1,h0086,0.3797550865866861,scr1986,avaConv,onshore_a
ME,1,h0087,0.4393879000938853,scr1986,avaConv,onshore_a
ME,1,h0088,0.4856408948821744,scr1986,avaConv,onshore_a
ME,1,h0089,0.22262233205865956,scr1986,avaConv,onshore_a
ME,1,h0090,0.15262415211088554,scr1986,avaConv,onshore_a
ME,1,h0091,0.08925469832064839,scr1986,avaConv,onshore_a
ME,1,h0092,0.08600334112393321,scr1986,avaConv,onshore_a
ME,1,h0093,0.10469904606618625,scr1986,avaConv,onshore_a
ME,1,h0094,0.10658155476542996,scr1986,avaConv,onshore_a
ME,1,h0095,0.045260629238091786,scr1986,avaConv,onshore_a
ME,1,h0096,0.08434456995811397,scr1986,avaConv,onshore_a
MK,1,h0073,0.020644688878283468,scr1986,avaConv,onshore_a
MK,1,h0074,0.021011562296873842,scr1986,avaConv,onshore_a
MK,1,h0075,0.018280838365031936,scr1986,avaConv,onshore_a
MK,1,h0076,0.002813167326864568,scr1986,avaConv,onshore_a
MK,1,h0077,0.03869612830617938,scr1986,avaConv,onshore_a
MK,1,h0078,0.03536033950161176,scr1986,avaConv,onshore_a
MK,1,h0079,0.047978828122389364,scr1986,avaConv,onshore_a
MK,1,h0080,0.013229209377880748,scr1986,avaConv,onshore_a
MK,1,h0081,0.037143922333359385,scr1986,avaConv,onshore_a
MK,1,h0082,0.036195233238539126,scr1986,avaConv,onshore_a
MK,1,h0083,0.09293553507974678,scr1986,avaConv,onshore_a
MK,1,h0084,0.061196614720502814,scr1986,avaConv,onshore_a
MK,1,h0085,0.05526504389862801,scr1986,avaConv,onshore_a
MK,1,h0086,0.1321120224982307,scr1986,avaConv,onshore_a
MK,1,h0087,0.1736124471055405,scr1986,avaConv,onshore_a
MK,1,h0088,0.15864679141192117,scr1986,avaConv,onshore_a
MK,1,h0089,0.01520755279538555,scr1986,avaConv,onshore_a
MK,1,h0090,0.005494986516749414,scr1986,avaConv,onshore_a
MK,1,h0091,0.1863731582585618,scr1986,avaConv,onshore_a
MK,1,h0092,0.1999880693579497,scr1986,avaConv,onshore_a
MK,1,h0093,0.18338367571665662,scr1986,avaConv,onshore_a
MK,1,h0094,0.01065119910727776,scr1986,avaConv,onshore_a
MK,1,h0095,0.021441531437092883,scr1986,avaConv,onshore_a
MK,1,h0096,0.03919169556410169,scr1986,avaConv,onshore_a
NL,1,h0073,0.32769336761622553,scr1986,avaConv,onshore_a
NL,1,h0074,0.3301237333745122,scr1986,avaConv,onshore_a
NL,1,h0075,0.18581715232757867,scr1986,avaConv,onshore_a
NL,1,h0076,0.13475631663882207,scr1986,avaConv,onshore_a
NL,1,h0077,0.18275002316719507,scr1986,avaConv,onshore_a
NL,1,h0078,0.40611688212926633,scr1986,avaConv,onshore_a
NL,1,h0079,0.5314667090592758,scr1986,avaConv,onshore_a
NL,1,h0080,0.6829031902111109,scr1986,avaConv,onshore_a
NL,1,h0081,0.5060800053457128,scr1986,avaConv,onshore_a
NL,1,h0082,0.5552988322631044,scr1986,avaConv,onshore_a
NL,1,h0083,0.36107742385764896,scr1986,avaConv,onshore_a
NL,1,h0084,0.378148150290518,scr1986,avaConv,onshore_a
NL,1,h0085,0.19700416656174244,scr1986,avaConv,onshore_a
NL,1,h0086,0.24803070338070654,scr1986,avaConv,onshore_a
NL,1,h0087,0.19634459911553728,scr1986,avaConv,onshore_a
NL,1,h0088,0.1396778885905471,scr1986,avaConv,onshore_a
NL,1,h0089,0.17124384148383223,scr1986,avaConv,onshore_a
NL,1,h0090,0.18179605390017162,scr1986,avaConv,onshore_a
NL,1,h0091,0.19470076564988012,scr1986,avaConv,onshore_a
NL,1,h0092,0.10276546517369493,scr1986,avaConv,onshore_a
NL,1,h0093,0.03654133007139043,scr1986,avaConv,onshore_a
NL,1,h0094,0.01993810487717799,scr1986,avaConv,onshore_a
NL,1,h0095,0.09362644942140587,scr1986,avaConv,onshore_a
NL,1,h0096,0.4672922106601617,scr1986,avaConv,onshore_a
PL,1,h0073,0.321194264145076,scr1986,avaConv,onshore_a
PL,1,h0074,0.1431345318146947,scr1986,avaConv,onshore_a
PL,1,h0075,0.03564776549994826,scr1986,avaConv,onshore_a
PL,1,h0076,0.2092199900093967,scr1986,avaConv,onshore_a
PL,1,h0077,0.22742390573664312,scr1986,avaConv,onshore_a
PL,1,h0078,0.2074547105649747,scr1986,avaConv,onshore_a
PL,1,h0079,0.16615385458268903,scr1986,avaConv,onshore_a
PL,1,h0080,0.42022380594974723,scr1986,avaConv,onshore_a
PL,1,h0081,0.6828363922792805,scr1986,avaConv,onshore_a
PL,1,h0082,0.7696952282908847,scr1986,avaConv,onshore_a
PL,1,h0083,0.5231475877569483,scr1986,avaConv,onshore_a
PL,1,h0084,0.2240477022690114,scr1986,avaConv,onshore_a
PL,1,h0085,0.004410078157770808,scr1986,avaConv,onshore_a
PL,1,h0086,0.28308765930746754,scr1986,avaConv,onshore_a
PL,1,h0087,0.44335030770030853,scr1986,avaConv,onshore_a
PL,1,h0088,0.49226489238354676,scr1986,avaConv,onshore_a
PL,1,h0089,0.5846377874093535,scr1986,avaConv,onshore_a
PL,1,h0090,0.5601849204305602,scr1986,avaConv,onshore_a
PL,1,h0091,0.49532133363853137,scr1986,avaConv,onshore_a
PL,1,h0092,0.3263461231225238,scr1986,avaConv,onshore_a
PL,1,h0093,0.3257213416366961,scr1986,avaConv,onshore_a
PL,1,h0094,0.4621106813542307,scr1986,avaConv,onshore_a
PL,1,h0095,0.3237037734384146,scr1986,avaConv,onshore_a
PL,1,h0096,0.591240337452078,scr1986,avaConv,onshore_a
PT,1,h0073,0.3547157164238308,scr1986,avaConv,onshore_a
PT,1,h0074,0.15625948708205065,scr1986,avaConv,onshore_a
PT,1,h0075,0.06590953224573295,scr1986,avaConv,onshore_a
PT,1,h0076,0.02572604621588594,scr1986,avaConv,onshore_a
PT,1,h0077,0.05407974852209213,scr1986,avaConv,onshore_a
PT,1,h0078,0.12960296002000132,scr1986,avaConv,onshore_a
PT,1,h0079,0.2868850890145049,scr1986,avaConv,onshore_a
PT,1,h0080,0.25746743269504063,scr1986,avaConv,onshore_a
PT,1,h0081,0.2410619297768628,scr1986,avaConv,onshore_a
PT,1,h0082,0.22597201010844647,scr1986,avaConv,onshore_a
PT,1,h0083,0.1875661805654316,scr1986,avaConv,onshore_a
PT,1,h0084,0.2075603745004368,scr1986,avaConv,onshore_a
PT,1,h0085,0.08202787400917316,scr1986,avaConv,onshore_a
PT,1,h0086,0.07468615360693531,scr1986,avaConv,onshore_a
PT,1,h0087,0.0028953735885862697,scr1986,avaConv,onshore_a
PT,1,h0088,0.06542657794831791,scr1986,avaConv,onshore_a
PT,1,h0089,0.20130768246660738,scr1986,avaConv,onshore_a
PT,1,h0090,0.2490085025928959,scr1986,avaConv,onshore_a
PT,1,h0091,0.12843143345414781,scr1986,avaConv,onshore_a
PT,1,h0092,0.017599725459629238,scr1986,avaConv,onshore_a
PT,1,h0093,0.00858601421254046,scr1986,avaConv,onshore_a
PT,1,h0094,0.01293536745873702,scr1986,avaConv,onshore_a
PT,1,h0095,0.04867064853660137,scr1986,avaConv,onshore_a
PT,1,h0096,0.12154482217595118,scr1986,avaConv,onshore_a
RO,1,h0073,0.265412554204408,scr1986,avaConv,onshore_a
RO,1,h0074,0.34352850556364317,scr1986,avaConv,onshore_a
RO,1,h0075,0.26070318733566483,scr1986,avaConv,onshore_a
RO,1,h0076,0.12056780007041822,scr1986,avaConv,onshore_a
RO,1,h0077,0.10801966720190498,scr1986,avaConv,onshore_a
RO,1,h0078,0.11826242355802868,scr1986,avaConv,onshore_a
RO,1,h0079,0.07644129343855104,scr1986,avaConv,onshore_a
RO,1,h0080,0.01594026114002587,scr1986,avaConv,onshore_a
RO,1,h0081,0.07438412124524121,scr1986,avaConv,onshore_a
RO,1,h0082,0.20499507991443028,scr1986,avaConv,onshore_a
RO,1,h0083,0.22510257541438397,scr1986,avaConv,onshore_a
RO,1,h0084,0.2467139988495718,scr1986,avaConv,onshore_a
RO,1,h0085,0.21766509048490296,scr1986,avaConv,onshore_a
RO,1,h0086,0.388195051102101,scr1986,avaConv,onshore_a
RO,1,h0087,0.3691292532859664,scr1986,avaConv,onshore_a
RO,1,h0088,0.29317047481761765,scr1986,avaConv,onshore_a
RO,1,h0089,0.11059828715109851,scr1986,avaConv,onshore_a
RO,1,h0090,0.02828408045228812,scr1986,avaConv,onshore_a
RO,1,h0091,0.05446419930714423,scr1986,avaConv,onshore_a
RO,1,h0092,0.062050638580843115,scr1986,avaConv,onshore_a
RO,1,h0093,0.12369821626030786,scr1986,avaConv,onshore_a
RO,1,h0094,0.1309018813858982,scr1986,avaConv,onshore_a
RO,1,h0095,0.24819141036528308,scr1986,avaConv,onshore_a
RO,1,h0096,0.34843964600637906,scr1986,avaConv,onshore_a
RS,1,h0073,0.12958324746134164,scr1986,avaConv,onshore_a
RS,1,h0074,0.04912212543274319,scr1986,avaConv,onshore_a
RS,1,h0075,0.0519745373195322,scr1986,avaConv,onshore_a
RS,1,h0076,0.13095171537385603,scr1986,avaConv,onshore_a
RS,1,h0077,0.18615978349620424,scr1986,avaConv,onshore_a
RS,1,h0078,0.16658969179085942,scr1986,avaConv,onshore_a
RS,1,h0079,0.15443697806223472,scr1986,avaConv,onshore_a
RS,1,h0080,0.08075653319093916,scr1986,avaConv,onshore_a
RS,1,h0081,0.4695222900498001,scr1986,avaConv,onshore_a
RS,1,h0082,0.4099228625307943,scr1986,avaConv,onshore_a
RS,1,h0083,0.6578906960583271,scr1986,avaConv,onshore_a
RS,1,h0084,0.25927755335245395,scr1986,avaConv,onshore_a
RS,1,h0085,0.22451492045257196,scr1986,avaConv,onshore_a
RS,1,h0086,0.1085446971677549,scr1986,avaConv,onshore_a
RS,1,h0087,0.10722956654095447,scr1986,avaConv,onshore_a
RS,1,h0088,0.15540356890215776,scr1986,avaConv,onshore_a
RS,1,h0089,0.08916705384468111,scr1986,avaConv,onshore_a
RS,1,h0090,0.04579841490351004,scr1986,avaConv,onshore_a
RS,1,h0091,0.08991352173018727,scr1986,avaConv,onshore_a
RS,1,h0092,0.12279464638787549,scr1986,avaConv,onshore_a
RS,1,h0093,0.12558009625009806,scr1986,avaConv,onshore_a
RS,1,h0094,0.29607137942495293,scr1986,avaConv,onshore_a
RS,1,h0095,0.3861250396968863,scr1986,avaConv,onshore_a
RS,1,h0096,0.6146121758180445,scr1986,avaConv,onshore_a
SI,1,h0073,0.00915793707357158,scr1986,avaConv,onshore_a
SI,1,h0074,0.03029585008910708,scr1986,avaConv,onshore_a
SI,1,h0075,0.04401930877379574,scr1986,avaConv,onshore_a
SI,1,h0076,0.04967926461073903,scr1986,avaConv,onshore_a
SI,1,h0077,0.08431532755663755,scr1986,avaConv,onshore_a
SI,1,h0078,0.12921714545521942,scr1986,avaConv,onshore_a
SI,1,h0079,0.22394067252483524,scr1986,avaConv,onshore_a
SI,1,h0080,0.08962745465996833,scr1986,avaConv,onshore_a
SI,1,h0081,0.11139114172728479,scr1986,avaConv,onshore_a
SI,1,h0082,0.050733756986506805,scr1986,avaConv,onshore_a
SI,1,h0083,0.09059919449811143,scr1986,avaConv,onshore_a
SI,1,h0084,0.060687249687657825,scr1986,avaConv,onshore_a
SI,1,h0085,0.3668254297137576,scr1986,avaConv,onshore_a
SI,1,h0086,0.5395377321201495,scr1986,avaConv,onshore_a
SI,1,h0087,0.4329822150134202,scr1986,avaConv,onshore_a
SI,1,h0088,0.23902275266432307,scr1986,avaConv,onshore_a
SI,1,h0089,0.12362859786128122,scr1986,avaConv,onshore_a
SI,1,h0090,0.12351459290020653,scr1986,avaConv,onshore_a
SI,1,h0091,0.04359715883825404,scr1986,avaConv,onshore_a
SI,1,h0092,0.018185532201681003,scr1986,avaConv,onshore_a
SI,1,h0093,0.017335331614698222,scr1986,avaConv,onshore_a
SI,1,h0094,0.006182322078550691,scr1986,avaConv,onshore_a
SI,1,h0095,0.005881659272144034,scr1986,avaConv,onshore_a
SI,1,h0096,0.1081248076022797,scr1986,avaConv,onshore_a
SK,1,h0073,0.04911797060778546,scr1986,avaConv,onshore_a
SK,1,h0074,0.04208782896882209,scr1986,avaConv,onshore_a
SK,1,h0075,0.06755928237411642,scr1986,avaConv,onshore_a
SK,1,h0076,0.305591410215828,scr1986,avaConv,onshore_a
SK,1,h0077,0.627729901103234,scr1986,avaConv,onshore_a
SK,1,h0078,0.7951415626651209,scr1986,avaConv,onshore_a
SK,1,h0079,0.60357743719106,scr1986,avaConv,onshore_a
SK,1,h0080,0.2597021954315159,scr1986,avaConv,onshore_a
SK,1,h0081,0.45712336958566363,scr1986,avaConv,onshore_a
SK,1,h0082,0.3741022242250111,scr1986,avaConv,onshore_a
SK,1,h0083,0.35966320294494913,scr1986,avaConv,onshore_a
SK,1,h0084,0.06356061925378267,scr1986,avaConv,onshore_a
SK,1,h0085,0.03466867887941235,scr1986,avaConv,onshore_a
SK,1,h0086,0.008793878086084513,scr1986,avaConv,onshore_a
SK,1,h0087,0.04615854998155192,scr1986,avaConv,onshore_a
SK,1,h0088,0.03799867369730438,scr1986,avaConv,onshore_a
SK,1,h0089,0.033596946665622525,scr1986,avaConv,onshore_a
SK,1,h0090,0.03666154818346976,scr1986,avaConv,onshore_a
SK,1,h0091,0.061802850649499814,scr1986,avaConv,onshore_a
SK,1,h0092,0.19456607128684272,scr1986,avaConv,onshore_a
SK,1,h0093,0.14729686106455414,scr1986,avaConv,onshore_a
SK,1,h0094,0.27522763940496764,scr1986,avaConv,onshore_a
SK,1,h0095,0.1954815518638472,scr1986,avaConv,onshore_a
SK,1,h0096,0.7170059251324953,scr1986,avaConv,onshore_a
UK,1,h0073,0.12558204087566335,scr1986,avaConv,onshore_a
UK,1,h0074,0.31005858468693437,scr1986,avaConv,onshore_a
UK,1,h0075,0.21752735730452064,scr1986,avaConv,onshore_a
UK,1,h0076,0.20423856429004458,scr1986,avaConv,onshore_a
UK,1,h0077,0.06177185835646313,scr1986,avaConv,onshore_a
UK,1,h0078,0.3201197460599504,scr1986,avaConv,onshore_a
UK,1,h0079,0.5858165778887205,scr1986,avaConv,onshore_a
UK,1,h0080,0.9057457923869794,scr1986,avaConv,onshore_a
UK,1,h0081,0.8514555507589031,scr1986,avaConv,onshore_a
UK,1,h0082,0.7599689793336843,scr1986,avaConv,onshore_a
UK,1,h0083,0.44622151513296593,scr1986,avaConv,onshore_a
UK,1,h0084,0.23081580319533057,scr1986,avaConv,onshore_a
UK,1,h0085,0.08559789282564649,scr1986,avaConv,onshore_a
UK,1,h0086,0.32640284307283723,scr1986,avaConv,onshore_a
UK,1,h0087,0.35957066018512784,scr1986,avaConv,onshore_a
UK,1,h0088,0.3416324535712424,scr1986,avaConv,onshore_a
UK,1,h0089,0.11822711186027554,scr1986,avaConv,onshore_a
UK,1,h0090,0.29694819888471125,scr1986,avaConv,onshore_a
UK,1,h0091,0.5220613284527786,scr1986,avaConv,onshore_a
UK,1,h0092,0.5378046258342054,scr1986,avaConv,onshore_a
UK,1,h0093,0.43976678775698713,scr1986,avaConv,onshore_a
UK,1,h0094,0.28667825925060436,scr1986,avaConv,onshore_a
UK,1,h0095,0.4829212294912677,scr1986,avaConv,onshore_a
UK,1,h0096,0.6903528766843591,scr1986,avaConv,onshore_a
AL,2,h0073,0.05944147927400447,scr1986,avaConv,onshore_b
AL,2,h0074,0.06370449494751358,scr1986,avaConv,onshore_b
AL,2,h0075,0.03004755808142421,scr1986,avaConv,onshore_b
AL,2,h0076,0.03617844749336524,scr1986,avaConv,onshore_b
AL,2,h0077,0.05772014244178858,scr1986,avaConv,onshore_b
AL,2,h0078,0.06785715303679003,scr1986,avaConv,onshore_b
AL,2,h0079,0.11919077818567453,scr1986,avaConv,onshore_b
AL,2,h0080,0.22168631516108941,scr1986,avaConv,onshore_b
AL,2,h0081,0.31843063316692455,scr1986,avaConv,onshore_b
AL,2,h0082,0.2520758513256864,scr1986,avaConv,onshore_b
AL,2,h0083,0.10546511958644134,scr1986,avaConv,onshore_b
AL,2,h0084,0.031765600914208464,scr1986,avaConv,onshore_b
AL,2,h0085,0.0,scr1986,avaConv,onshore_b
AL,2,h0086,0.1928439068275303,scr1986,avaConv,onshore_b
AL,2,h0087,0.30252762652239656,scr1986,avaConv,onshore_b
AL,2,h0088,0.34044914162078854,scr1986,avaConv,onshore_b
AL,2,h0089,0.2508207376593799,scr1986,avaConv,onshore_b
AL,2,h0090,0.15183842280772528,scr1986,avaConv,onshore_b
AL,2,h0091,0.17207783454530637,scr1986,avaConv,onshore_b
AL,2,h0092,0.12011326878649346,scr1986,avaConv,onshore_b
AL,2,h0093,0.19899992545597406,scr1986,avaConv,onshore_b
AL,2,h0094,0.20043426731706487,scr1986,avaConv,onshore_b
AL,2,h0095,0.12049389400845661,scr1986,avaConv,onshore_b
AL,2,h0096,0.1097158435117956,scr1986,avaConv,onshore_b
AT,2,h0073,0.037655418069659295,scr1986,avaConv,onshore_b
AT,2,h0074,0.004887028312683431,scr1986,avaConv,onshore_b
AT,2,h0075,0.005005913594438063,scr1986,avaConv,onshore_b
AT,2,h0076,0.1664405283371375,scr1986,avaConv,onshore_b
AT,2,h0077,0.2991738463453264,scr1986,avaConv,onshore_b
AT,2,h0078,0.5652063772467497,scr1986,avaConv,onshore_b
AT,2,h0079,0.3524041453393012,scr1986,avaConv,onshore_b
AT,2,h0080,0.2324641652966899,scr1986,avaConv,onshore_b
AT,2,h0081,0.3980228643888781,scr1986,avaConv,onshore_b
AT,2,h0082,0.19274248104745173,scr1986,avaConv,onshore_b
AT,2,h0083,0.19283361425093296,scr1986,avaConv,onshore_b
AT,2,h0084,0.009908916984178076,scr1986,avaConv,onshore_b
AT,2,h0085,0.007181045840971421,scr1986,avaConv,onshore_b
AT,2,h0086,0.0009110210814892905,scr1986,avaConv,onshore_b
AT,2,h0087,0.03685723801744562,scr1986,avaConv,onshore_b
AT,2,h0088,0.04213442085947205,scr1986,avaConv,onshore_b
AT,2,h0089,0.03489883621005902,scr1986,avaConv,onshore_b
AT,2,h0090,0.001683345546622797,scr1986,avaConv,onshore_b
AT,2,h0091,0.00033567463237179317,scr1986,avaConv,onshore_b
AT,2,h0092,0.08363951369882837,scr1986,avaConv,onshore_b
AT,2,h0093,0.08481549980526705,scr1986,avaConv,onshore_b
AT,2,h0094,0.3069798778869019,scr1986,avaConv,onshore_b
AT,2,h0095,0.08688527531441179,scr1986,avaConv,onshore_b
AT,2,h0096,0.4129342169115104,scr1986,avaConv,onshore_b
BA,2,h0073,0.0,scr1986,avaConv,onshore_b
BA,2,h0074,0.00914077222116514,scr1986,avaConv,onshore_b
BA,2,h0075,0.0008167709184732368,scr1986,avaConv,onshore_b
BA,2,h0076,0.005714951863719904,scr1986,avaConv,onshore_b
BA,2,h0077,0.04965342610334667,scr1986,avaConv,onshore_b
BA,2,h0078,0.06067055888762792,scr1986,avaConv,onshore_b
BA,2,h0079,0.21393834092518316,scr1986,avaConv,onshore_b
BA,2,h0080,0.23195465832090045,scr1986,avaConv,onshore_b
BA,2,h0081,0.40165967567155636,scr1986,avaConv,onshore_b
BA,2,h0082,0.2014726845599919,scr1986,avaConv,onshore_b
BA,2,h0083,0.13904243413589498,scr1986,avaConv,onshore_b
BA,2,h0084,0.025923655549488216,scr1986,avaConv,onshore_b
BA,2,h0085,0.039837906283747636,scr1986,avaConv,onshore_b
BA,2,h0086,0.12665032440191062,scr1986,avaConv,onshore_b
BA,2,h0087,0.13492443099773793,scr1986,avaConv,onshore_b
BA,2,h0088,0.1493838249901969,scr1986,avaConv,onshore_b
BA,2,h0089,0.03178510450327593,scr1986,avaConv,onshore_b
BA,2,h0090,0.029301842717606698,scr1986,avaConv,onshore_b
BA,2,h0091,0.015367670683696542,scr1986,avaConv,onshore_b
BA,2,h0092,0.05805333516329505,scr1986,avaConv,onshore_b
BA,2,h0093,0.08023580461799325,scr1986,avaConv,onshore_b
BA,2,h0094,0.10144085073820146,scr1986,avaConv,onshore_b
BA,2,h0095,0.026301772446413855,scr1986,avaConv,onshore_b
BA,2,h0096,0.24087535756570982,scr1986,avaConv,onshore_b
BE,2,h0073,0.17581526861823957,scr1986,avaConv,onshore_b
BE,2,h0074,0.18634150942543462,scr1986,avaConv,onshore_b
BE,2,h0075,0.05221738451911411,scr1986,avaConv,onshore_b
BE,2,h0076,0.05527599312299251,scr1986,avaConv,onshore_b
BE,2,h0077,0.09960206993754761,scr1986,avaConv,onshore_b
BE,2,h0078,0.40775160021962364,scr1986,avaConv,onshore_b
BE,2,h0079,0.4372009010191704,scr1986,avaConv,onshore_b
BE,2,h0080,0.5623274115337306,scr1986,avaConv,onshore_b
BE,2,h0081,0.24003982059198778,scr1986,avaConv,onshore_b
BE,2,h0082,0.210583860514823,scr1986,avaConv,onshore_b
BE,2,h0083,0.06130246414277073,scr1986,avaConv,onshore_b
BE,2,h0084,0.2682280875228667,scr1986,avaConv,onshore_b
BE,2,h0085,0.3923803104079249,scr1986,avaConv,onshore_b
BE,2,h0086,0.3921475927926597,scr1986,avaConv,onshore_b
BE,2,h0087,0.20336261363224817,scr1986,avaConv,onshore_b
BE,2,h0088,0.09463129566879463,scr1986,avaConv,onshore_b
BE,2,h0089,0.08227616941944217,scr1986,avaConv,onshore_b
BE,2,h0090,0.060764287862043805,scr1986,avaConv,onshore_b
BE,2,h0091,0.021370998175313113,scr1986,avaConv,onshore_b
BE,2,h0092,0.009301347532386312,scr1986,avaConv,onshore_b
BE,2,h0093,0.0407210976060075,scr1986,avaConv,onshore_b
BE,2,h0094,0.08505609392146846,scr1986,avaConv,onshore_b
BE,2,h0095,0.1374340499696936,scr1986,avaConv,onshore_b
BE,2,h0096,0.41462121031473015,scr1986,avaConv,onshore_b
BG,2,h0073,0.06164862575281217,scr1986,avaConv,onshore_b
BG,2,h0074,0.049765052717292126,scr1986,avaConv,onshore_b
BG,2,h0075,0.030984449847434634,scr1986,avaConv,onshore_b
BG,2,h0076,0.02628478506317529,scr1986,avaConv,onshore_b
BG,2,h0077,0.03782633453688612,scr1986,avaConv,onshore_b
BG,2,h0078,0.03659985564632417,scr1986,avaConv,onshore_b
BG,2,h0079,0.007230398753349398,scr1986,avaConv,onshore_b
BG,2,h0080,0.003999986970365889,scr1986,avaConv,onshore_b
BG,2,h0081,0.00862846669797552,scr1986,avaConv,onshore_b
BG,2,h0082,0.02297846563576929,scr1986,avaConv,onshore_b
BG,2,h0083,0.024696886607916056,scr1986,avaConv,onshore_b
BG,2,h0084,0.02098097257423923,scr1986,avaConv,onshore_b
BG,2,h0085,0.008061517392301707,scr1986,avaConv,onshore_b
BG,2,h0086,0.1699991607940227,scr1986,avaConv,onshore_b
BG,2,h0087,0.23703632026303387,scr1986,avaConv,onshore_b
BG,2,h0088,0.34295860850205745,scr1986,avaConv,onshore_b
BG,2,h0089,0.07842863484279322,scr1986,avaConv,onshore_b
BG,2,h0090,0.09335836708542722,scr1986,avaConv,onshore_b
BG,2,h0091,0.06667891906279148,scr1986,avaConv,onshore_b
BG,2,h0092,0.053011980486236954,scr1986,avaConv,onshore_b
BG,2,h0093,0.013991775399546172,scr1986,avaConv,onshore_b
BG,2,h0094,0.07043673947165292,scr1986,avaConv,onshore_b
BG,2,h0095,0.09782831362134345,scr1986,avaConv,onshore_b
BG,2,h0096,0.11742225052847874,scr1986,avaConv,onshore_b
CH,2,h0073,0.0689765982518306,scr1986,avaConv,onshore_b
CH,2,h0074,0.015000775927077041,scr1986,avaConv,onshore_b
CH,2,h0075,0.021487535650981538,scr1986,avaConv,onshore_b
CH,2,h0076,0.02246831118005949,scr1986,avaConv,onshore_b
CH,2,h0077,0.20260187550827743,scr1986,avaConv,onshore_b
CH,2,h0078,0.3994209416020853,scr1986,avaConv,onshore_b
CH,2,h0079,0.41835797782386946,scr1986,avaConv,onshore_b
CH,2,h0080,0.17776199988507205,scr1986,avaConv,onshore_b
CH,2,h0081,0.10207049743564245,scr1986,avaConv,onshore_b
CH,2,h0082,0.09003324465181838,scr1986,avaConv,onshore_b
CH,2,h0083,0.09858558266171098,scr1986,avaConv,onshore_b
CH,2,h0084,0.1258168636311771,scr1986,avaConv,onshore_b
CH,2,h0085,0.14406025638028006,scr1986,avaConv,onshore_b
CH,2,h0086,0.10418753404923072,scr1986,avaConv,onshore_b
CH,2,h0087,0.007966108335408367,scr1986,avaConv,onshore_b
CH,2,h0088,0.022427302880515653,scr1986,avaConv,onshore_b
CH,2,h0089,0.02409066152310399,scr1986,avaConv,onshore_b
CH,2,h0090,0.024858611908238293,scr1986,avaConv,onshore_b
CH,2,h0091,0.0004302549900616591,scr1986,avaConv,onshore_b
CH,2,h0092,0.026527334148759504,scr1986,avaConv,onshore_b
CH,2,h0093,0.02779971050185437,scr1986,avaConv,onshore_b
CH,2,h0094,0.03233899590492962,scr1986,avaConv,onshore_b
CH,2,h0095,0.0038931375616683976,scr1986,avaConv,onshore_b
CH,2,h0096,0.21687118597125857,scr1986,avaConv,onshore_b
CZ,2,h0073,0.12778929931001407,scr1986,avaConv,onshore_b
CZ,2,h0074,0.007670822481400345,scr1986,avaConv,onshore_b
CZ,2,h0075,0.0,scr1986,avaConv,onshore_b
CZ,2,h0076,0.29675714899729366,scr1986,avaConv,onshore_b
CZ,2,h0077,0.45214618534287493,scr1986,avaConv,onshore_b
CZ,2,h0078,0.5924157103250253,scr1986,avaConv,onshore_b
CZ,2,h0079,0.319034898494889,scr1986,avaConv,onshore_b
CZ,2,h0080,0.3025713012099687,scr1986,avaConv,onshore_b
CZ,2,h0081,0.4447522070370192,scr1986,avaConv,onshore_b
CZ,2,h0082,0.4068403663044804,scr1986,avaConv,onshore_b
CZ,2,h0083,0.28570343832660583,scr1986,avaConv,onshore_b
CZ,2,h0084,0.035493494936751496,scr1986,avaConv,onshore_b
CZ,2,h0085,0.07203840025625298,scr1986,avaConv,onshore_b
CZ,2,h0086,0.06177705088344742,scr1986,avaConv,onshore_b
CZ,2,h0087,0.1587335154807104,scr1986,avaConv,onshore_b
CZ,2,h0088,0.08425036880963671,scr1986,avaConv,onshore_b
CZ,2,h0089,0.10325336610304178,scr1986,avaConv,onshore_b
CZ,2,h0090,0.060958939298148884,scr1986,avaConv,onshore_b
CZ,2,h0091,0.04893833860145569,scr1986,avaConv,onshore_b
CZ,2,h0092,0.20252544593894825,scr1986,avaConv,onshore_b
CZ,2,h0093,0.16498513867608092,scr1986,avaConv,onshore_b
CZ,2,h0094,0.3165562976967098,scr1986,avaConv,onshore_b
CZ,2,h0095,0.18697642050499705,scr1986,avaConv,onshore_b
CZ,2,h0096,0.5221707644082078,scr1986,avaConv,onshore_b
DE,2,h0073,0.09071001491280037,scr1986,avaConv,onshore_b
DE,2,h0074,0.043830197545529415,scr1986,avaConv,onshore_b
DE,2,h0075,0.046056256995090715,scr1986,avaConv,onshore_b
DE,2,h0076,0.12430258278962812,scr1986,avaConv,onshore_b
DE,2,h0077,0.20963619074686415,scr1986,avaConv,onshore_b
DE,2,h0078,0.36065040364428147,scr1986,avaConv,onshore_b
DE,2,h0079,0.2851619508513355,scr1986,avaConv,onshore_b
DE,2,h0080,0.3940080549520926,scr1986,avaConv,onshore_b
DE,2,h0081,0.33481939363397334,scr1986,avaConv,onshore_b
DE,2,h0082,0.45173381180629996,scr1986,avaConv,onshore_b
DE,2,h0083,0.2607400641961015,scr1986,avaConv,onshore_b
DE,2,h0084,0.20564354262700435,scr1986,avaConv,onshore_b
DE,2,h0085,0.0974602936046542,scr1986,avaConv,onshore_b
DE,2,h0086,0.16762313214312716,scr1986,avaConv,onshore_b
DE,2,h0087,0.15655346388907262,scr1986,avaConv,onshore_b
DE,2,h0088,0.1507810601656224,scr1986,avaConv,onshore_b
DE,2,h0089,0.20258218203738815,scr1986,avaConv,onshore_b
DE,2,h0090,0.19657761382596778,scr1986,avaConv,onshore_b
DE,2,h0091,0.1665019572118498,scr1986,avaConv,onshore_b
DE,2,h0092,0.06810320899187383,scr1986,avaConv,onshore_b
DE,2,h0093,0.014422893303637193,scr1986,avaConv,onshore_b
DE,2,h0094,0.06586332674988485,scr1986,avaConv,onshore_b
DE,2,h0095,0.06866475301943445,scr1986,avaConv,onshore_b
DE,2,h0096,0.41742357023878635,scr1986,avaConv,onshore_b
EE,2,h0073,0.06047072365692798,scr1986,avaConv,onshore_b
EE,2,h0074,0.03450995232957965,scr1986,avaConv,onshore_b
EE,2,h0075,0.12057863820643394,scr1986,avaConv,onshore_b
EE,2,h0076,0.08504463109880639,scr1986,avaConv,onshore_b
EE,2,h0077,0.13412397054865416,scr1986,avaConv,onshore_b
EE,2,h0078,0.04279178582048488,scr1986,avaConv,onshore_b
EE,2,h0079,0.27387226979784457,scr1986,avaConv,onshore_b
EE,2,h0080,0.36535906602492524,scr1986,avaConv,onshore_b
EE,2,h0081,0.41697910040681085,scr1986,avaConv,onshore_b
EE,2,h0082,0.2683680402559764,scr1986,avaConv,onshore_b
EE,2,h0083,0.2920167801013427,scr1986,avaConv,onshore_b
EE,2,h0084,0.29198882701516066,scr1986,avaConv,onshore_b
EE,2,h0085,0.34500493835283275,scr1986,avaConv,onshore_b
EE,2,h0086,0.3390494900723454,scr1986,avaConv,onshore_b
EE,2,h0087,0.3652938912227341,scr1986,avaConv,onshore_b
EE,2,h0088,0.38626975256923635,scr1986,avaConv,onshore_b
EE,2,h0089,0.4704218548428978,scr1986,avaConv,onshore_b
EE,2,h0090,0.7096537055039074,scr1986,avaConv,onshore_b
EE,2,h0091,0.7280643286925933,scr1986,avaConv,onshore_b
EE,2,h0092,0.8294824116699075,scr1986,avaConv,onshore_b
EE,2,h0093,0.7586881807835024,scr1986,avaConv,onshore_b
EE,2,h0094,0.7270856988981058,scr1986,avaConv,onshore_b
EE,2,h0095,0.49260722371122395,scr1986,avaConv,onshore_b
EE,2,h0096,0.34195679488104974,scr1986,avaConv,onshore_b
ES,2,h0073,0.16409245167397143,scr1986,avaConv,onshore_b
ES,2,h0074,0.06423207767568984,scr1986,avaConv,onshore_b
ES,2,h0075,0.049770006359530765,scr1986,avaConv,onshore_b
ES,2,h0076,0.01946476893555208,scr1986,avaConv,onshore_b
ES,2,h0077,0.055861284839246336,scr1986,avaConv,onshore_b
ES,2,h0078,0.057991723820412115,scr1986,avaConv,onshore_b
ES,2,h0079,0.11931036950526713,scr1986,avaConv,onshore_b
ES,2,h0080,0.0907138514410575,scr1986,avaConv,onshore_b
ES,2,h0081,0.06904630925866893,scr1986,avaConv,onshore_b
ES,2,h0082,0.044002577409373814,scr1986,avaConv,onshore_b
ES,2,h0083,0.033692524228451315,scr1986,avaConv,onshore_b
ES,2,h0084,0.043777941223450884,scr1986,avaConv,onshore_b
ES,2,h0085,0.05006800727808807,scr1986,avaConv,onshore_b
ES,2,h0086,0.0455215344495567,scr1986,avaConv,onshore_b
ES,2,h0087,0.024874639807398027,scr1986,avaConv,onshore_b
ES,2,h0088,0.052882442697718884,scr1986,avaConv,onshore_b
ES,2,h0089,0.11501340710753255,scr1986,avaConv,onshore_b
ES,2,h0090,0.1080744878881388,scr1986,avaConv,onshore_b
ES,2,h0091,0.04810335759736943,scr1986,avaConv,onshore_b
ES,2,h0092,0.005791964061087285,scr1986,avaConv,onshore_b
ES,2,h0093,0.04898210911446762,scr1986,avaConv,onshore_b
ES,2,h0094,0.04173918108003621,scr1986,avaConv,onshore_b
ES,2,h0095,0.05792292833015495,scr1986,avaConv,onshore_b
ES,2,h0096,0.06868289364005707,scr1986,avaConv,onshore_b
FI,2,h0073,0.30549970999980897,scr1986,avaConv,onshore_b
FI,2,h0074,0.3618498777375827,scr1986,avaConv,onshore_b
FI,2,h0075,0.2702738125880068,scr1986,avaConv,onshore_b
FI,2,h0076,0.2090338767463318,scr1986,avaConv,onshore_b
FI,2,h0077,0.2576649734908561,scr1986,avaConv,onshore_b
FI,2,h0078,0.22888494160898556,scr1986,avaConv,onshore_b
FI,2,h0079,0.29601766790849915,scr1986,avaConv,onshore_b
FI,2,h0080,0.18284632412744697,scr1986,avaConv,onshore_b
FI,2,h0081,0.06957991919976045,scr1986,avaConv,onshore_b
FI,2,h0082,0.02372212108439616,scr1986,avaConv,onshore_b
FI,2,h0083,0.1193029995231147,scr1986,avaConv,onshore_b
FI,2,h0084,0.15720161521055925,scr1986,avaConv,onshore_b
FI,2,h0085,0.30238783335835157,scr1986,avaConv,onshore_b
FI,2,h0086,0.35427185502191605,scr1986,avaConv,onshore_b
FI,2,h0087,0.37048815010202996,scr1986,avaConv,onshore_b
FI,2,h0088,0.48112411753531564,scr1986,avaConv,onshore_b
FI,2,h0089,0.6019243025994232,scr1986,avaConv,onshore_b
FI,2,h0090,0.7196188105538691,scr1986,avaConv,onshore_b
FI,2,h0091,0.5673838495955141,scr1986,avaConv,onshore_b
FI,2,h0092,0.6497270259467831,scr1986,avaConv,onshore_b
FI,2,h0093,0.5501151739938734,scr1986,avaConv,onshore_b
FI,2,h0094,0.6481005620719774,scr1986,avaConv,onshore_b
FI,2,h0095,0.553864245967462,scr1986,avaConv,onshore_b
FI,2,h0096,0.6398409229474379,scr1986,avaConv,onshore_b
FR,2,h0073,0.07252567542881186,scr1986,avaConv,onshore_b
FR,2,h0074,0.027343364130071254,scr1986,avaConv,onshore_b
FR,2,h0075,0.03398190575544729,scr1986,avaConv,onshore_b
FR,2,h0076,0.03261751341261178,scr1986,avaConv,onshore_b
FR,2,h0077,0.09976792474656519,scr1986,avaConv,onshore_b
FR,2,h0078,0.3370680763894411,scr1986,avaConv,onshore_b
FR,2,h0079,0.4035419983298135,scr1986,avaConv,onshore_b
FR,2,h0080,0.3301413074709052,scr1986,avaConv,onshore_b
FR,2,h0081,0.0789442684577923,scr1986,avaConv,onshore_b
FR,2,h0082,0.049282508921883725,scr1986,avaConv,onshore_b
FR,2,h0083,0.07359133193049418,scr1986,avaConv,onshore_b
FR,2,h0084,0.19913390426677227,scr1986,avaConv,onshore_b
FR,2,h0085,0.3331340744634748,scr1986,avaConv,onshore_b
FR,2,h0086,0.29903106602527807,scr1986,avaConv,onshore_b
FR,2,h0087,0.11846385648339242,scr1986,avaConv,onshore_b
FR,2,h0088,0.07841529488006699,scr1986,avaConv,onshore_b
FR,2,h0089,0.050673115959461834,scr1986,avaConv,onshore_b
FR,2,h0090,0.061952153970600526,scr1986,avaConv,onshore_b
FR,2,h0091,0.008903840403908847,scr1986,avaConv,onshore_b
FR,2,h0092,0.010919867510892595,scr1986,avaConv,onshore_b
FR,2,h0093,0.009275083089254031,scr1986,avaConv,onshore_b
FR,2,h0094,0.03478419846854855,scr1986,avaConv,onshore_b
FR,2,h0095,0.03853473410253845,scr1986,avaConv,onshore_b
FR,2,h0096,0.2781399085236346,scr1986,avaConv,onshore_b
GR,2,h0073,0.2398084136611454,scr1986,avaConv,onshore_b
GR,2,h0074,0.13570783525044108,scr1986,avaConv,onshore_b
GR,2,h0075,0.22823704445573037,scr1986,avaConv,onshore_b
GR,2,h0076,0.10072463406895052,scr1986,avaConv,onshore_b
GR,2,h0077,0.18356151142619412,scr1986,avaConv,onshore_b
GR,2,h0078,0.15843501107747598,scr1986,avaConv,onshore_b
GR,2,h0079,0.2115350595241643,scr1986,avaConv,onshore_b
GR,2,h0080,0.2918003332649533,scr1986,avaConv,onshore_b
GR,2,h0081,0.23681629529526868,scr1986,avaConv,onshore_b
GR,2,h0082,0.22098492881982784,scr1986,avaConv,onshore_b
GR,2,h0083,0.07318052686845948,scr1986,avaConv,onshore_b
GR,2,h0084,0.023597969390054364,scr1986,avaConv,onshore_b
GR,2,h0085,0.0006285592513725798,scr1986,avaConv,onshore_b
GR,2,h0086,0.19483917022930705,scr1986,avaConv,onshore_b
GR,2,h0087,0.3828344495354705,scr1986,avaConv,onshore_b
GR,2,h0088,0.3869540980105969,scr1986,avaConv,onshore_b
GR,2,h0089,0.2758851345267009,scr1986,avaConv,onshore_b
GR,2,h0090,0.35647392930279564,scr1986,avaConv,onshore_b
GR,2,h0091,0.39504624069916494,scr1986,avaConv,onshore_b
GR,2,h0092,0.20329116034594827,scr1986,avaConv,onshore_b
GR,2,h0093,0.10950418530479575,scr1986,avaConv,onshore_b
GR,2,h0094,0.3022224616776756,scr1986,avaConv,onshore_b
GR,2,h0095,0.29744488049023077,scr1986,avaConv,onshore_b
GR,2,h0096,0.18574533755472214,scr1986,avaConv,onshore_b
HR,2,h0073,0.0,scr1986,avaConv,onshore_b
HR,2,h0074,0.01731087887807522,scr1986,avaConv,onshore_b
HR,2,h0075,0.001642108742140163,scr1986,avaConv,onshore_b
HR,2,h0076,0.006559539369185278,scr1986,avaConv,onshore_b
HR,2,h0077,0.021552159543941803,scr1986,avaConv,onshore_b
HR,2,h0078,0.02405611494131309,scr1986,avaConv,onshore_b
HR,2,h0079,0.10196256720964422,scr1986,avaConv,onshore_b
HR,2,h0080,0.09519449787694997,scr1986,avaConv,onshore_b
HR,2,h0081,0.37464590095522926,scr1986,avaConv,onshore_b
HR,2,h0082,0.22145391894998176,scr1986,avaConv,onshore_b
HR,2,h0083,0.17564647523526258,scr1986,avaConv,onshore_b
HR,2,h0084,0.002737323425121764,scr1986,avaConv,onshore_b
HR,2,h0085,0.003314712121058015,scr1986,avaConv,onshore_b
HR,2,h0086,0.14373423550254177,scr1986,avaConv,onshore_b
HR,2,h0087,0.16592093462827665,scr1986,avaConv,onshore_b
HR,2,h0088,0.3280728960229378,scr1986,avaConv,onshore_b
HR,2,h0089,0.13295225869746763,scr1986,avaConv,onshore_b
HR,2,h0090,0.10891713593484924,scr1986,avaConv,onshore_b
HR,2,h0091,0.030364298987987516,scr1986,avaConv,onshore_b
HR,2,h0092,0.0201748271348637,scr1986,avaConv,onshore_b
HR,2,h0093,0.031157920224851646,scr1986,avaConv,onshore_b
HR,2,h0094,0.02033798656470825,scr1986,avaConv,onshore_b
HR,2,h0095,0.0053282584469566095,scr1986,avaConv,onshore_b
HR,2,h0096,0.13367443842996615,scr1986,avaConv,onshore_b
HU,2,h0073,0.023045846731062893,scr1986,avaConv,onshore_b
HU,2,h0074,0.01737029164704818,scr1986,avaConv,onshore_b
HU,2,h0075,0.05154938821778913,scr1986,avaConv,onshore_b
HU,2,h0076,0.25448557595469706,scr1986,avaConv,onshore_b
HU,2,h0077,0.5180132184831764,scr1986,avaConv,onshore_b
HU,2,h0078,0.7519193380449544,scr1986,avaConv,onshore_b
HU,2,h0079,0.7730819952028407,scr1986,avaConv,onshore_b
HU,2,h0080,0.320504357330666,scr1986,avaConv,onshore_b
HU,2,h0081,0.5035078628129046,scr1986,avaConv,onshore_b
HU,2,h0082,0.1895879006037853,scr1986,avaConv,onshore_b
HU,2,h0083,0.28961224998444296,scr1986,avaConv,onshore_b
HU,2,h0084,0.026077602713398013,scr1986,avaConv,onshore_b
HU,2,h0085,0.046863957677731355,scr1986,avaConv,onshore_b
HU,2,h0086,0.009459395134200247,scr1986,avaConv,onshore_b
HU,2,h0087,0.02683439008163128,scr1986,avaConv,onshore_b
HU,2,h0088,0.005622650808935495,scr1986,avaConv,onshore_b
HU,2,h0089,0.0031390794528443787,scr1986,avaConv,onshore_b
HU,2,h0090,0.006459133058696616,scr1986,avaConv,onshore_b
HU,2,h0091,0.006349824287249503,scr1986,avaConv,onshore_b
HU,2,h0092,0.1399015159992474,scr1986,avaConv,onshore_b
HU,2,h0093,0.07696568894047995,scr1986,avaConv,onshore_b
HU,2,h0094,0.2229048023520477,scr1986,avaConv,onshore_b
HU,2,h0095,0.058622312522547494,scr1986,avaConv,onshore_b
HU,2,h0096,0.41307315119443355,scr1986,avaConv,onshore_b
IE,2,h0073,0.08986856693301669,scr1986,avaConv,onshore_b
IE,2,h0074,0.07852066116807158,scr1986,avaConv,onshore_b
IE,2,h0075,0.02211539195299871,scr1986,avaConv,onshore_b
IE,2,h0076,0.01828201406885351,scr1986,avaConv,onshore_b
IE,2,h0077,0.0005770717476010906,scr1986,avaConv,onshore_b
IE,2,h0078,0.3086881179403048,scr1986,avaConv,onshore_b
IE,2,h0079,0.5289445824309579,scr1986,avaConv,onshore_b
IE,2,h0080,0.6991793900213853,scr1986,avaConv,onshore_b
IE,2,h0081,0.39982873608055386,scr1986,avaConv,onshore_b
IE,2,h0082,0.22767976633962372,scr1986,avaConv,onshore_b
IE,2,h0083,0.07973554845082292,scr1986,avaConv,onshore_b
IE,2,h0084,0.14033651683664422,scr1986,avaConv,onshore_b
IE,2,h0085,0.13570364306334742,scr1986,avaConv,onshore_b
IE,2,h0086,0.131100232901254,scr1986,avaConv,onshore_b
IE,2,h0087,0.04113147781244532,scr1986,avaConv,onshore_b
IE,2,h0088,0.025766296861457625,scr1986,avaConv,onshore_b
IE,2,h0089,0.05027849667610706,scr1986,avaConv,onshore_b
IE,2,h0090,0.044766583294245675,scr1986,avaConv,onshore_b
IE,2,h0091,0.22231569002975676,scr1986,avaConv,onshore_b
IE,2,h0092,0.3928759168987678,scr1986,avaConv,onshore_b
IE,2,h0093,0.4592001509373898,scr1986,avaConv,onshore_b
IE,2,h0094,0.2870655837940462,scr1986,avaConv,onshore_b
IE,2,h0095,0.3303985695451499,scr1986,avaConv,onshore_b
IE,2,h0096,0.5338261906459957,scr1986,avaConv,onshore_b
LT,2,h0073,0.19944212825889282,scr1986,avaConv,onshore_b
LT,2,h0074,0.09471113020537328,scr1986,avaConv,onshore_b
LT,2,h0075,0.14284743724678237,scr1986,avaConv,onshore_b
LT,2,h0076,0.09791404207022487,scr1986,avaConv,onshore_b
LT,2,h0077,0.0744155433733336,scr1986,avaConv,onshore_b
LT,2,h0078,0.08264032076933545,scr1986,avaConv,onshore_b
LT,2,h0079,0.36209223543874375,scr1986,avaConv,onshore_b
LT,2,h0080,0.5595249104185962,scr1986,avaConv,onshore_b
LT,2,h0081,0.8083485816745242,scr1986,avaConv,onshore_b
LT,2,h0082,0.8071954943712811,scr1986,avaConv,onshore_b
LT,2,h0083,0.6236507610863562,scr1986,avaConv,onshore_b
LT,2,h0084,0.2580288078472531,scr1986,avaConv,onshore_b
LT,2,h0085,0.08343368270073692,scr1986,avaConv,onshore_b
LT,2,h0086,0.3117834921594127,scr1986,avaConv,onshore_b
LT,2,h0087,0.6096619744209545,scr1986,avaConv,onshore_b
LT,2,h0088,0.7331859963434174,scr1986,avaConv,onshore_b
LT,2,h0089,0.781964298838249,scr1986,avaConv,onshore_b
LT,2,h0090,0.7253926718847673,scr1986,avaConv,onshore_b
LT,2,h0091,0.8763339902692012,scr1986,avaConv,onshore_b
LT,2,h0092,0.7189258146904082,scr1986,avaConv,onshore_b
LT,2,h0093,0.8814174850874688,scr1986,avaConv,onshore_b
LT,2,h0094,0.8653941975948173,scr1986,avaConv,onshore_b
LT,2,h0095,0.5540705331469098,scr1986,avaConv,onshore_b
LT,2,h0096,0.4056769709158173,scr1986,avaConv,onshore_b
LU,2,h0073,0.11304943695865921,scr1986,avaConv,onshore_b
LU,2,h0074,0.09914601325541197,scr1986,avaConv,onshore_b
LU,2,h0075,0.009230469680242924,scr1986,avaConv,onshore_b
LU,2,h0076,0.04013818016405386,scr1986,avaConv,onshore_b
LU,2,h0077,0.11201030344446487,scr1986,avaConv,onshore_b
LU,2,h0078,0.4449166852818711,scr1986,avaConv,onshore_b
LU,2,h0079,0.4751682296676441,scr1986,avaConv,onshore_b
LU,2,h0080,0.45916465248796334,scr1986,avaConv,onshore_b
LU,2,h0081,0.14088775464751896,scr1986,avaConv,onshore_b
LU,2,h0082,0.16261390737841513,scr1986,avaConv,onshore_b
LU,2,h0083,0.18882890467786878,scr1986,avaConv,onshore_b
LU,2,h0084,0.3398749423588244,scr1986,avaConv,onshore_b
LU,2,h0085,0.48150566303408354,scr1986,avaConv,onshore_b
LU,2,h0086,0.492049914267406,scr1986,avaConv,onshore_b
LU,2,h0087,0.340007192118825,scr1986,avaConv,onshore_b
LU,2,h0088,0.265648956322466,scr1986,avaConv,onshore_b
LU,2,h0089,0.1826271787146043,scr1986,avaConv,onshore_b
LU,2,h0090,0.1828540032752688,scr1986,avaConv,onshore_b
LU,2,h0091,0.0027265887408085524,scr1986,avaConv,onshore_b
LU,2,h0092,0.0027265887408085524,scr1986,avaConv,onshore_b
LU,2,h0093,0.0023774931808888764,scr1986,avaConv,onshore_b
LU,2,h0094,0.07558466305703125,scr1986,avaConv,onshore_b
LU,2,h0095,0.17916027991091368,scr1986,avaConv,onshore_b
LU,2,h0096,0.5022505992470425,scr1986,avaConv,onshore_b
LV,2,h0073,0.07377605312188446,scr1986,avaConv,onshore_b
LV,2,h0074,0.040958549904624206,scr1986,avaConv,onshore_b
LV,2,h0075,0.09212207201098523,scr1986,avaConv,onshore_b
LV,2,h0076,0.04902676067316972,scr1986,avaConv,onshore_b
LV,2,h0077,0.0917093370191664,scr1986,avaConv,onshore_b
LV,2,h0078,0.06294526497366894,scr1986,avaConv,onshore_b
LV,2,h0079,0.37304070752576995,scr1986,avaConv,onshore_b
LV,2,h0080,0.43589843857604965,scr1986,avaConv,onshore_b
LV,2,h0081,0.5775244336209309,scr1986,avaConv,onshore_b
LV,2,h0082,0.3707621044371689,scr1986,avaConv,onshore_b
LV,2,h0083,0.314038670689343,scr1986,avaConv,onshore_b
LV,2,h0084,0.16451626388564922,scr1986,avaConv,onshore_b
LV,2,h0085,0.1114324745722696,scr1986,avaConv,onshore_b
LV,2,h0086,0.2376408303114561,scr1986,avaConv,onshore_b
LV,2,h0087,0.40294533611884253,scr1986,avaConv,onshore_b
LV,2,h0088,0.447122075708076,scr1986,avaConv,onshore_b
LV,2,h0089,0.6473972791802001,scr1986,avaConv,onshore_b
LV,2,h0090,0.7309485040509597,scr1986,avaConv,onshore_b
LV,2,h0091,0.8806552213817779,scr1986,avaConv,onshore_b
LV,2,h0092,0.7250581793139514,scr1986,avaConv,onshore_b
LV,2,h0093,0.8551239531676887,scr1986,avaConv,onshore_b
LV,2,h0094,0.8171462872133595,scr1986,avaConv,onshore_b
LV,2,h0095,0.46850875366817235,scr1986,avaConv,onshore_b
LV,2,h0096,0.26580738801341774,scr1986,avaConv,onshore_b
ME,2,h0073,0.0015714866831492138,scr1986,avaConv,onshore_b
ME,2,h0074,0.0017084100413661395,scr1986,avaConv,onshore_b
ME,2,h0075,8.418405544591505e-5,scr1986,avaConv,onshore_b
ME,2,h0076,0.00733582858566655,scr1986,avaConv,onshore_b
ME,2,h0077,0.012779919040677316,scr1986,avaConv,onshore_b
ME,2,h0078,0.013073614491071061,scr1986,avaConv,onshore_b
ME,2,h0079,0.06138590663953912,scr1986,avaConv,onshore_b
ME,2,h0080,0.058974933144674994,scr1986,avaConv,onshore_b
ME,2,h0081,0.0763197393562721,scr1986,avaConv,onshore_b
ME,2,h0082,0.007867348361590192,scr1986,avaConv,onshore_b
ME,2,h0083,0.008127098416490069,scr1986,avaConv,onshore_b
ME,2,h0084,0.00195477032576468,scr1986,avaConv,onshore_b
ME,2,h0085,0.00016544400298205611,scr1986,avaConv,onshore_b
ME,2,h0086,0.13290803024143671,scr1986,avaConv,onshore_b
ME,2,h0087,0.1817287665043883,scr1986,avaConv,onshore_b
ME,2,h0088,0.22524736305366203,scr1986,avaConv,onshore_b
ME,2,h0089,0.04227234544260424,scr1986,avaConv,onshore_b
ME,2,h0090,0.018810362245093668,scr1986,avaConv,onshore_b
ME,2,h0091,0.005951608917107464,scr1986,avaConv,onshore_b
ME,2,h0092,0.005496249649125032,scr1986,avaConv,onshore_b
ME,2,h0093,0.008381200481681077,scr1986,avaConv,onshore_b
ME,2,h0094,0.008707769082206294,scr1986,avaConv,onshore_b
ME,2,h0095,0.0013869418775355787,scr1986,avaConv,onshore_b
ME,2,h0096,0.005271373878507156,scr1986,avaConv,onshore_b
MK,2,h0073,0.000655675195053338,scr1986,avaConv,onshore_b
MK,2,h0074,0.0006780060405956688,scr1986,avaConv,onshore_b
MK,2,h0075,0.0005203287596791255,scr1986,avaConv,onshore_b
MK,2,h0076,1.4822285888313533e-5,scr1986,avaConv,onshore_b
MK,2,h0077,0.002165064568126738,scr1986,avaConv,onshore_b
MK,2,h0078,0.0018240368693475159,scr1986,avaConv,onshore_b
MK,2,h0079,0.0032584912130006584,scr1986,avaConv,onshore_b
MK,2,h0080,0.00028133230973252963,scr1986,avaConv,onshore_b
MK,2,h0081,0.0020029335412629595,scr1986,avaConv,onshore_b
MK,2,h0082,0.0019067906427258936,scr1986,avaConv,onshore_b
MK,2,h0083,0.011453431829026525,scr1986,avaConv,onshore_b
MK,2,h0084,0.005175350046906977,scr1986,avaConv,onshore_b
MK,2,h0085,0.0042634082183678115,scr1986,avaConv,onshore_b
MK,2,h0086,0.022355089890749556,scr1986,avaConv,onshore_b
MK,2,h0087,0.037578690305361276,scr1986,avaConv,onshore_b
MK,2,h0088,0.031659736419137066,scr1986,avaConv,onshore_b
MK,2,h0089,0.00036668700308044034,scr1986,avaConv,onshore_b
MK,2,h0090,5.293620916487957e-5,scr1986,avaConv,onshore_b
MK,2,h0091,0.04300370514122089,scr1986,avaConv,onshore_b
MK,2,h0092,0.04917274920249734,scr1986,avaConv,onshore_b
MK,2,h0093,0.04170170024210367,scr1986,avaConv,onshore_b
MK,2,h0094,0.0001863123918763723,scr1986,avaConv,onshore_b
MK,2,h0095,0.0007046281728947454,scr1986,avaConv,onshore_b
MK,2,h0096,0.002218085885443912,scr1986,avaConv,onshore_b
NL,2,h0073,0.2713287653539266,scr1986,avaConv,onshore_b
NL,2,h0074,0.2737027329607573,scr1986,avaConv,onshore_b
NL,2,h0075,0.13900462288411367,scr1986,avaConv,onshore_b
NL,2,h0076,0.0951755694301387,scr1986,avaConv,onshore_b
NL,2,h0077,0.1363036622013781,scr1986,avaConv,onshore_b
NL,2,h0078,0.34942373219641376,scr1986,avaConv,onshore_b
NL,2,h0079,0.47982265594948076,scr1986,avaConv,onshore_b
NL,2,h0080,0.6448313082089222,scr1986,avaConv,onshore_b
NL,2,h0081,0.4529188546206914,scr1986,avaConv,onshore_b
NL,2,h0082,0.5052893652211815,scr1986,avaConv,onshore_b
NL,2,h0083,0.30420564004759915,scr1986,avaConv,onshore_b
NL,2,h0084,0.32123178248134326,scr1986,avaConv,onshore_b
NL,2,h0085,0.14892300160202157,scr1986,avaConv,onshore_b
NL,2,h0086,0.19538447024040098,scr1986,avaConv,onshore_b
NL,2,h0087,0.1483353731167727,scr1986,avaConv,onshore_b
NL,2,h0088,0.09928678708179985,scr1986,avaConv,onshore_b
NL,2,h0089,0.12624426560837346,scr1986,avaConv,onshore_b
NL,2,h0090,0.135465228380197,scr1986,avaConv,onshore_b
NL,2,h0091,0.1468723711720449,scr1986,avaConv,onshore_b
NL,2,h0092,0.06914540252574512,scr1986,avaConv,onshore_b
NL,2,h0093,0.02043385523188843,scr1986,avaConv,onshore_b
NL,2,h0094,0.010003999349611017,scr1986,avaConv,onshore_b
NL,2,h0095,0.06195512752043866,scr1986,avaConv,onshore_b
NL,2,h0096,0.41228103137578626,scr1986,avaConv,onshore_b
PL,2,h0073,0.21815133122411118,scr1986,avaConv,onshore_b
PL,2,h0074,0.07537237773461278,scr1986,avaConv,onshore_b
PL,2,h0075,0.014799281001033336,scr1986,avaConv,onshore_b
PL,2,h0076,0.12354093259411897,scr1986,avaConv,onshore_b
PL,2,h0077,0.13789833465100482,scr1986,avaConv,onshore_b
PL,2,h0078,0.12217197087196817,scr1986,avaConv,onshore_b
PL,2,h0079,0.09139734944762286,scr1986,avaConv,onshore_b
PL,2,h0080,0.31274390525761214,scr1986,avaConv,onshore_b
PL,2,h0081,0.6021679815902707,scr1986,avaConv,onshore_b
PL,2,h0082,0.7082113207108931,scr1986,avaConv,onshore_b
PL,2,h0083,0.4200847872185392,scr1986,avaConv,onshore_b
PL,2,h0084,0.13520294920700873,scr1986,avaConv,onshore_b
PL,2,h0085,0.004410078157770808,scr1986,avaConv,onshore_b
PL,2,h0086,0.18434088632363224,scr1986,avaConv,onshore_b
PL,2,h0087,0.33610956511703555,scr1986,avaConv,onshore_b
PL,2,h0088,0.3869882558010627,scr1986,avaConv,onshore_b
PL,2,h0089,0.488100155848458,scr1986,avaConv,onshore_b
PL,2,h0090,0.460723716571299,scr1986,avaConv,onshore_b
PL,2,h0091,0.390230943628391,scr1986,avaConv,onshore_b
PL,2,h0092,0.22283930392885148,scr1986,avaConv,onshore_b
PL,2,h0093,0.22226933726752984,scr1986,avaConv,onshore_b
PL,2,h0094,0.3553936660676431,scr1986,avaConv,onshore_b
PL,2,h0095,0.22043149281454597,scr1986,avaConv,onshore_b
PL,2,h0096,0.4955646488837284,scr1986,avaConv,onshore_b
PT,2,h0073,0.20349015356405195,scr1986,avaConv,onshore_b
PT,2,h0074,0.057859523148789456,scr1986,avaConv,onshore_b
PT,2,h0075,0.01744161553283004,scr1986,avaConv,onshore_b
PT,2,h0076,0.0064782663937823885,scr1986,avaConv,onshore_b
PT,2,h0077,0.013688382508253182,scr1986,avaConv,onshore_b
PT,2,h0078,0.04396151870649883,scr1986,avaConv,onshore_b
PT,2,h0079,0.14604679180307256,scr1986,avaConv,onshore_b
PT,2,h0080,0.12349168444506373,scr1986,avaConv,onshore_b
PT,2,h0081,0.11156369989227184,scr1986,avaConv,onshore_b
PT,2,h0082,0.10101569024185926,scr1986,avaConv,onshore_b
PT,2,h0083,0.07606995411947001,scr1986,avaConv,onshore_b
PT,2,h0084,0.08870983974214947,scr1986,avaConv,onshore_b
PT,2,h0085,0.023186341104057075,scr1986,avaConv,onshore_b
PT,2,h0086,0.02048245647975411,scr1986,avaConv,onshore_b
PT,2,h0087,0.002895373588586269,scr1986,avaConv,onshore_b
PT,2,h0088,0.017280499402492877,scr1986,avaConv,onshore_b
PT,2,h0089,0.08467487166490822,scr1986,avaConv,onshore_b
PT,2,h0090,0.11728222791217084,scr1986,avaConv,onshore_b
PT,2,h0091,0.043386260414535645,scr1986,avaConv,onshore_b
PT,2,h0092,0.004940540548032163,scr1986,avaConv,onshore_b
PT,2,h0093,0.0035622339283680427,scr1986,avaConv,onshore_b
PT,2,h0094,0.004181377788160807,scr1986,avaConv,onshore_b
PT,2,h0095,0.012110817881157776,scr1986,avaConv,onshore_b
PT,2,h0096,0.04006709116801076,scr1986,avaConv,onshore_b
RO,2,h0073,0.09442257692011692,scr1986,avaConv,onshore_b
RO,2,h0074,0.15097289983331483,scr1986,avaConv,onshore_b
RO,2,h0075,0.0913969108591217,scr1986,avaConv,onshore_b
RO,2,h0076,0.02247301655106788,scr1986,avaConv,onshore_b
RO,2,h0077,0.01840071554356574,scr1986,avaConv,onshore_b
RO,2,h0078,0.02169743308362292,scr1986,avaConv,onshore_b
RO,2,h0079,0.009809343505011801,scr1986,avaConv,onshore_b
RO,2,h0080,0.0005663487986976279,scr1986,avaConv,onshore_b
RO,2,h0081,0.009334406260072193,scr1986,avaConv,onshore_b
RO,2,h0082,0.05902065291499131,scr1986,avaConv,onshore_b
RO,2,h0083,0.06997292204192669,scr1986,avaConv,onshore_b
RO,2,h0084,0.08267183139019958,scr1986,avaConv,onshore_b
RO,2,h0085,0.06582413142764143,scr1986,avaConv,onshore_b
RO,2,h0086,0.1885706557354879,scr1986,avaConv,onshore_b
RO,2,h0087,0.17206236795643853,scr1986,avaConv,onshore_b
RO,2,h0088,0.11315196925012405,scr1986,avaConv,onshore_b
RO,2,h0089,0.019207605369923497,scr1986,avaConv,onshore_b
RO,2,h0090,0.0016074750475447409,scr1986,avaConv,onshore_b
RO,2,h0091,0.005294514352265124,scr1986,avaConv,onshore_b
RO,2,h0092,0.006712055507531418,scr1986,avaConv,onshore_b
RO,2,h0093,0.023545756501300738,scr1986,avaConv,onshore_b
RO,2,h0094,0.026099519583913267,scr1986,avaConv,onshore_b
RO,2,h0095,0.08357465742680224,scr1986,avaConv,onshore_b
RO,2,h0096,0.1549222652021949,scr1986,avaConv,onshore_b
RS,2,h0073,0.02728111203620727,scr1986,avaConv,onshore_b
RS,2,h0074,0.004838586651442237,scr1986,avaConv,onshore_b
RS,2,h0075,0.005350902008886717,scr1986,avaConv,onshore_b
RS,2,h0076,0.02779693309085128,scr1986,avaConv,onshore_b
RS,2,h0077,0.05204751016113274,scr1986,avaConv,onshore_b
RS,2,h0078,0.04269629841868457,scr1986,avaConv,onshore_b
RS,2,h0079,0.037302154935461455,scr1986,avaConv,onshore_b
RS,2,h0080,0.011740251208904536,scr1986,avaConv,onshore_b
RS,2,h0081,0.27087681528044566,scr1986,avaConv,onshore_b
RS,2,h0082,0.21264465438038202,scr1986,avaConv,onshore_b
RS,2,h0083,0.49429079747322496,scr1986,avaConv,onshore_b
RS,2,h0084,0.09395974027059327,scr1986,avaConv,onshore_b
RS,2,h0085,0.07268867856660394,scr1986,avaConv,onshore_b
RS,2,h0086,0.01989182676558464,scr1986,avaConv,onshore_b
RS,2,h0087,0.01946413712850472,scr1986,avaConv,onshore_b
RS,2,h0088,0.03771945492933048,scr1986,avaConv,onshore_b
RS,2,h0089,0.014008632080135391,scr1986,avaConv,onshore_b
RS,2,h0090,0.004270380274937704,scr1986,avaConv,onshore_b
RS,2,h0091,0.014218421390861644,scr1986,avaConv,onshore_b
RS,2,h0092,0.024785260558886142,scr1986,avaConv,onshore_b
RS,2,h0093,0.025796616015870223,scr1986,avaConv,onshore_b
RS,2,h0094,0.11904221136744807,scr1986,avaConv,onshore_b
RS,2,h0095,0.19113557347625057,scr1986,avaConv,onshore_b
RS,2,h0096,0.4378134883854618,scr1986,avaConv,onshore_b
SI,2,h0073,7.891058160057606e-5,scr1986,avaConv,onshore_b
SI,2,h0074,0.000892212540525288,scr1986,avaConv,onshore_b
SI,2,h0075,0.0019028787772523354,scr1986,avaConv,onshore_b
SI,2,h0076,0.0024316823417864088,scr1986,avaConv,onshore_b
SI,2,h0077,0.007106099261332833,scr1986,avaConv,onshore_b
SI,2,h0078,0.016885433923273265,scr1986,avaConv,onshore_b
SI,2,h0079,0.05148101584249625,scr1986,avaConv,onshore_b
SI,2,h0080,0.008043101921975179,scr1986,avaConv,onshore_b
SI,2,h0081,0.01249729540648912,scr1986,avaConv,onshore_b
SI,2,h0082,0.0025374599907672644,scr1986,avaConv,onshore_b
SI,2,h0083,0.008220869777103946,scr1986,avaConv,onshore_b
SI,2,h0084,0.003648552813542928,scr1986,avaConv,onshore_b
SI,2,h0085,0.14000444340051013,scr1986,avaConv,onshore_b
SI,2,h0086,0.3060791626466662,scr1986,avaConv,onshore_b
SI,2,h0087,0.1959412279978962,scr1986,avaConv,onshore_b
SI,2,h0088,0.05875315187201748,scr1986,avaConv,onshore_b
SI,2,h0089,0.015437837643755174,scr1986,avaConv,onshore_b
SI,2,h0090,0.015408991069983509,scr1986,avaConv,onshore_b
SI,2,h0091,0.0018660659632363462,scr1986,avaConv,onshore_b
SI,2,h0092,0.0003170388332245041,scr1986,avaConv,onshore_b
SI,2,h0093,0.00028771199572893643,scr1986,avaConv,onshore_b
SI,2,h0094,3.557885496827326e-5,scr1986,avaConv,onshore_b
SI,2,h0095,3.2158685288572904e-5,scr1986,avaConv,onshore_b
SI,2,h0096,0.011765574038673968,scr1986,avaConv,onshore_b
SK,2,h0073,0.005830974559046801,scr1986,avaConv,onshore_b
SK,2,h0074,0.0044709052238149204,scr1986,avaConv,onshore_b
SK,2,h0075,0.010087561614068164,scr1986,avaConv,onshore_b
SK,2,h0076,0.1351429755704383,scr1986,avaConv,onshore_b
SK,2,h0077,0.4659507591443237,scr1986,avaConv,onshore_b
SK,2,h0078,0.6996424480524938,scr1986,avaConv,onshore_b
SK,2,h0079,0.4355533327314074,scr1986,avaConv,onshore_b
SK,2,h0080,0.10216201510574027,scr1986,avaConv,onshore_b
SK,2,h0081,0.2700894025214194,scr1986,avaConv,onshore_b
SK,2,h0082,0.19135660195989185,scr1986,avaConv,onshore_b
SK,2,h0083,0.178834424886394,scr1986,avaConv,onshore_b
SK,2,h0084,0.009082946761241828,scr1986,avaConv,onshore_b
SK,2,h0085,0.0032032206580511983,scr1986,avaConv,onshore_b
SK,2,h0086,0.00030285026161639854,scr1986,avaConv,onshore_b
SK,2,h0087,0.005240067442862271,scr1986,avaConv,onshore_b
SK,2,h0088,0.003750364709553403,scr1986,avaConv,onshore_b
SK,2,h0089,0.003034857025128263,scr1986,avaConv,onshore_b
SK,2,h0090,0.003526332997252488,scr1986,avaConv,onshore_b
SK,2,h0091,0.008655354200622394,scr1986,avaConv,onshore_b
SK,2,h0092,0.06218118419539984,scr1986,avaConv,onshore_b
SK,2,h0093,0.03853238880744426,scr1986,avaConv,onshore_b
SK,2,h0094,0.11288784622610536,scr1986,avaConv,onshore_b
SK,2,h0095,0.06268510028872415,scr1986,avaConv,onshore_b
SK,2,h0096,0.5856479980626712,scr1986,avaConv,onshore_b
UK,2,h0073,0.0832419158527441,scr1986,avaConv,onshore_b
UK,2,h0074,0.24612665200287495,scr1986,avaConv,onshore_b
UK,2,h0075,0.16049000567727878,scr1986,avaConv,onshore_b
UK,2,h0076,0.1487780758595521,scr1986,avaConv,onshore_b
UK,2,h0077,0.036405862035349894,scr1986,avaConv,onshore_b
UK,2,h0078,0.25582203880777843,scr1986,avaConv,onshore_b
UK,2,h0079,0.5327088177155896,scr1986,avaConv,onshore_b
UK,2,h0080,0.9057457923869793,scr1986,avaConv,onshore_b
UK,2,h0081,0.8400002823396835,scr1986,avaConv,onshore_b
UK,2,h0082,0.731336671350492,scr1986,avaConv,onshore_b
UK,2,h0083,0.3826487192641202,scr1986,avaConv,onshore_b
UK,2,h0084,0.1723616988232292,scr1986,avaConv,onshore_b
UK,2,h0085,0.05303789347962852,scr1986,avaConv,onshore_b
UK,2,h0086,0.26191133447617015,scr1986,avaConv,onshore_b
UK,2,h0087,0.29448050442710055,scr1986,avaConv,onshore_b
UK,2,h0088,0.27677891051358583,scr1986,avaConv,onshore_b
UK,2,h0089,0.07750110846724464,scr1986,avaConv,onshore_b
UK,2,h0090,0.23359783015720528,scr1986,avaConv,onshore_b
UK,2,h0091,0.4630521837557353,scr1986,avaConv,onshore_b
UK,2,h0092,0.4800852497648493,scr1986,avaConv,onshore_b
UK,2,h0093,0.3759384775389808,scr1986,avaConv,onshore_b
UK,2,h0094,0.22386878706542665,scr1986,avaConv,onshore_b
UK,2,h0095,0.42120588768016737,scr1986,avaConv,onshore_b
UK,2,h0096,0.6505673971179744,scr1986,avaConv,onshore_b
