region_2,timestep_5,value,scenario_1,parameter,technology_3
AT,hh0025,3.8212210480279665,scr2010,effConv,heatpumpGroundSpace
AT,hh0026,3.8328651929620814,scr2010,effConv,heatpumpGroundSpace
AT,hh0027,4.158500456229666,scr2010,effConv,heatpumpGroundSpace
AT,hh0028,4.772831866095217,scr2010,effConv,heatpumpGroundSpace
AT,hh0029,4.681981335460038,scr2010,effConv,heatpumpGroundSpace
AT,hh0030,4.091878603183956,scr2010,effConv,heatpumpGroundSpace
AT,hh0031,3.6276344292669416,scr2010,effConv,heatpumpGroundSpace
AT,hh0032,3.463383553631238,scr2010,effConv,heatpumpGroundSpace
AT,hh0033,3.543271939570093,scr2010,effConv,heatpumpGroundSpace
AT,hh0034,4.115381348196401,scr2010,effConv,heatpumpGroundSpace
AT,hh0035,4.217217842038361,scr2010,effConv,heatpumpGroundSpace
AT,hh0036,4.152259534800923,scr2010,effConv,heatpumpGroundSpace
BE,hh0025,4.35804274937501,scr2010,effConv,heatpumpGroundSpace
BE,hh0026,4.576926910003687,scr2010,effConv,heatpumpGroundSpace
BE,hh0027,5.158298698999896,scr2010,effConv,heatpumpGroundSpace
BE,hh0028,5.1320113419948505,scr2010,effConv,heatpumpGroundSpace
BE,hh0029,4.792771238034363,scr2010,effConv,heatpumpGroundSpace
BE,hh0030,4.42909159838023,scr2010,effConv,heatpumpGroundSpace
BE,hh0031,3.9114923903747227,scr2010,effConv,heatpumpGroundSpace
BE,hh0032,3.702591046666476,scr2010,effConv,heatpumpGroundSpace
BE,hh0033,3.910993630696087,scr2010,effConv,heatpumpGroundSpace
BE,hh0034,4.692103529764772,scr2010,effConv,heatpumpGroundSpace
BE,hh0035,4.931517576773981,scr2010,effConv,heatpumpGroundSpace
BE,hh0036,4.879380789700831,scr2010,effConv,heatpumpGroundSpace
BG,hh0025,4.014253533315016,scr2010,effConv,heatpumpGroundSpace
BG,hh0026,4.094940783057375,scr2010,effConv,heatpumpGroundSpace
BG,hh0027,5.006636966631621,scr2010,effConv,heatpumpGroundSpace
BG,hh0028,5.457734010352302,scr2010,effConv,heatpumpGroundSpace
BG,hh0029,5.248590274056727,scr2010,effConv,heatpumpGroundSpace
BG,hh0030,4.9200653027771795,scr2010,effConv,heatpumpGroundSpace
BG,hh0031,3.7923027552983655,scr2010,effConv,heatpumpGroundSpace
BG,hh0032,3.4307470967989877,scr2010,effConv,heatpumpGroundSpace
BG,hh0033,3.8071793810401724,scr2010,effConv,heatpumpGroundSpace
BG,hh0034,4.3816040576675395,scr2010,effConv,heatpumpGroundSpace
BG,hh0035,4.4505101467137385,scr2010,effConv,heatpumpGroundSpace
BG,hh0036,4.398294969575831,scr2010,effConv,heatpumpGroundSpace
CH,hh0025,4.034151703363652,scr2010,effConv,heatpumpGroundSpace
CH,hh0026,4.070709306417903,scr2010,effConv,heatpumpGroundSpace
CH,hh0027,4.332783452633788,scr2010,effConv,heatpumpGroundSpace
CH,hh0028,4.755267367577803,scr2010,effConv,heatpumpGroundSpace
CH,hh0029,4.696971553465676,scr2010,effConv,heatpumpGroundSpace
CH,hh0030,4.280566846553608,scr2010,effConv,heatpumpGroundSpace
CH,hh0031,3.722709693657918,scr2010,effConv,heatpumpGroundSpace
CH,hh0032,3.5013973972223735,scr2010,effConv,heatpumpGroundSpace
CH,hh0033,3.5051634166608023,scr2010,effConv,heatpumpGroundSpace
CH,hh0034,3.8975575499203234,scr2010,effConv,heatpumpGroundSpace
CH,hh0035,4.0978319569031285,scr2010,effConv,heatpumpGroundSpace
CH,hh0036,4.055245211133513,scr2010,effConv,heatpumpGroundSpace
CZ,hh0025,3.793292416525701,scr2010,effConv,heatpumpGroundSpace
CZ,hh0026,3.8041205600367394,scr2010,effConv,heatpumpGroundSpace
CZ,hh0027,4.231141982500973,scr2010,effConv,heatpumpGroundSpace
CZ,hh0028,4.58659349893001,scr2010,effConv,heatpumpGroundSpace
CZ,hh0029,4.508516371438986,scr2010,effConv,heatpumpGroundSpace
CZ,hh0030,3.9204402140141728,scr2010,effConv,heatpumpGroundSpace
CZ,hh0031,3.4744673438308658,scr2010,effConv,heatpumpGroundSpace
CZ,hh0032,3.2608292265250087,scr2010,effConv,heatpumpGroundSpace
CZ,hh0033,3.4383608722903967,scr2010,effConv,heatpumpGroundSpace
CZ,hh0034,3.9504527356548245,scr2010,effConv,heatpumpGroundSpace
CZ,hh0035,4.059246412795602,scr2010,effConv,heatpumpGroundSpace
CZ,hh0036,4.0453052427998895,scr2010,effConv,heatpumpGroundSpace
DE,hh0025,4.006225808645977,scr2010,effConv,heatpumpGroundSpace
DE,hh0026,4.128981774835197,scr2010,effConv,heatpumpGroundSpace
DE,hh0027,4.569055638015784,scr2010,effConv,heatpumpGroundSpace
DE,hh0028,4.959802441654711,scr2010,effConv,heatpumpGroundSpace
DE,hh0029,4.836259777138227,scr2010,effConv,heatpumpGroundSpace
DE,hh0030,4.1509525671218475,scr2010,effConv,heatpumpGroundSpace
DE,hh0031,3.6787951593679433,scr2010,effConv,heatpumpGroundSpace
DE,hh0032,3.478581932339516,scr2010,effConv,heatpumpGroundSpace
DE,hh0033,3.6314798923599083,scr2010,effConv,heatpumpGroundSpace
DE,hh0034,4.219962105266179,scr2010,effConv,heatpumpGroundSpace
DE,hh0035,4.442411638336467,scr2010,effConv,heatpumpGroundSpace
DE,hh0036,4.427619155152712,scr2010,effConv,heatpumpGroundSpace
GR,hh0025,5.158350229113073,scr2010,effConv,heatpumpGroundSpace
GR,hh0026,5.088316677241965,scr2010,effConv,heatpumpGroundSpace
GR,hh0027,6.097554012952713,scr2010,effConv,heatpumpGroundSpace
GR,hh0028,6.202828022753728,scr2010,effConv,heatpumpGroundSpace
GR,hh0029,5.987374450288023,scr2010,effConv,heatpumpGroundSpace
GR,hh0030,5.755455023662094,scr2010,effConv,heatpumpGroundSpace
GR,hh0031,5.213515319591423,scr2010,effConv,heatpumpGroundSpace
GR,hh0032,5.127685714711232,scr2010,effConv,heatpumpGroundSpace
GR,hh0033,5.4989100698758175,scr2010,effConv,heatpumpGroundSpace
GR,hh0034,5.9125846252538,scr2010,effConv,heatpumpGroundSpace
GR,hh0035,5.761723728465757,scr2010,effConv,heatpumpGroundSpace
GR,hh0036,5.058294619310271,scr2010,effConv,heatpumpGroundSpace
ES,hh0025,5.15992936830256,scr2010,effConv,heatpumpGroundSpace
ES,hh0026,5.281663835966558,scr2010,effConv,heatpumpGroundSpace
ES,hh0027,5.700836944885397,scr2010,effConv,heatpumpGroundSpace
ES,hh0028,6.023292972116424,scr2010,effConv,heatpumpGroundSpace
ES,hh0029,5.965249261264674,scr2010,effConv,heatpumpGroundSpace
ES,hh0030,5.613610630406326,scr2010,effConv,heatpumpGroundSpace
ES,hh0031,5.111582214847232,scr2010,effConv,heatpumpGroundSpace
ES,hh0032,4.727219297929379,scr2010,effConv,heatpumpGroundSpace
ES,hh0033,4.438510098620188,scr2010,effConv,heatpumpGroundSpace
ES,hh0034,5.437497810105221,scr2010,effConv,heatpumpGroundSpace
ES,hh0035,5.744511121506543,scr2010,effConv,heatpumpGroundSpace
ES,hh0036,5.608601504606817,scr2010,effConv,heatpumpGroundSpace
DK,hh0025,3.4882663551374122,scr2010,effConv,heatpumpGroundSpace
DK,hh0026,3.563622244144552,scr2010,effConv,heatpumpGroundSpace
DK,hh0027,3.7924796499282913,scr2010,effConv,heatpumpGroundSpace
DK,hh0028,3.9997206425969036,scr2010,effConv,heatpumpGroundSpace
DK,hh0029,3.9716602447653564,scr2010,effConv,heatpumpGroundSpace
DK,hh0030,3.7335890123706643,scr2010,effConv,heatpumpGroundSpace
DK,hh0031,3.5849894623930867,scr2010,effConv,heatpumpGroundSpace
DK,hh0032,3.609291281022549,scr2010,effConv,heatpumpGroundSpace
DK,hh0033,3.7535743760255706,scr2010,effConv,heatpumpGroundSpace
DK,hh0034,4.22071443482663,scr2010,effConv,heatpumpGroundSpace
DK,hh0035,4.28967815383836,scr2010,effConv,heatpumpGroundSpace
DK,hh0036,4.111500434384008,scr2010,effConv,heatpumpGroundSpace
EE,hh0025,3.0596065561569668,scr2010,effConv,heatpumpGroundSpace
EE,hh0026,3.1695338672557885,scr2010,effConv,heatpumpGroundSpace
EE,hh0027,3.294537817122818,scr2010,effConv,heatpumpGroundSpace
EE,hh0028,3.8074648884542164,scr2010,effConv,heatpumpGroundSpace
EE,hh0029,3.8324955229844138,scr2010,effConv,heatpumpGroundSpace
EE,hh0030,3.507102763003044,scr2010,effConv,heatpumpGroundSpace
EE,hh0031,3.377871191697319,scr2010,effConv,heatpumpGroundSpace
EE,hh0032,3.4245753621654167,scr2010,effConv,heatpumpGroundSpace
EE,hh0033,3.8450017612787577,scr2010,effConv,heatpumpGroundSpace
EE,hh0034,3.7273325489723717,scr2010,effConv,heatpumpGroundSpace
EE,hh0035,3.5171219421456814,scr2010,effConv,heatpumpGroundSpace
EE,hh0036,3.1970293022258884,scr2010,effConv,heatpumpGroundSpace
FI,hh0025,2.713240120198349,scr2010,effConv,heatpumpGroundSpace
FI,hh0026,2.8772086070987593,scr2010,effConv,heatpumpGroundSpace
FI,hh0027,3.1472654315829507,scr2010,effConv,heatpumpGroundSpace
FI,hh0028,3.7318763838675757,scr2010,effConv,heatpumpGroundSpace
FI,hh0029,3.77685148693425,scr2010,effConv,heatpumpGroundSpace
FI,hh0030,3.4950175220317954,scr2010,effConv,heatpumpGroundSpace
FI,hh0031,3.1990862588623887,scr2010,effConv,heatpumpGroundSpace
FI,hh0032,3.1995553250770685,scr2010,effConv,heatpumpGroundSpace
FI,hh0033,3.8986253056695066,scr2010,effConv,heatpumpGroundSpace
FI,hh0034,3.7281312330391434,scr2010,effConv,heatpumpGroundSpace
FI,hh0035,3.3656069801116297,scr2010,effConv,heatpumpGroundSpace
FI,hh0036,2.755195085116326,scr2010,effConv,heatpumpGroundSpace
FR,hh0025,4.674075993346238,scr2010,effConv,heatpumpGroundSpace
FR,hh0026,4.824898339022473,scr2010,effConv,heatpumpGroundSpace
FR,hh0027,5.193641831071313,scr2010,effConv,heatpumpGroundSpace
FR,hh0028,5.425395929327596,scr2010,effConv,heatpumpGroundSpace
FR,hh0029,5.316410121624093,scr2010,effConv,heatpumpGroundSpace
FR,hh0030,4.811652614202987,scr2010,effConv,heatpumpGroundSpace
FR,hh0031,4.172101434068756,scr2010,effConv,heatpumpGroundSpace
FR,hh0032,3.8615209029384516,scr2010,effConv,heatpumpGroundSpace
FR,hh0033,3.921357765256568,scr2010,effConv,heatpumpGroundSpace
FR,hh0034,4.622321546149701,scr2010,effConv,heatpumpGroundSpace
FR,hh0035,4.963112104731278,scr2010,effConv,heatpumpGroundSpace
FR,hh0036,4.938370667232583,scr2010,effConv,heatpumpGroundSpace
IT,hh0025,4.954628872164903,scr2010,effConv,heatpumpGroundSpace
IT,hh0026,4.905512088531395,scr2010,effConv,heatpumpGroundSpace
IT,hh0027,5.209119362534693,scr2010,effConv,heatpumpGroundSpace
IT,hh0028,5.635471466261151,scr2010,effConv,heatpumpGroundSpace
IT,hh0029,5.595946265128077,scr2010,effConv,heatpumpGroundSpace
IT,hh0030,5.367774390373597,scr2010,effConv,heatpumpGroundSpace
IT,hh0031,4.563625377941207,scr2010,effConv,heatpumpGroundSpace
IT,hh0032,4.3030766857700655,scr2010,effConv,heatpumpGroundSpace
IT,hh0033,4.630077274108771,scr2010,effConv,heatpumpGroundSpace
IT,hh0034,5.165942715193523,scr2010,effConv,heatpumpGroundSpace
IT,hh0035,5.2518834006677935,scr2010,effConv,heatpumpGroundSpace
IT,hh0036,5.023402311207974,scr2010,effConv,heatpumpGroundSpace
NL,hh0025,4.265839459548504,scr2010,effConv,heatpumpGroundSpace
NL,hh0026,4.408311680640445,scr2010,effConv,heatpumpGroundSpace
NL,hh0027,4.8702431125013295,scr2010,effConv,heatpumpGroundSpace
NL,hh0028,4.967893005645109,scr2010,effConv,heatpumpGroundSpace
NL,hh0029,4.72561761739718,scr2010,effConv,heatpumpGroundSpace
NL,hh0030,4.278411049816711,scr2010,effConv,heatpumpGroundSpace
NL,hh0031,3.9194082233255836,scr2010,effConv,heatpumpGroundSpace
NL,hh0032,3.7660541437416217,scr2010,effConv,heatpumpGroundSpace
NL,hh0033,3.9632166271042557,scr2010,effConv,heatpumpGroundSpace
NL,hh0034,4.644408122994818,scr2010,effConv,heatpumpGroundSpace
NL,hh0035,4.804263248117975,scr2010,effConv,heatpumpGroundSpace
NL,hh0036,4.647075424548408,scr2010,effConv,heatpumpGroundSpace
IE,hh0025,3.88767402250541,scr2010,effConv,heatpumpGroundSpace
IE,hh0026,3.8642801042319634,scr2010,effConv,heatpumpGroundSpace
IE,hh0027,4.1921479009113245,scr2010,effConv,heatpumpGroundSpace
IE,hh0028,4.6150637608706475,scr2010,effConv,heatpumpGroundSpace
IE,hh0029,4.795154405771999,scr2010,effConv,heatpumpGroundSpace
IE,hh0030,4.42397029030357,scr2010,effConv,heatpumpGroundSpace
IE,hh0031,4.273006548236522,scr2010,effConv,heatpumpGroundSpace
IE,hh0032,4.159956156184386,scr2010,effConv,heatpumpGroundSpace
IE,hh0033,3.9231424130874073,scr2010,effConv,heatpumpGroundSpace
IE,hh0034,4.916550852466107,scr2010,effConv,heatpumpGroundSpace
IE,hh0035,5.166217666765016,scr2010,effConv,heatpumpGroundSpace
IE,hh0036,5.076805812548532,scr2010,effConv,heatpumpGroundSpace
HR,hh0025,4.239296591495841,scr2010,effConv,heatpumpGroundSpace
HR,hh0026,4.298881202183978,scr2010,effConv,heatpumpGroundSpace
HR,hh0027,4.913189879125426,scr2010,effConv,heatpumpGroundSpace
HR,hh0028,5.791946253180092,scr2010,effConv,heatpumpGroundSpace
HR,hh0029,5.615696977853526,scr2010,effConv,heatpumpGroundSpace
HR,hh0030,4.762480660596956,scr2010,effConv,heatpumpGroundSpace
HR,hh0031,4.044607160978483,scr2010,effConv,heatpumpGroundSpace
HR,hh0032,3.753818785838413,scr2010,effConv,heatpumpGroundSpace
HR,hh0033,3.7947351611131523,scr2010,effConv,heatpumpGroundSpace
HR,hh0034,4.710620736415533,scr2010,effConv,heatpumpGroundSpace
HR,hh0035,4.909365841725725,scr2010,effConv,heatpumpGroundSpace
HR,hh0036,4.666420032840381,scr2010,effConv,heatpumpGroundSpace
HU,hh0025,4.06748133855949,scr2010,effConv,heatpumpGroundSpace
HU,hh0026,4.156831485917351,scr2010,effConv,heatpumpGroundSpace
HU,hh0027,4.739104338030311,scr2010,effConv,heatpumpGroundSpace
HU,hh0028,5.169066878920324,scr2010,effConv,heatpumpGroundSpace
HU,hh0029,5.059318908196042,scr2010,effConv,heatpumpGroundSpace
HU,hh0030,4.341449422137907,scr2010,effConv,heatpumpGroundSpace
HU,hh0031,3.812428333977933,scr2010,effConv,heatpumpGroundSpace
HU,hh0032,3.5959860726792625,scr2010,effConv,heatpumpGroundSpace
HU,hh0033,3.7653175009885547,scr2010,effConv,heatpumpGroundSpace
HU,hh0034,4.5379326527593165,scr2010,effConv,heatpumpGroundSpace
HU,hh0035,4.643601900244663,scr2010,effConv,heatpumpGroundSpace
HU,hh0036,4.326497177745426,scr2010,effConv,heatpumpGroundSpace
MK,hh0025,4.13947203922725,scr2010,effConv,heatpumpGroundSpace
MK,hh0026,4.053136607138228,scr2010,effConv,heatpumpGroundSpace
MK,hh0027,4.963651525750756,scr2010,effConv,heatpumpGroundSpace
MK,hh0028,5.322998946622563,scr2010,effConv,heatpumpGroundSpace
MK,hh0029,5.29322766292007,scr2010,effConv,heatpumpGroundSpace
MK,hh0030,5.025030981015353,scr2010,effConv,heatpumpGroundSpace
MK,hh0031,3.686925506312388,scr2010,effConv,heatpumpGroundSpace
MK,hh0032,3.3894601095807024,scr2010,effConv,heatpumpGroundSpace
MK,hh0033,4.035626805292454,scr2010,effConv,heatpumpGroundSpace
MK,hh0034,4.656457901683979,scr2010,effConv,heatpumpGroundSpace
MK,hh0035,4.680025815209613,scr2010,effConv,heatpumpGroundSpace
MK,hh0036,4.27012038591023,scr2010,effConv,heatpumpGroundSpace
LV,hh0025,3.544966134413546,scr2010,effConv,heatpumpGroundSpace
LV,hh0026,3.43223660610888,scr2010,effConv,heatpumpGroundSpace
LV,hh0027,3.421604067387414,scr2010,effConv,heatpumpGroundSpace
LV,hh0028,3.8709420372690913,scr2010,effConv,heatpumpGroundSpace
LV,hh0029,3.8668386992310206,scr2010,effConv,heatpumpGroundSpace
LV,hh0030,3.499633944476126,scr2010,effConv,heatpumpGroundSpace
LV,hh0031,3.231095889369126,scr2010,effConv,heatpumpGroundSpace
LV,hh0032,3.3172791871199254,scr2010,effConv,heatpumpGroundSpace
LV,hh0033,3.82612760051113,scr2010,effConv,heatpumpGroundSpace
LV,hh0034,3.77224326339256,scr2010,effConv,heatpumpGroundSpace
LV,hh0035,3.5854363847613158,scr2010,effConv,heatpumpGroundSpace
LV,hh0036,3.40416862515079,scr2010,effConv,heatpumpGroundSpace
ME,hh0025,4.086462423944022,scr2010,effConv,heatpumpGroundSpace
ME,hh0026,4.068774493541893,scr2010,effConv,heatpumpGroundSpace
ME,hh0027,4.647493307976967,scr2010,effConv,heatpumpGroundSpace
ME,hh0028,4.898840171937165,scr2010,effConv,heatpumpGroundSpace
ME,hh0029,4.786499444921015,scr2010,effConv,heatpumpGroundSpace
ME,hh0030,4.572323739026309,scr2010,effConv,heatpumpGroundSpace
ME,hh0031,3.548974680044551,scr2010,effConv,heatpumpGroundSpace
ME,hh0032,3.3918022241950117,scr2010,effConv,heatpumpGroundSpace
ME,hh0033,4.169594557827279,scr2010,effConv,heatpumpGroundSpace
ME,hh0034,4.516467902901132,scr2010,effConv,heatpumpGroundSpace
ME,hh0035,4.474919244733215,scr2010,effConv,heatpumpGroundSpace
ME,hh0036,4.267106476822091,scr2010,effConv,heatpumpGroundSpace
LT,hh0025,3.7062329554835367,scr2010,effConv,heatpumpGroundSpace
LT,hh0026,3.6565539538204663,scr2010,effConv,heatpumpGroundSpace
LT,hh0027,3.775075329315498,scr2010,effConv,heatpumpGroundSpace
LT,hh0028,4.0002949545962085,scr2010,effConv,heatpumpGroundSpace
LT,hh0029,3.935417662111376,scr2010,effConv,heatpumpGroundSpace
LT,hh0030,3.660697507612912,scr2010,effConv,heatpumpGroundSpace
LT,hh0031,3.204535194629105,scr2010,effConv,heatpumpGroundSpace
LT,hh0032,3.1396270294962507,scr2010,effConv,heatpumpGroundSpace
LT,hh0033,3.7263136662731826,scr2010,effConv,heatpumpGroundSpace
LT,hh0034,3.8065693973975168,scr2010,effConv,heatpumpGroundSpace
LT,hh0035,3.7435331969199144,scr2010,effConv,heatpumpGroundSpace
LT,hh0036,3.6218069828111545,scr2010,effConv,heatpumpGroundSpace
LU,hh0025,4.23455561699029,scr2010,effConv,heatpumpGroundSpace
LU,hh0026,4.518593296932866,scr2010,effConv,heatpumpGroundSpace
LU,hh0027,5.11757889112627,scr2010,effConv,heatpumpGroundSpace
LU,hh0028,5.219616203976592,scr2010,effConv,heatpumpGroundSpace
LU,hh0029,4.953434504441149,scr2010,effConv,heatpumpGroundSpace
LU,hh0030,4.430835447057593,scr2010,effConv,heatpumpGroundSpace
LU,hh0031,3.8157077186596915,scr2010,effConv,heatpumpGroundSpace
LU,hh0032,3.60051866058682,scr2010,effConv,heatpumpGroundSpace
LU,hh0033,3.8061789140604336,scr2010,effConv,heatpumpGroundSpace
LU,hh0034,4.463567276237228,scr2010,effConv,heatpumpGroundSpace
LU,hh0035,4.748488316848879,scr2010,effConv,heatpumpGroundSpace
LU,hh0036,4.6530762428325545,scr2010,effConv,heatpumpGroundSpace
NO,hh0025,3.160316003264861,scr2010,effConv,heatpumpGroundSpace
NO,hh0026,3.131364141986958,scr2010,effConv,heatpumpGroundSpace
NO,hh0027,3.419443983967,scr2010,effConv,heatpumpGroundSpace
NO,hh0028,3.705783376561201,scr2010,effConv,heatpumpGroundSpace
NO,hh0029,3.6873337550795404,scr2010,effConv,heatpumpGroundSpace
NO,hh0030,3.555605753862554,scr2010,effConv,heatpumpGroundSpace
NO,hh0031,3.537610099161742,scr2010,effConv,heatpumpGroundSpace
NO,hh0032,3.6289652772075005,scr2010,effConv,heatpumpGroundSpace
NO,hh0033,3.9121828510596943,scr2010,effConv,heatpumpGroundSpace
NO,hh0034,4.04746296593885,scr2010,effConv,heatpumpGroundSpace
NO,hh0035,3.947632584911959,scr2010,effConv,heatpumpGroundSpace
NO,hh0036,3.8737568134839524,scr2010,effConv,heatpumpGroundSpace
PL,hh0025,3.7525809766835074,scr2010,effConv,heatpumpGroundSpace
PL,hh0026,3.715908933292125,scr2010,effConv,heatpumpGroundSpace
PL,hh0027,4.07330175116555,scr2010,effConv,heatpumpGroundSpace
PL,hh0028,4.609593976310361,scr2010,effConv,heatpumpGroundSpace
PL,hh0029,4.510423015338897,scr2010,effConv,heatpumpGroundSpace
PL,hh0030,3.9167715605742006,scr2010,effConv,heatpumpGroundSpace
PL,hh0031,3.5374637394958364,scr2010,effConv,heatpumpGroundSpace
PL,hh0032,3.2790301902211283,scr2010,effConv,heatpumpGroundSpace
PL,hh0033,3.5166724095004436,scr2010,effConv,heatpumpGroundSpace
PL,hh0034,3.9144368608884577,scr2010,effConv,heatpumpGroundSpace
PL,hh0035,3.9688560977645424,scr2010,effConv,heatpumpGroundSpace
PL,hh0036,3.847021900752159,scr2010,effConv,heatpumpGroundSpace
RO,hh0025,3.9289564164722846,scr2010,effConv,heatpumpGroundSpace
RO,hh0026,3.9576645889183117,scr2010,effConv,heatpumpGroundSpace
RO,hh0027,4.566424972446933,scr2010,effConv,heatpumpGroundSpace
RO,hh0028,4.777544325493004,scr2010,effConv,heatpumpGroundSpace
RO,hh0029,4.572300931462398,scr2010,effConv,heatpumpGroundSpace
RO,hh0030,4.0919990850072026,scr2010,effConv,heatpumpGroundSpace
RO,hh0031,3.482718337706629,scr2010,effConv,heatpumpGroundSpace
RO,hh0032,3.2669812104105667,scr2010,effConv,heatpumpGroundSpace
RO,hh0033,3.595693071025012,scr2010,effConv,heatpumpGroundSpace
RO,hh0034,4.063702864236982,scr2010,effConv,heatpumpGroundSpace
RO,hh0035,4.105220817425675,scr2010,effConv,heatpumpGroundSpace
RO,hh0036,3.856114981597673,scr2010,effConv,heatpumpGroundSpace
PT,hh0025,5.657956535647827,scr2010,effConv,heatpumpGroundSpace
PT,hh0026,5.892192786608575,scr2010,effConv,heatpumpGroundSpace
PT,hh0027,6.165059668799586,scr2010,effConv,heatpumpGroundSpace
PT,hh0028,5.942903214430771,scr2010,effConv,heatpumpGroundSpace
PT,hh0029,5.88150749966735,scr2010,effConv,heatpumpGroundSpace
PT,hh0030,5.998319421541964,scr2010,effConv,heatpumpGroundSpace
PT,hh0031,5.7249443074761075,scr2010,effConv,heatpumpGroundSpace
PT,hh0032,5.385281067181495,scr2010,effConv,heatpumpGroundSpace
PT,hh0033,4.881374621807481,scr2010,effConv,heatpumpGroundSpace
PT,hh0034,5.9719994872757525,scr2010,effConv,heatpumpGroundSpace
PT,hh0035,6.190489949665789,scr2010,effConv,heatpumpGroundSpace
PT,hh0036,6.015374892991531,scr2010,effConv,heatpumpGroundSpace
SK,hh0025,3.8935076240697555,scr2010,effConv,heatpumpGroundSpace
SK,hh0026,3.874909713488288,scr2010,effConv,heatpumpGroundSpace
SK,hh0027,4.379015628213229,scr2010,effConv,heatpumpGroundSpace
SK,hh0028,4.799991704214676,scr2010,effConv,heatpumpGroundSpace
SK,hh0029,4.6481600903295455,scr2010,effConv,heatpumpGroundSpace
SK,hh0030,4.027820392066964,scr2010,effConv,heatpumpGroundSpace
SK,hh0031,3.6509371124238825,scr2010,effConv,heatpumpGroundSpace
SK,hh0032,3.457277840419524,scr2010,effConv,heatpumpGroundSpace
SK,hh0033,3.58748886445834,scr2010,effConv,heatpumpGroundSpace
SK,hh0034,4.1063630732404715,scr2010,effConv,heatpumpGroundSpace
SK,hh0035,4.114815818700359,scr2010,effConv,heatpumpGroundSpace
SK,hh0036,3.9585616760081352,scr2010,effConv,heatpumpGroundSpace
SI,hh0025,3.9333563017100808,scr2010,effConv,heatpumpGroundSpace
SI,hh0026,3.9200090813589563,scr2010,effConv,heatpumpGroundSpace
SI,hh0027,4.155445103213675,scr2010,effConv,heatpumpGroundSpace
SI,hh0028,5.044029454919119,scr2010,effConv,heatpumpGroundSpace
SI,hh0029,4.976795093742539,scr2010,effConv,heatpumpGroundSpace
SI,hh0030,4.381169669907495,scr2010,effConv,heatpumpGroundSpace
SI,hh0031,3.8688180949614526,scr2010,effConv,heatpumpGroundSpace
SI,hh0032,3.6680774502944105,scr2010,effConv,heatpumpGroundSpace
SI,hh0033,3.6267963899068154,scr2010,effConv,heatpumpGroundSpace
SI,hh0034,4.408903686672442,scr2010,effConv,heatpumpGroundSpace
SI,hh0035,4.514969472074535,scr2010,effConv,heatpumpGroundSpace
SI,hh0036,4.2914767068720945,scr2010,effConv,heatpumpGroundSpace
SE,hh0025,2.94307343981749,scr2010,effConv,heatpumpGroundSpace
SE,hh0026,2.887995395488269,scr2010,effConv,heatpumpGroundSpace
SE,hh0027,3.404071749361077,scr2010,effConv,heatpumpGroundSpace
SE,hh0028,3.769925782670023,scr2010,effConv,heatpumpGroundSpace
SE,hh0029,3.7739464053496414,scr2010,effConv,heatpumpGroundSpace
SE,hh0030,3.54432033549051,scr2010,effConv,heatpumpGroundSpace
SE,hh0031,3.279150407888043,scr2010,effConv,heatpumpGroundSpace
SE,hh0032,3.328590810217471,scr2010,effConv,heatpumpGroundSpace
SE,hh0033,3.8099305734296793,scr2010,effConv,heatpumpGroundSpace
SE,hh0034,3.9619934889011033,scr2010,effConv,heatpumpGroundSpace
SE,hh0035,3.8629950399412745,scr2010,effConv,heatpumpGroundSpace
SE,hh0036,3.568219662506398,scr2010,effConv,heatpumpGroundSpace
UK,hh0025,4.104380633421114,scr2010,effConv,heatpumpGroundSpace
UK,hh0026,4.211768802641589,scr2010,effConv,heatpumpGroundSpace
UK,hh0027,4.673720832914309,scr2010,effConv,heatpumpGroundSpace
UK,hh0028,4.6564137648389785,scr2010,effConv,heatpumpGroundSpace
UK,hh0029,4.629484156872607,scr2010,effConv,heatpumpGroundSpace
UK,hh0030,4.312867117887047,scr2010,effConv,heatpumpGroundSpace
UK,hh0031,3.959066954312954,scr2010,effConv,heatpumpGroundSpace
UK,hh0032,3.862962729340749,scr2010,effConv,heatpumpGroundSpace
UK,hh0033,4.306948275521762,scr2010,effConv,heatpumpGroundSpace
UK,hh0034,4.97732059312388,scr2010,effConv,heatpumpGroundSpace
UK,hh0035,5.18043082024883,scr2010,effConv,heatpumpGroundSpace
UK,hh0036,4.953971220214215,scr2010,effConv,heatpumpGroundSpace
RS,hh0025,4.097726973617682,scr2010,effConv,heatpumpGroundSpace
RS,hh0026,4.128033699038497,scr2010,effConv,heatpumpGroundSpace
RS,hh0027,5.03019169109939,scr2010,effConv,heatpumpGroundSpace
RS,hh0028,5.353010667344279,scr2010,effConv,heatpumpGroundSpace
RS,hh0029,5.357540613880701,scr2010,effConv,heatpumpGroundSpace
RS,hh0030,4.809309724274499,scr2010,effConv,heatpumpGroundSpace
RS,hh0031,3.6260114202905243,scr2010,effConv,heatpumpGroundSpace
RS,hh0032,3.2583304828713153,scr2010,effConv,heatpumpGroundSpace
RS,hh0033,3.752695634511838,scr2010,effConv,heatpumpGroundSpace
RS,hh0034,4.607186738869132,scr2010,effConv,heatpumpGroundSpace
RS,hh0035,4.847786291660668,scr2010,effConv,heatpumpGroundSpace
RS,hh0036,4.762413319127518,scr2010,effConv,heatpumpGroundSpace
BA,hh0025,3.99590401492104,scr2010,effConv,heatpumpGroundSpace
BA,hh0026,4.109134898225978,scr2010,effConv,heatpumpGroundSpace
BA,hh0027,4.829580734346303,scr2010,effConv,heatpumpGroundSpace
BA,hh0028,5.2861926074717065,scr2010,effConv,heatpumpGroundSpace
BA,hh0029,5.153694395834299,scr2010,effConv,heatpumpGroundSpace
BA,hh0030,4.60229994009835,scr2010,effConv,heatpumpGroundSpace
BA,hh0031,3.7822983472111606,scr2010,effConv,heatpumpGroundSpace
BA,hh0032,3.4858169583974403,scr2010,effConv,heatpumpGroundSpace
BA,hh0033,3.7320365620890565,scr2010,effConv,heatpumpGroundSpace
BA,hh0034,4.356162210824156,scr2010,effConv,heatpumpGroundSpace
BA,hh0035,4.494268102839927,scr2010,effConv,heatpumpGroundSpace
BA,hh0036,4.44796746483221,scr2010,effConv,heatpumpGroundSpace
AL,hh0025,4.648889399601975,scr2010,effConv,heatpumpGroundSpace
AL,hh0026,4.569051703933091,scr2010,effConv,heatpumpGroundSpace
AL,hh0027,5.379619822403335,scr2010,effConv,heatpumpGroundSpace
AL,hh0028,5.715378217846336,scr2010,effConv,heatpumpGroundSpace
AL,hh0029,5.606743744056709,scr2010,effConv,heatpumpGroundSpace
AL,hh0030,5.338558226956435,scr2010,effConv,heatpumpGroundSpace
AL,hh0031,4.026497103316391,scr2010,effConv,heatpumpGroundSpace
AL,hh0032,3.8745705566260185,scr2010,effConv,heatpumpGroundSpace
AL,hh0033,4.7416880473892355,scr2010,effConv,heatpumpGroundSpace
AL,hh0034,5.1845667405130875,scr2010,effConv,heatpumpGroundSpace
AL,hh0035,5.151562773920508,scr2010,effConv,heatpumpGroundSpace
AL,hh0036,4.645177077601545,scr2010,effConv,heatpumpGroundSpace
