region_1,timestep_6,value,scenario_1,parameter,technology_1
AL,h0241,0.0,scr2005,avaConv,solar
AL,h0242,0.0,scr2005,avaConv,solar
AL,h0243,0.0,scr2005,avaConv,solar
AL,h0244,0.0,scr2005,avaConv,solar
AL,h0245,0.010637605572737137,scr2005,avaConv,solar
AL,h0246,0.06161176655776851,scr2005,avaConv,solar
AL,h0247,0.17841415121991616,scr2005,avaConv,solar
AL,h0248,0.3364658802023467,scr2005,avaConv,solar
AL,h0249,0.4957832864495683,scr2005,avaConv,solar
AL,h0250,0.6257123362398603,scr2005,avaConv,solar
AL,h0251,0.71743626867138,scr2005,avaConv,solar
AL,h0252,0.7524357236621846,scr2005,avaConv,solar
AL,h0253,0.6885620980367159,scr2005,avaConv,solar
AL,h0254,0.5117851203116205,scr2005,avaConv,solar
AL,h0255,0.30369746938781955,scr2005,avaConv,solar
AL,h0256,0.13643322578513614,scr2005,avaConv,solar
AL,h0257,0.0476468433286082,scr2005,avaConv,solar
AL,h0258,0.010730739994752407,scr2005,avaConv,solar
AL,h0259,0.0005174385340472695,scr2005,avaConv,solar
AL,h0260,0.0005174385340472695,scr2005,avaConv,solar
AL,h0261,0.0,scr2005,avaConv,solar
AL,h0262,0.0,scr2005,avaConv,solar
AL,h0263,0.0,scr2005,avaConv,solar
AL,h0264,0.0,scr2005,avaConv,solar
AL,h0265,0.0,scr2005,avaConv,solar
AL,h0266,0.0,scr2005,avaConv,solar
AL,h0267,0.0,scr2005,avaConv,solar
AL,h0268,0.0,scr2005,avaConv,solar
AL,h0269,0.019433430047978748,scr2005,avaConv,solar
AL,h0270,0.08628788573502014,scr2005,avaConv,solar
AL,h0271,0.21382794752378395,scr2005,avaConv,solar
AL,h0272,0.36888755979633375,scr2005,avaConv,solar
AL,h0273,0.5241720109858694,scr2005,avaConv,solar
AL,h0274,0.6625364855617759,scr2005,avaConv,solar
AL,h0275,0.7669177705583443,scr2005,avaConv,solar
AL,h0276,0.8105255100910072,scr2005,avaConv,solar
AL,h0277,0.7600339662576133,scr2005,avaConv,solar
AL,h0278,0.6418771380773057,scr2005,avaConv,solar
AL,h0279,0.4623414631069289,scr2005,avaConv,solar
AL,h0280,0.2596616605434099,scr2005,avaConv,solar
AL,h0281,0.09422897803280314,scr2005,avaConv,solar
AL,h0282,0.019263204585500352,scr2005,avaConv,solar
AL,h0283,0.0035776547012486342,scr2005,avaConv,solar
AL,h0284,0.003251432820708062,scr2005,avaConv,solar
AL,h0285,0.0,scr2005,avaConv,solar
AL,h0286,0.0,scr2005,avaConv,solar
AL,h0287,0.0,scr2005,avaConv,solar
AL,h0288,0.0,scr2005,avaConv,solar
AT,h0241,0.0,scr2005,avaConv,solar
AT,h0242,0.0,scr2005,avaConv,solar
AT,h0243,0.0,scr2005,avaConv,solar
AT,h0244,0.0,scr2005,avaConv,solar
AT,h0245,0.0027316983769652002,scr2005,avaConv,solar
AT,h0246,0.03159059747467922,scr2005,avaConv,solar
AT,h0247,0.13125408579706913,scr2005,avaConv,solar
AT,h0248,0.2864621284903481,scr2005,avaConv,solar
AT,h0249,0.45752424513277085,scr2005,avaConv,solar
AT,h0250,0.5868107060025891,scr2005,avaConv,solar
AT,h0251,0.6799006666855582,scr2005,avaConv,solar
AT,h0252,0.73308347062502,scr2005,avaConv,solar
AT,h0253,0.582872414949123,scr2005,avaConv,solar
AT,h0254,0.41639583228557325,scr2005,avaConv,solar
AT,h0255,0.23109972546137883,scr2005,avaConv,solar
AT,h0256,0.17584239773780094,scr2005,avaConv,solar
AT,h0257,0.10225955301998416,scr2005,avaConv,solar
AT,h0258,0.04498907924269419,scr2005,avaConv,solar
AT,h0259,0.011219467601901364,scr2005,avaConv,solar
AT,h0260,0.0016429775146225526,scr2005,avaConv,solar
AT,h0261,0.0,scr2005,avaConv,solar
AT,h0262,0.0,scr2005,avaConv,solar
AT,h0263,0.0,scr2005,avaConv,solar
AT,h0264,0.0,scr2005,avaConv,solar
AT,h0265,0.0,scr2005,avaConv,solar
AT,h0266,0.0,scr2005,avaConv,solar
AT,h0267,0.0,scr2005,avaConv,solar
AT,h0268,0.0,scr2005,avaConv,solar
AT,h0269,0.0042667862285067784,scr2005,avaConv,solar
AT,h0270,0.022396781005715332,scr2005,avaConv,solar
AT,h0271,0.12212671492240468,scr2005,avaConv,solar
AT,h0272,0.27220636771580037,scr2005,avaConv,solar
AT,h0273,0.45002500405391094,scr2005,avaConv,solar
AT,h0274,0.553103111075959,scr2005,avaConv,solar
AT,h0275,0.6332553751834746,scr2005,avaConv,solar
AT,h0276,0.6681306025636023,scr2005,avaConv,solar
AT,h0277,0.6142031195047832,scr2005,avaConv,solar
AT,h0278,0.5137519174724333,scr2005,avaConv,solar
AT,h0279,0.39224051833809925,scr2005,avaConv,solar
AT,h0280,0.2909764720458093,scr2005,avaConv,solar
AT,h0281,0.1639907802521787,scr2005,avaConv,solar
AT,h0282,0.06268031374428817,scr2005,avaConv,solar
AT,h0283,0.011597050130201259,scr2005,avaConv,solar
AT,h0284,0.0016555557118977883,scr2005,avaConv,solar
AT,h0285,0.000796458869326852,scr2005,avaConv,solar
AT,h0286,0.0,scr2005,avaConv,solar
AT,h0287,0.0,scr2005,avaConv,solar
AT,h0288,0.0,scr2005,avaConv,solar
BA,h0241,0.0,scr2005,avaConv,solar
BA,h0242,0.0,scr2005,avaConv,solar
BA,h0243,0.0,scr2005,avaConv,solar
BA,h0244,0.0,scr2005,avaConv,solar
BA,h0245,0.003409366581689663,scr2005,avaConv,solar
BA,h0246,0.021146483977466574,scr2005,avaConv,solar
BA,h0247,0.09601037972142915,scr2005,avaConv,solar
BA,h0248,0.2132284082187249,scr2005,avaConv,solar
BA,h0249,0.3580223884809374,scr2005,avaConv,solar
BA,h0250,0.4735472755409819,scr2005,avaConv,solar
BA,h0251,0.5646399385476311,scr2005,avaConv,solar
BA,h0252,0.6174996359073475,scr2005,avaConv,solar
BA,h0253,0.5516070088771998,scr2005,avaConv,solar
BA,h0254,0.4361060779024979,scr2005,avaConv,solar
BA,h0255,0.29229090491407494,scr2005,avaConv,solar
BA,h0256,0.1857428006178095,scr2005,avaConv,solar
BA,h0257,0.08592723572644655,scr2005,avaConv,solar
BA,h0258,0.030415506930702253,scr2005,avaConv,solar
BA,h0259,0.006879295065590866,scr2005,avaConv,solar
BA,h0260,0.006394029867819875,scr2005,avaConv,solar
BA,h0261,0.0,scr2005,avaConv,solar
BA,h0262,0.0,scr2005,avaConv,solar
BA,h0263,0.0,scr2005,avaConv,solar
BA,h0264,0.0,scr2005,avaConv,solar
BA,h0265,0.0,scr2005,avaConv,solar
BA,h0266,0.0,scr2005,avaConv,solar
BA,h0267,0.0,scr2005,avaConv,solar
BA,h0268,0.0,scr2005,avaConv,solar
BA,h0269,0.010970953417661437,scr2005,avaConv,solar
BA,h0270,0.04729994175721947,scr2005,avaConv,solar
BA,h0271,0.1663874139706521,scr2005,avaConv,solar
BA,h0272,0.3275177950694091,scr2005,avaConv,solar
BA,h0273,0.5123342469215875,scr2005,avaConv,solar
BA,h0274,0.642750850647878,scr2005,avaConv,solar
BA,h0275,0.7405741608517135,scr2005,avaConv,solar
BA,h0276,0.7714662815854307,scr2005,avaConv,solar
BA,h0277,0.6826534709978095,scr2005,avaConv,solar
BA,h0278,0.5482078089180384,scr2005,avaConv,solar
BA,h0279,0.38324562707544046,scr2005,avaConv,solar
BA,h0280,0.24571329268183456,scr2005,avaConv,solar
BA,h0281,0.1080754403638657,scr2005,avaConv,solar
BA,h0282,0.0337778583048591,scr2005,avaConv,solar
BA,h0283,0.005369103115731101,scr2005,avaConv,solar
BA,h0284,0.003976603923610142,scr2005,avaConv,solar
BA,h0285,0.0,scr2005,avaConv,solar
BA,h0286,0.0,scr2005,avaConv,solar
BA,h0287,0.0,scr2005,avaConv,solar
BA,h0288,0.0,scr2005,avaConv,solar
BE,h0241,0.0,scr2005,avaConv,solar
BE,h0242,0.0,scr2005,avaConv,solar
BE,h0243,0.0,scr2005,avaConv,solar
BE,h0244,0.0,scr2005,avaConv,solar
BE,h0245,0.0003640926501095812,scr2005,avaConv,solar
BE,h0246,0.02317266198970371,scr2005,avaConv,solar
BE,h0247,0.049985672817917354,scr2005,avaConv,solar
BE,h0248,0.1115838298410342,scr2005,avaConv,solar
BE,h0249,0.1524317341669328,scr2005,avaConv,solar
BE,h0250,0.24208777050276534,scr2005,avaConv,solar
BE,h0251,0.32704587804219903,scr2005,avaConv,solar
BE,h0252,0.43950793467918686,scr2005,avaConv,solar
BE,h0253,0.6030024843388965,scr2005,avaConv,solar
BE,h0254,0.7112270593109405,scr2005,avaConv,solar
BE,h0255,0.7046370929353519,scr2005,avaConv,solar
BE,h0256,0.5434525901421053,scr2005,avaConv,solar
BE,h0257,0.3268757219692754,scr2005,avaConv,solar
BE,h0258,0.14086180115746177,scr2005,avaConv,solar
BE,h0259,0.04585557417618943,scr2005,avaConv,solar
BE,h0260,0.010078416000780807,scr2005,avaConv,solar
BE,h0261,0.008289688644896494,scr2005,avaConv,solar
BE,h0262,0.0,scr2005,avaConv,solar
BE,h0263,0.0,scr2005,avaConv,solar
BE,h0264,0.0,scr2005,avaConv,solar
BE,h0265,0.0,scr2005,avaConv,solar
BE,h0266,0.0,scr2005,avaConv,solar
BE,h0267,0.0,scr2005,avaConv,solar
BE,h0268,0.0,scr2005,avaConv,solar
BE,h0269,0.0013794972715316916,scr2005,avaConv,solar
BE,h0270,0.02132496905161139,scr2005,avaConv,solar
BE,h0271,0.05212023505019523,scr2005,avaConv,solar
BE,h0272,0.10813239082654941,scr2005,avaConv,solar
BE,h0273,0.16600601063925693,scr2005,avaConv,solar
BE,h0274,0.23901056118542494,scr2005,avaConv,solar
BE,h0275,0.3188165272519669,scr2005,avaConv,solar
BE,h0276,0.38826771374391617,scr2005,avaConv,solar
BE,h0277,0.43061265597955556,scr2005,avaConv,solar
BE,h0278,0.44315044033245693,scr2005,avaConv,solar
BE,h0279,0.43628099978960583,scr2005,avaConv,solar
BE,h0280,0.4024458920332383,scr2005,avaConv,solar
BE,h0281,0.29040093109413095,scr2005,avaConv,solar
BE,h0282,0.132591334849488,scr2005,avaConv,solar
BE,h0283,0.03196026253304068,scr2005,avaConv,solar
BE,h0284,0.0005195946881702898,scr2005,avaConv,solar
BE,h0285,0.0,scr2005,avaConv,solar
BE,h0286,0.0,scr2005,avaConv,solar
BE,h0287,0.0,scr2005,avaConv,solar
BE,h0288,0.0,scr2005,avaConv,solar
BG,h0241,0.0,scr2005,avaConv,solar
BG,h0242,0.0,scr2005,avaConv,solar
BG,h0243,0.0,scr2005,avaConv,solar
BG,h0244,0.00021684324114459456,scr2005,avaConv,solar
BG,h0245,0.016253046200179592,scr2005,avaConv,solar
BG,h0246,0.0715161918988822,scr2005,avaConv,solar
BG,h0247,0.20061211588768904,scr2005,avaConv,solar
BG,h0248,0.36285941974545277,scr2005,avaConv,solar
BG,h0249,0.5314729476724657,scr2005,avaConv,solar
BG,h0250,0.6583722550350971,scr2005,avaConv,solar
BG,h0251,0.7401148753273248,scr2005,avaConv,solar
BG,h0252,0.7490244275632278,scr2005,avaConv,solar
BG,h0253,0.6521935445572565,scr2005,avaConv,solar
BG,h0254,0.5038666623595214,scr2005,avaConv,solar
BG,h0255,0.3271813719196072,scr2005,avaConv,solar
BG,h0256,0.154404917391819,scr2005,avaConv,solar
BG,h0257,0.056753834108296874,scr2005,avaConv,solar
BG,h0258,0.007537849305035589,scr2005,avaConv,solar
BG,h0259,0.006233946322713237,scr2005,avaConv,solar
BG,h0260,0.0,scr2005,avaConv,solar
BG,h0261,0.0,scr2005,avaConv,solar
BG,h0262,0.0,scr2005,avaConv,solar
BG,h0263,0.0,scr2005,avaConv,solar
BG,h0264,0.0,scr2005,avaConv,solar
BG,h0265,0.0,scr2005,avaConv,solar
BG,h0266,0.0,scr2005,avaConv,solar
BG,h0267,0.0,scr2005,avaConv,solar
BG,h0268,0.0005733143022073,scr2005,avaConv,solar
BG,h0269,0.01307248010273214,scr2005,avaConv,solar
BG,h0270,0.049522703765131744,scr2005,avaConv,solar
BG,h0271,0.17749173513671862,scr2005,avaConv,solar
BG,h0272,0.3506714946365915,scr2005,avaConv,solar
BG,h0273,0.5519958011545836,scr2005,avaConv,solar
BG,h0274,0.6766438282698154,scr2005,avaConv,solar
BG,h0275,0.7573449323198563,scr2005,avaConv,solar
BG,h0276,0.7682453912654373,scr2005,avaConv,solar
BG,h0277,0.6217602058636919,scr2005,avaConv,solar
BG,h0278,0.4332933830801627,scr2005,avaConv,solar
BG,h0279,0.2439025650815738,scr2005,avaConv,solar
BG,h0280,0.12473591188264666,scr2005,avaConv,solar
BG,h0281,0.044404607465018245,scr2005,avaConv,solar
BG,h0282,0.005808336506476393,scr2005,avaConv,solar
BG,h0283,0.00046554257219078433,scr2005,avaConv,solar
BG,h0284,0.0,scr2005,avaConv,solar
BG,h0285,0.0,scr2005,avaConv,solar
BG,h0286,0.0,scr2005,avaConv,solar
BG,h0287,0.0,scr2005,avaConv,solar
BG,h0288,0.0,scr2005,avaConv,solar
CH,h0241,0.0,scr2005,avaConv,solar
CH,h0242,0.0,scr2005,avaConv,solar
CH,h0243,0.0,scr2005,avaConv,solar
CH,h0244,0.0,scr2005,avaConv,solar
CH,h0245,0.0007340140932389706,scr2005,avaConv,solar
CH,h0246,0.028073350114978097,scr2005,avaConv,solar
CH,h0247,0.0959923493613114,scr2005,avaConv,solar
CH,h0248,0.21105712658019796,scr2005,avaConv,solar
CH,h0249,0.2970921193011754,scr2005,avaConv,solar
CH,h0250,0.3512090436886007,scr2005,avaConv,solar
CH,h0251,0.36965968014245115,scr2005,avaConv,solar
CH,h0252,0.38005853539660134,scr2005,avaConv,solar
CH,h0253,0.3296238961646739,scr2005,avaConv,solar
CH,h0254,0.2630361471783149,scr2005,avaConv,solar
CH,h0255,0.18427476220702546,scr2005,avaConv,solar
CH,h0256,0.137578075105797,scr2005,avaConv,solar
CH,h0257,0.08639612049773134,scr2005,avaConv,solar
CH,h0258,0.03687169578249325,scr2005,avaConv,solar
CH,h0259,0.010155439368433545,scr2005,avaConv,solar
CH,h0260,0.00028082537220939987,scr2005,avaConv,solar
CH,h0261,0.0001423640961055455,scr2005,avaConv,solar
CH,h0262,0.0,scr2005,avaConv,solar
CH,h0263,0.0,scr2005,avaConv,solar
CH,h0264,0.0,scr2005,avaConv,solar
CH,h0265,0.0,scr2005,avaConv,solar
CH,h0266,0.0,scr2005,avaConv,solar
CH,h0267,0.0,scr2005,avaConv,solar
CH,h0268,0.0,scr2005,avaConv,solar
CH,h0269,0.0005330755898545858,scr2005,avaConv,solar
CH,h0270,0.008439898598909003,scr2005,avaConv,solar
CH,h0271,0.09120538549955216,scr2005,avaConv,solar
CH,h0272,0.23835287520610796,scr2005,avaConv,solar
CH,h0273,0.40481677815924055,scr2005,avaConv,solar
CH,h0274,0.5139950597211479,scr2005,avaConv,solar
CH,h0275,0.6094377540342504,scr2005,avaConv,solar
CH,h0276,0.7215680626174029,scr2005,avaConv,solar
CH,h0277,0.6589869462897343,scr2005,avaConv,solar
CH,h0278,0.5527484864379992,scr2005,avaConv,solar
CH,h0279,0.3983269112589695,scr2005,avaConv,solar
CH,h0280,0.30759024407919683,scr2005,avaConv,solar
CH,h0281,0.18445078344215535,scr2005,avaConv,solar
CH,h0282,0.06972822696859526,scr2005,avaConv,solar
CH,h0283,0.015830166491440863,scr2005,avaConv,solar
CH,h0284,0.0006181430514089933,scr2005,avaConv,solar
CH,h0285,0.0004399068184817543,scr2005,avaConv,solar
CH,h0286,0.0,scr2005,avaConv,solar
CH,h0287,0.0,scr2005,avaConv,solar
CH,h0288,0.0,scr2005,avaConv,solar
CZ,h0241,0.0,scr2005,avaConv,solar
CZ,h0242,0.0,scr2005,avaConv,solar
CZ,h0243,0.0,scr2005,avaConv,solar
CZ,h0244,0.0,scr2005,avaConv,solar
CZ,h0245,0.015496162012983228,scr2005,avaConv,solar
CZ,h0246,0.07486712252159194,scr2005,avaConv,solar
CZ,h0247,0.17888145332509192,scr2005,avaConv,solar
CZ,h0248,0.31024639934502724,scr2005,avaConv,solar
CZ,h0249,0.4386784774678848,scr2005,avaConv,solar
CZ,h0250,0.5649825200986968,scr2005,avaConv,solar
CZ,h0251,0.6600101429097884,scr2005,avaConv,solar
CZ,h0252,0.7072526070253773,scr2005,avaConv,solar
CZ,h0253,0.6677388764912349,scr2005,avaConv,solar
CZ,h0254,0.5582299154789826,scr2005,avaConv,solar
CZ,h0255,0.40988347312298645,scr2005,avaConv,solar
CZ,h0256,0.26183918081712765,scr2005,avaConv,solar
CZ,h0257,0.12091781497728152,scr2005,avaConv,solar
CZ,h0258,0.04331595365891924,scr2005,avaConv,solar
CZ,h0259,0.00720535215834807,scr2005,avaConv,solar
CZ,h0260,0.005609555594894217,scr2005,avaConv,solar
CZ,h0261,0.0,scr2005,avaConv,solar
CZ,h0262,0.0,scr2005,avaConv,solar
CZ,h0263,0.0,scr2005,avaConv,solar
CZ,h0264,0.0,scr2005,avaConv,solar
CZ,h0265,0.0,scr2005,avaConv,solar
CZ,h0266,0.0,scr2005,avaConv,solar
CZ,h0267,0.0,scr2005,avaConv,solar
CZ,h0268,0.00047066603819595634,scr2005,avaConv,solar
CZ,h0269,0.01823394255045272,scr2005,avaConv,solar
CZ,h0270,0.07245185534327371,scr2005,avaConv,solar
CZ,h0271,0.19298396566400824,scr2005,avaConv,solar
CZ,h0272,0.3408323661053875,scr2005,avaConv,solar
CZ,h0273,0.4861452359888875,scr2005,avaConv,solar
CZ,h0274,0.5918373881860476,scr2005,avaConv,solar
CZ,h0275,0.6729472332474766,scr2005,avaConv,solar
CZ,h0276,0.7158554696291437,scr2005,avaConv,solar
CZ,h0277,0.6404468230739087,scr2005,avaConv,solar
CZ,h0278,0.5232357006221559,scr2005,avaConv,solar
CZ,h0279,0.3695584410645061,scr2005,avaConv,solar
CZ,h0280,0.2587259348578848,scr2005,avaConv,solar
CZ,h0281,0.1249777632739458,scr2005,avaConv,solar
CZ,h0282,0.0426040201530022,scr2005,avaConv,solar
CZ,h0283,0.005451747410893766,scr2005,avaConv,solar
CZ,h0284,0.0018239870901502206,scr2005,avaConv,solar
CZ,h0285,0.0005447793389693978,scr2005,avaConv,solar
CZ,h0286,0.0,scr2005,avaConv,solar
CZ,h0287,0.0,scr2005,avaConv,solar
CZ,h0288,0.0,scr2005,avaConv,solar
DE,h0241,0.0,scr2005,avaConv,solar
DE,h0242,0.0,scr2005,avaConv,solar
DE,h0243,0.0,scr2005,avaConv,solar
DE,h0244,0.0,scr2005,avaConv,solar
DE,h0245,0.007786912236081441,scr2005,avaConv,solar
DE,h0246,0.053950702889503835,scr2005,avaConv,solar
DE,h0247,0.11920762269978943,scr2005,avaConv,solar
DE,h0248,0.21050772369204346,scr2005,avaConv,solar
DE,h0249,0.28048763435687574,scr2005,avaConv,solar
DE,h0250,0.3676124305682271,scr2005,avaConv,solar
DE,h0251,0.421731254563121,scr2005,avaConv,solar
DE,h0252,0.4574284108070793,scr2005,avaConv,solar
DE,h0253,0.5052145510535896,scr2005,avaConv,solar
DE,h0254,0.5199379673799491,scr2005,avaConv,solar
DE,h0255,0.4827508842012302,scr2005,avaConv,solar
DE,h0256,0.35312140249513146,scr2005,avaConv,solar
DE,h0257,0.18837781442959575,scr2005,avaConv,solar
DE,h0258,0.06689200982280108,scr2005,avaConv,solar
DE,h0259,0.009926799807104552,scr2005,avaConv,solar
DE,h0260,0.0012512143139487598,scr2005,avaConv,solar
DE,h0261,0.00041385324963108457,scr2005,avaConv,solar
DE,h0262,0.0,scr2005,avaConv,solar
DE,h0263,0.0,scr2005,avaConv,solar
DE,h0264,0.0,scr2005,avaConv,solar
DE,h0265,0.0,scr2005,avaConv,solar
DE,h0266,0.0,scr2005,avaConv,solar
DE,h0267,0.0,scr2005,avaConv,solar
DE,h0268,0.0,scr2005,avaConv,solar
DE,h0269,0.002780721650403785,scr2005,avaConv,solar
DE,h0270,0.016480685311798374,scr2005,avaConv,solar
DE,h0271,0.11038744080137958,scr2005,avaConv,solar
DE,h0272,0.26500912807432664,scr2005,avaConv,solar
DE,h0273,0.45970015548071086,scr2005,avaConv,solar
DE,h0274,0.579395078733691,scr2005,avaConv,solar
DE,h0275,0.6730372600934262,scr2005,avaConv,solar
DE,h0276,0.7356998369654915,scr2005,avaConv,solar
DE,h0277,0.7306855827441867,scr2005,avaConv,solar
DE,h0278,0.6620018309052322,scr2005,avaConv,solar
DE,h0279,0.5395047975828974,scr2005,avaConv,solar
DE,h0280,0.38925579359170487,scr2005,avaConv,solar
DE,h0281,0.20815687918981843,scr2005,avaConv,solar
DE,h0282,0.07152881146218121,scr2005,avaConv,solar
DE,h0283,0.011938377949809805,scr2005,avaConv,solar
DE,h0284,0.0021017878825861573,scr2005,avaConv,solar
DE,h0285,0.0018718069691465687,scr2005,avaConv,solar
DE,h0286,0.0,scr2005,avaConv,solar
DE,h0287,0.0,scr2005,avaConv,solar
DE,h0288,0.0,scr2005,avaConv,solar
DK,h0241,0.0,scr2005,avaConv,solar
DK,h0242,0.0,scr2005,avaConv,solar
DK,h0243,0.0,scr2005,avaConv,solar
DK,h0244,0.0,scr2005,avaConv,solar
DK,h0245,0.006550659948346827,scr2005,avaConv,solar
DK,h0246,0.031874236304934134,scr2005,avaConv,solar
DK,h0247,0.1022194502344546,scr2005,avaConv,solar
DK,h0248,0.2036613470503695,scr2005,avaConv,solar
DK,h0249,0.3288787095400542,scr2005,avaConv,solar
DK,h0250,0.4478386504027547,scr2005,avaConv,solar
DK,h0251,0.5533297116928191,scr2005,avaConv,solar
DK,h0252,0.614127359551152,scr2005,avaConv,solar
DK,h0253,0.5691452252126005,scr2005,avaConv,solar
DK,h0254,0.492289086723184,scr2005,avaConv,solar
DK,h0255,0.39707944149053115,scr2005,avaConv,solar
DK,h0256,0.32185043325772766,scr2005,avaConv,solar
DK,h0257,0.2049272822514476,scr2005,avaConv,solar
DK,h0258,0.09121719445240471,scr2005,avaConv,solar
DK,h0259,0.0281042246391064,scr2005,avaConv,solar
DK,h0260,0.006750642736608459,scr2005,avaConv,solar
DK,h0261,0.004361575275716462,scr2005,avaConv,solar
DK,h0262,0.0,scr2005,avaConv,solar
DK,h0263,0.0,scr2005,avaConv,solar
DK,h0264,0.0,scr2005,avaConv,solar
DK,h0265,0.0,scr2005,avaConv,solar
DK,h0266,0.0,scr2005,avaConv,solar
DK,h0267,0.0,scr2005,avaConv,solar
DK,h0268,0.0012834100261475386,scr2005,avaConv,solar
DK,h0269,0.01883058622137189,scr2005,avaConv,solar
DK,h0270,0.06691988441637642,scr2005,avaConv,solar
DK,h0271,0.1746146525331544,scr2005,avaConv,solar
DK,h0272,0.31411331766447914,scr2005,avaConv,solar
DK,h0273,0.4688464088209584,scr2005,avaConv,solar
DK,h0274,0.5970685835819637,scr2005,avaConv,solar
DK,h0275,0.7032144760778862,scr2005,avaConv,solar
DK,h0276,0.7711016523764381,scr2005,avaConv,solar
DK,h0277,0.7583205918126267,scr2005,avaConv,solar
DK,h0278,0.6893608886051531,scr2005,avaConv,solar
DK,h0279,0.572216105632953,scr2005,avaConv,solar
DK,h0280,0.44668228794367804,scr2005,avaConv,solar
DK,h0281,0.2800857579022785,scr2005,avaConv,solar
DK,h0282,0.12491208727776681,scr2005,avaConv,solar
DK,h0283,0.03359272749717327,scr2005,avaConv,solar
DK,h0284,0.004674885545988755,scr2005,avaConv,solar
DK,h0285,0.0037144303141100864,scr2005,avaConv,solar
DK,h0286,0.00040499550198946313,scr2005,avaConv,solar
DK,h0287,0.0,scr2005,avaConv,solar
DK,h0288,0.0,scr2005,avaConv,solar
EE,h0241,0.0,scr2005,avaConv,solar
EE,h0242,0.0,scr2005,avaConv,solar
EE,h0243,0.00029883151116798495,scr2005,avaConv,solar
EE,h0244,0.018430751367335883,scr2005,avaConv,solar
EE,h0245,0.07535672978987486,scr2005,avaConv,solar
EE,h0246,0.1746659277889011,scr2005,avaConv,solar
EE,h0247,0.2313206990682144,scr2005,avaConv,solar
EE,h0248,0.26402675608806747,scr2005,avaConv,solar
EE,h0249,0.2646197505502458,scr2005,avaConv,solar
EE,h0250,0.28360316687367854,scr2005,avaConv,solar
EE,h0251,0.27367535075507254,scr2005,avaConv,solar
EE,h0252,0.241315556091569,scr2005,avaConv,solar
EE,h0253,0.26504404811467486,scr2005,avaConv,solar
EE,h0254,0.2563686174713791,scr2005,avaConv,solar
EE,h0255,0.23310138625127538,scr2005,avaConv,solar
EE,h0256,0.13245592434726153,scr2005,avaConv,solar
EE,h0257,0.06074218665043257,scr2005,avaConv,solar
EE,h0258,0.019573273608710938,scr2005,avaConv,solar
EE,h0259,0.004515046058804268,scr2005,avaConv,solar
EE,h0260,0.0020171460551777036,scr2005,avaConv,solar
EE,h0261,0.0008196001535305026,scr2005,avaConv,solar
EE,h0262,0.0,scr2005,avaConv,solar
EE,h0263,0.0,scr2005,avaConv,solar
EE,h0264,0.0,scr2005,avaConv,solar
EE,h0265,0.0,scr2005,avaConv,solar
EE,h0266,0.0,scr2005,avaConv,solar
EE,h0267,0.003544531321727568,scr2005,avaConv,solar
EE,h0268,0.03010092375552925,scr2005,avaConv,solar
EE,h0269,0.09535692975523484,scr2005,avaConv,solar
EE,h0270,0.20146262831236444,scr2005,avaConv,solar
EE,h0271,0.3227523548451885,scr2005,avaConv,solar
EE,h0272,0.4538460173551019,scr2005,avaConv,solar
EE,h0273,0.5772807627560327,scr2005,avaConv,solar
EE,h0274,0.6873724588295311,scr2005,avaConv,solar
EE,h0275,0.7569225852266889,scr2005,avaConv,solar
EE,h0276,0.7784320965584135,scr2005,avaConv,solar
EE,h0277,0.723076969182228,scr2005,avaConv,solar
EE,h0278,0.6167389891595283,scr2005,avaConv,solar
EE,h0279,0.4727167287074472,scr2005,avaConv,solar
EE,h0280,0.3067866814083164,scr2005,avaConv,solar
EE,h0281,0.1418584954018442,scr2005,avaConv,solar
EE,h0282,0.036411663794503286,scr2005,avaConv,solar
EE,h0283,0.0029404555832526205,scr2005,avaConv,solar
EE,h0284,0.0019675798824257016,scr2005,avaConv,solar
EE,h0285,0.0019675798824257016,scr2005,avaConv,solar
EE,h0286,0.0,scr2005,avaConv,solar
EE,h0287,0.0,scr2005,avaConv,solar
EE,h0288,0.0,scr2005,avaConv,solar
ES,h0241,0.0,scr2005,avaConv,solar
ES,h0242,0.0,scr2005,avaConv,solar
ES,h0243,0.0,scr2005,avaConv,solar
ES,h0244,0.0,scr2005,avaConv,solar
ES,h0245,0.0,scr2005,avaConv,solar
ES,h0246,0.0019169060254354607,scr2005,avaConv,solar
ES,h0247,0.0277240112500005,scr2005,avaConv,solar
ES,h0248,0.09900796182721162,scr2005,avaConv,solar
ES,h0249,0.2187989471093035,scr2005,avaConv,solar
ES,h0250,0.3523893677339726,scr2005,avaConv,solar
ES,h0251,0.47855953686006186,scr2005,avaConv,solar
ES,h0252,0.5800985958374256,scr2005,avaConv,solar
ES,h0253,0.6954476392828399,scr2005,avaConv,solar
ES,h0254,0.7488470860132932,scr2005,avaConv,solar
ES,h0255,0.7338663316400974,scr2005,avaConv,solar
ES,h0256,0.5957744225319399,scr2005,avaConv,solar
ES,h0257,0.39800530066428186,scr2005,avaConv,solar
ES,h0258,0.18382271182519966,scr2005,avaConv,solar
ES,h0259,0.07124443102800561,scr2005,avaConv,solar
ES,h0260,0.01617807429130139,scr2005,avaConv,solar
ES,h0261,0.01497590155703577,scr2005,avaConv,solar
ES,h0262,0.0,scr2005,avaConv,solar
ES,h0263,0.0,scr2005,avaConv,solar
ES,h0264,0.0,scr2005,avaConv,solar
ES,h0265,0.0,scr2005,avaConv,solar
ES,h0266,0.0,scr2005,avaConv,solar
ES,h0267,0.0,scr2005,avaConv,solar
ES,h0268,0.0,scr2005,avaConv,solar
ES,h0269,0.0,scr2005,avaConv,solar
ES,h0270,0.004486176696512735,scr2005,avaConv,solar
ES,h0271,0.03786278843984976,scr2005,avaConv,solar
ES,h0272,0.1132871806271256,scr2005,avaConv,solar
ES,h0273,0.22732107431813164,scr2005,avaConv,solar
ES,h0274,0.3393415404492008,scr2005,avaConv,solar
ES,h0275,0.44093760236373297,scr2005,avaConv,solar
ES,h0276,0.5199177880703406,scr2005,avaConv,solar
ES,h0277,0.5375418006646412,scr2005,avaConv,solar
ES,h0278,0.5036788688598486,scr2005,avaConv,solar
ES,h0279,0.421463760845294,scr2005,avaConv,solar
ES,h0280,0.3327984896007461,scr2005,avaConv,solar
ES,h0281,0.22572588782434636,scr2005,avaConv,solar
ES,h0282,0.11524342112995234,scr2005,avaConv,solar
ES,h0283,0.04893307766925552,scr2005,avaConv,solar
ES,h0284,0.01267800844216565,scr2005,avaConv,solar
ES,h0285,0.0063981804440616154,scr2005,avaConv,solar
ES,h0286,0.0,scr2005,avaConv,solar
ES,h0287,0.0,scr2005,avaConv,solar
ES,h0288,0.0,scr2005,avaConv,solar
FI,h0241,0.0,scr2005,avaConv,solar
FI,h0242,0.0,scr2005,avaConv,solar
FI,h0243,0.001789539676737376,scr2005,avaConv,solar
FI,h0244,0.0193971701168732,scr2005,avaConv,solar
FI,h0245,0.07176707199307084,scr2005,avaConv,solar
FI,h0246,0.16350413660996949,scr2005,avaConv,solar
FI,h0247,0.28457185227832243,scr2005,avaConv,solar
FI,h0248,0.4106593587926916,scr2005,avaConv,solar
FI,h0249,0.5319489864373009,scr2005,avaConv,solar
FI,h0250,0.6189556174317172,scr2005,avaConv,solar
FI,h0251,0.6719300445824992,scr2005,avaConv,solar
FI,h0252,0.6686604468907974,scr2005,avaConv,solar
FI,h0253,0.6802272816963741,scr2005,avaConv,solar
FI,h0254,0.6246598771838717,scr2005,avaConv,solar
FI,h0255,0.5192552259464818,scr2005,avaConv,solar
FI,h0256,0.3091260300356352,scr2005,avaConv,solar
FI,h0257,0.12608580059447833,scr2005,avaConv,solar
FI,h0258,0.028163903571304157,scr2005,avaConv,solar
FI,h0259,0.0030593033780879414,scr2005,avaConv,solar
FI,h0260,0.002513193154218569,scr2005,avaConv,solar
FI,h0261,0.002024552465274176,scr2005,avaConv,solar
FI,h0262,0.00016931080256922117,scr2005,avaConv,solar
FI,h0263,0.0,scr2005,avaConv,solar
FI,h0264,0.0,scr2005,avaConv,solar
FI,h0265,0.0,scr2005,avaConv,solar
FI,h0266,0.00013068288181994987,scr2005,avaConv,solar
FI,h0267,0.004985851670917781,scr2005,avaConv,solar
FI,h0268,0.029601057626605417,scr2005,avaConv,solar
FI,h0269,0.0904538232444046,scr2005,avaConv,solar
FI,h0270,0.18617664805145834,scr2005,avaConv,solar
FI,h0271,0.27090263620541916,scr2005,avaConv,solar
FI,h0272,0.35445169046518027,scr2005,avaConv,solar
FI,h0273,0.4257242380939979,scr2005,avaConv,solar
FI,h0274,0.5087200704515165,scr2005,avaConv,solar
FI,h0275,0.5611953771181752,scr2005,avaConv,solar
FI,h0276,0.577648550247032,scr2005,avaConv,solar
FI,h0277,0.5356186874359606,scr2005,avaConv,solar
FI,h0278,0.45720358237059927,scr2005,avaConv,solar
FI,h0279,0.3476550080971609,scr2005,avaConv,solar
FI,h0280,0.22874714992891673,scr2005,avaConv,solar
FI,h0281,0.11178673061355927,scr2005,avaConv,solar
FI,h0282,0.03651684381525796,scr2005,avaConv,solar
FI,h0283,0.007704406443994364,scr2005,avaConv,solar
FI,h0284,0.0025993539368562002,scr2005,avaConv,solar
FI,h0285,0.001328120607685333,scr2005,avaConv,solar
FI,h0286,0.00034189419930237205,scr2005,avaConv,solar
FI,h0287,0.0,scr2005,avaConv,solar
FI,h0288,0.0,scr2005,avaConv,solar
FR,h0241,0.0,scr2005,avaConv,solar
FR,h0242,0.0,scr2005,avaConv,solar
FR,h0243,0.0,scr2005,avaConv,solar
FR,h0244,0.0,scr2005,avaConv,solar
FR,h0245,0.0,scr2005,avaConv,solar
FR,h0246,0.0163075589084717,scr2005,avaConv,solar
FR,h0247,0.03876351347109087,scr2005,avaConv,solar
FR,h0248,0.08719604502531401,scr2005,avaConv,solar
FR,h0249,0.13702321050119803,scr2005,avaConv,solar
FR,h0250,0.22182363006013284,scr2005,avaConv,solar
FR,h0251,0.3107496457128044,scr2005,avaConv,solar
FR,h0252,0.39021204969445433,scr2005,avaConv,solar
FR,h0253,0.5158529598077111,scr2005,avaConv,solar
FR,h0254,0.5895162187929551,scr2005,avaConv,solar
FR,h0255,0.5941007151313799,scr2005,avaConv,solar
FR,h0256,0.45060388899018694,scr2005,avaConv,solar
FR,h0257,0.2644693620044083,scr2005,avaConv,solar
FR,h0258,0.10980560158990887,scr2005,avaConv,solar
FR,h0259,0.03095138564064157,scr2005,avaConv,solar
FR,h0260,0.006803054311380435,scr2005,avaConv,solar
FR,h0261,0.0035594792220009965,scr2005,avaConv,solar
FR,h0262,0.0,scr2005,avaConv,solar
FR,h0263,0.0,scr2005,avaConv,solar
FR,h0264,0.0,scr2005,avaConv,solar
FR,h0265,0.0,scr2005,avaConv,solar
FR,h0266,0.0,scr2005,avaConv,solar
FR,h0267,0.0,scr2005,avaConv,solar
FR,h0268,0.0,scr2005,avaConv,solar
FR,h0269,0.00024341964485506478,scr2005,avaConv,solar
FR,h0270,0.015226520580340672,scr2005,avaConv,solar
FR,h0271,0.05720091624367813,scr2005,avaConv,solar
FR,h0272,0.13844428610080414,scr2005,avaConv,solar
FR,h0273,0.24099623336926282,scr2005,avaConv,solar
FR,h0274,0.3539340523943018,scr2005,avaConv,solar
FR,h0275,0.4518604571965698,scr2005,avaConv,solar
FR,h0276,0.5134177087287295,scr2005,avaConv,solar
FR,h0277,0.5888786344049678,scr2005,avaConv,solar
FR,h0278,0.6052141496396178,scr2005,avaConv,solar
FR,h0279,0.5689242564809749,scr2005,avaConv,solar
FR,h0280,0.4263280388504826,scr2005,avaConv,solar
FR,h0281,0.25999939144374773,scr2005,avaConv,solar
FR,h0282,0.11169536678831328,scr2005,avaConv,solar
FR,h0283,0.034669494581181896,scr2005,avaConv,solar
FR,h0284,0.00768823357848602,scr2005,avaConv,solar
FR,h0285,0.004731252794090896,scr2005,avaConv,solar
FR,h0286,0.0001981207989320189,scr2005,avaConv,solar
FR,h0287,0.0,scr2005,avaConv,solar
FR,h0288,0.0,scr2005,avaConv,solar
GR,h0241,0.0,scr2005,avaConv,solar
GR,h0242,0.0,scr2005,avaConv,solar
GR,h0243,0.0,scr2005,avaConv,solar
GR,h0244,0.00025311322576196925,scr2005,avaConv,solar
GR,h0245,0.023972327230915396,scr2005,avaConv,solar
GR,h0246,0.09893221632578787,scr2005,avaConv,solar
GR,h0247,0.24602178136681713,scr2005,avaConv,solar
GR,h0248,0.41935461764227583,scr2005,avaConv,solar
GR,h0249,0.5840648059846547,scr2005,avaConv,solar
GR,h0250,0.7049978912677705,scr2005,avaConv,solar
GR,h0251,0.7754658913749074,scr2005,avaConv,solar
GR,h0252,0.7870411175151999,scr2005,avaConv,solar
GR,h0253,0.7083174098831132,scr2005,avaConv,solar
GR,h0254,0.5707442341118861,scr2005,avaConv,solar
GR,h0255,0.3768339098151136,scr2005,avaConv,solar
GR,h0256,0.1802074113721876,scr2005,avaConv,solar
GR,h0257,0.06806186766947049,scr2005,avaConv,solar
GR,h0258,0.011718844683641491,scr2005,avaConv,solar
GR,h0259,0.01114933336567056,scr2005,avaConv,solar
GR,h0260,0.0,scr2005,avaConv,solar
GR,h0261,0.0,scr2005,avaConv,solar
GR,h0262,0.0,scr2005,avaConv,solar
GR,h0263,0.0,scr2005,avaConv,solar
GR,h0264,0.0,scr2005,avaConv,solar
GR,h0265,0.0,scr2005,avaConv,solar
GR,h0266,0.0,scr2005,avaConv,solar
GR,h0267,0.0,scr2005,avaConv,solar
GR,h0268,0.0012840234392893495,scr2005,avaConv,solar
GR,h0269,0.02953887211698681,scr2005,avaConv,solar
GR,h0270,0.10604011883476164,scr2005,avaConv,solar
GR,h0271,0.24695992821073223,scr2005,avaConv,solar
GR,h0272,0.40674005507298067,scr2005,avaConv,solar
GR,h0273,0.5601791485699342,scr2005,avaConv,solar
GR,h0274,0.674731042283704,scr2005,avaConv,solar
GR,h0275,0.7410987852349821,scr2005,avaConv,solar
GR,h0276,0.750830366528938,scr2005,avaConv,solar
GR,h0277,0.6933548995001831,scr2005,avaConv,solar
GR,h0278,0.5757605438576804,scr2005,avaConv,solar
GR,h0279,0.398512126249914,scr2005,avaConv,solar
GR,h0280,0.19248622207100774,scr2005,avaConv,solar
GR,h0281,0.07687016549646884,scr2005,avaConv,solar
GR,h0282,0.015326185325394148,scr2005,avaConv,solar
GR,h0283,0.01427962101196447,scr2005,avaConv,solar
GR,h0284,0.0,scr2005,avaConv,solar
GR,h0285,0.0,scr2005,avaConv,solar
GR,h0286,0.0,scr2005,avaConv,solar
GR,h0287,0.0,scr2005,avaConv,solar
GR,h0288,0.0,scr2005,avaConv,solar
HR,h0241,0.0,scr2005,avaConv,solar
HR,h0242,0.0,scr2005,avaConv,solar
HR,h0243,0.0,scr2005,avaConv,solar
HR,h0244,0.0,scr2005,avaConv,solar
HR,h0245,0.009751228352254736,scr2005,avaConv,solar
HR,h0246,0.04829526811506286,scr2005,avaConv,solar
HR,h0247,0.13133144271649097,scr2005,avaConv,solar
HR,h0248,0.24975263804208253,scr2005,avaConv,solar
HR,h0249,0.378588649330591,scr2005,avaConv,solar
HR,h0250,0.4955302045806118,scr2005,avaConv,solar
HR,h0251,0.5807901299696123,scr2005,avaConv,solar
HR,h0252,0.6225284502972657,scr2005,avaConv,solar
HR,h0253,0.5274300811531465,scr2005,avaConv,solar
HR,h0254,0.4043165672951651,scr2005,avaConv,solar
HR,h0255,0.25594199619431623,scr2005,avaConv,solar
HR,h0256,0.1757159086437536,scr2005,avaConv,solar
HR,h0257,0.08617233994555437,scr2005,avaConv,solar
HR,h0258,0.031238678622432133,scr2005,avaConv,solar
HR,h0259,0.0055351270317047785,scr2005,avaConv,solar
HR,h0260,0.00330085228330885,scr2005,avaConv,solar
HR,h0261,0.0,scr2005,avaConv,solar
HR,h0262,0.0,scr2005,avaConv,solar
HR,h0263,0.0,scr2005,avaConv,solar
HR,h0264,0.0,scr2005,avaConv,solar
HR,h0265,0.0,scr2005,avaConv,solar
HR,h0266,0.0,scr2005,avaConv,solar
HR,h0267,0.0,scr2005,avaConv,solar
HR,h0268,0.0,scr2005,avaConv,solar
HR,h0269,0.014108995226423351,scr2005,avaConv,solar
HR,h0270,0.05740876814977092,scr2005,avaConv,solar
HR,h0271,0.17875611231956748,scr2005,avaConv,solar
HR,h0272,0.3362384562040701,scr2005,avaConv,solar
HR,h0273,0.5081014029682728,scr2005,avaConv,solar
HR,h0274,0.6302101752456033,scr2005,avaConv,solar
HR,h0275,0.7194526138567636,scr2005,avaConv,solar
HR,h0276,0.7564077072083282,scr2005,avaConv,solar
HR,h0277,0.6927754221762104,scr2005,avaConv,solar
HR,h0278,0.5844876791531844,scr2005,avaConv,solar
HR,h0279,0.4326495177828282,scr2005,avaConv,solar
HR,h0280,0.2919109982846135,scr2005,avaConv,solar
HR,h0281,0.1393155130048767,scr2005,avaConv,solar
HR,h0282,0.053244426522835606,scr2005,avaConv,solar
HR,h0283,0.012450046361824658,scr2005,avaConv,solar
HR,h0284,0.009963761622319026,scr2005,avaConv,solar
HR,h0285,0.0,scr2005,avaConv,solar
HR,h0286,0.0,scr2005,avaConv,solar
HR,h0287,0.0,scr2005,avaConv,solar
HR,h0288,0.0,scr2005,avaConv,solar
HU,h0241,0.0,scr2005,avaConv,solar
HU,h0242,0.0,scr2005,avaConv,solar
HU,h0243,0.0,scr2005,avaConv,solar
HU,h0244,0.0,scr2005,avaConv,solar
HU,h0245,0.003766504428353326,scr2005,avaConv,solar
HU,h0246,0.0222164862090073,scr2005,avaConv,solar
HU,h0247,0.09810287490953597,scr2005,avaConv,solar
HU,h0248,0.21979408346291326,scr2005,avaConv,solar
HU,h0249,0.3825994296086059,scr2005,avaConv,solar
HU,h0250,0.5122573844463348,scr2005,avaConv,solar
HU,h0251,0.6170913802677818,scr2005,avaConv,solar
HU,h0252,0.6704790465946756,scr2005,avaConv,solar
HU,h0253,0.5011411087136961,scr2005,avaConv,solar
HU,h0254,0.31764887004012693,scr2005,avaConv,solar
HU,h0255,0.14267158026515567,scr2005,avaConv,solar
HU,h0256,0.09811231509732601,scr2005,avaConv,solar
HU,h0257,0.045867366010312084,scr2005,avaConv,solar
HU,h0258,0.014068424262383191,scr2005,avaConv,solar
HU,h0259,0.0013845759889881324,scr2005,avaConv,solar
HU,h0260,0.0008358529993166964,scr2005,avaConv,solar
HU,h0261,0.0,scr2005,avaConv,solar
HU,h0262,0.0,scr2005,avaConv,solar
HU,h0263,0.0,scr2005,avaConv,solar
HU,h0264,0.0,scr2005,avaConv,solar
HU,h0265,0.0,scr2005,avaConv,solar
HU,h0266,0.0,scr2005,avaConv,solar
HU,h0267,0.0,scr2005,avaConv,solar
HU,h0268,0.0,scr2005,avaConv,solar
HU,h0269,0.006666838940115205,scr2005,avaConv,solar
HU,h0270,0.03421762085454591,scr2005,avaConv,solar
HU,h0271,0.14398142446578632,scr2005,avaConv,solar
HU,h0272,0.31152120382801296,scr2005,avaConv,solar
HU,h0273,0.4999468233375949,scr2005,avaConv,solar
HU,h0274,0.6101948743791095,scr2005,avaConv,solar
HU,h0275,0.6843245646198923,scr2005,avaConv,solar
HU,h0276,0.7271091839401824,scr2005,avaConv,solar
HU,h0277,0.5811218719173897,scr2005,avaConv,solar
HU,h0278,0.3937371775794716,scr2005,avaConv,solar
HU,h0279,0.2014676421696212,scr2005,avaConv,solar
HU,h0280,0.12886531814795152,scr2005,avaConv,solar
HU,h0281,0.06396690346684393,scr2005,avaConv,solar
HU,h0282,0.023777934987017288,scr2005,avaConv,solar
HU,h0283,0.004670251813071108,scr2005,avaConv,solar
HU,h0284,0.0014117473346736632,scr2005,avaConv,solar
HU,h0285,0.0,scr2005,avaConv,solar
HU,h0286,0.0,scr2005,avaConv,solar
HU,h0287,0.0,scr2005,avaConv,solar
HU,h0288,0.0,scr2005,avaConv,solar
IE,h0241,0.0,scr2005,avaConv,solar
IE,h0242,0.0,scr2005,avaConv,solar
IE,h0243,0.0,scr2005,avaConv,solar
IE,h0244,0.0,scr2005,avaConv,solar
IE,h0245,0.0,scr2005,avaConv,solar
IE,h0246,0.007318605908329482,scr2005,avaConv,solar
IE,h0247,0.04230498469450721,scr2005,avaConv,solar
IE,h0248,0.12497852526207077,scr2005,avaConv,solar
IE,h0249,0.23824388484583675,scr2005,avaConv,solar
IE,h0250,0.359415512801323,scr2005,avaConv,solar
IE,h0251,0.4627225817164872,scr2005,avaConv,solar
IE,h0252,0.5297220337931706,scr2005,avaConv,solar
IE,h0253,0.5369929984447126,scr2005,avaConv,solar
IE,h0254,0.5266259078478113,scr2005,avaConv,solar
IE,h0255,0.5112979254307789,scr2005,avaConv,solar
IE,h0256,0.4760442475582351,scr2005,avaConv,solar
IE,h0257,0.40180595214063475,scr2005,avaConv,solar
IE,h0258,0.26766078102917124,scr2005,avaConv,solar
IE,h0259,0.13822338111240226,scr2005,avaConv,solar
IE,h0260,0.05711846874500901,scr2005,avaConv,solar
IE,h0261,0.01887254295276346,scr2005,avaConv,solar
IE,h0262,0.01710264080360826,scr2005,avaConv,solar
IE,h0263,0.0,scr2005,avaConv,solar
IE,h0264,0.0,scr2005,avaConv,solar
IE,h0265,0.0,scr2005,avaConv,solar
IE,h0266,0.0,scr2005,avaConv,solar
IE,h0267,0.0,scr2005,avaConv,solar
IE,h0268,0.0,scr2005,avaConv,solar
IE,h0269,0.0,scr2005,avaConv,solar
IE,h0270,0.009610689678525595,scr2005,avaConv,solar
IE,h0271,0.048712497745378364,scr2005,avaConv,solar
IE,h0272,0.11778514092328729,scr2005,avaConv,solar
IE,h0273,0.20501423825541712,scr2005,avaConv,solar
IE,h0274,0.28897767704320526,scr2005,avaConv,solar
IE,h0275,0.3666748201012223,scr2005,avaConv,solar
IE,h0276,0.4363380526843886,scr2005,avaConv,solar
IE,h0277,0.5988790755585469,scr2005,avaConv,solar
IE,h0278,0.7261715122428904,scr2005,avaConv,solar
IE,h0279,0.7947075459279819,scr2005,avaConv,solar
IE,h0280,0.6971780032551536,scr2005,avaConv,solar
IE,h0281,0.5557051973936488,scr2005,avaConv,solar
IE,h0282,0.3736754425554888,scr2005,avaConv,solar
IE,h0283,0.1871036186866624,scr2005,avaConv,solar
IE,h0284,0.06582647990227566,scr2005,avaConv,solar
IE,h0285,0.013975582355554655,scr2005,avaConv,solar
IE,h0286,0.007941674930562467,scr2005,avaConv,solar
IE,h0287,0.00017620585293068205,scr2005,avaConv,solar
IE,h0288,0.0,scr2005,avaConv,solar
IT,h0241,0.0,scr2005,avaConv,solar
IT,h0242,0.0,scr2005,avaConv,solar
IT,h0243,0.0,scr2005,avaConv,solar
IT,h0244,0.0,scr2005,avaConv,solar
IT,h0245,0.0029506575522266513,scr2005,avaConv,solar
IT,h0246,0.038970038532626185,scr2005,avaConv,solar
IT,h0247,0.10701307625189518,scr2005,avaConv,solar
IT,h0248,0.215560229408428,scr2005,avaConv,solar
IT,h0249,0.3201039495673205,scr2005,avaConv,solar
IT,h0250,0.4288239870828575,scr2005,avaConv,solar
IT,h0251,0.5112418579337398,scr2005,avaConv,solar
IT,h0252,0.5498832504794804,scr2005,avaConv,solar
IT,h0253,0.5312243719663302,scr2005,avaConv,solar
IT,h0254,0.46773596965240466,scr2005,avaConv,solar
IT,h0255,0.3741573583040649,scr2005,avaConv,solar
IT,h0256,0.25437272856943444,scr2005,avaConv,solar
IT,h0257,0.12436777661493713,scr2005,avaConv,solar
IT,h0258,0.05179151579174259,scr2005,avaConv,solar
IT,h0259,0.013870522106882712,scr2005,avaConv,solar
IT,h0260,0.010389003104118768,scr2005,avaConv,solar
IT,h0261,0.0,scr2005,avaConv,solar
IT,h0262,0.0,scr2005,avaConv,solar
IT,h0263,0.0,scr2005,avaConv,solar
IT,h0264,0.0,scr2005,avaConv,solar
IT,h0265,0.0,scr2005,avaConv,solar
IT,h0266,0.0,scr2005,avaConv,solar
IT,h0267,0.0,scr2005,avaConv,solar
IT,h0268,0.0,scr2005,avaConv,solar
IT,h0269,0.004799398319216614,scr2005,avaConv,solar
IT,h0270,0.04126127575208726,scr2005,avaConv,solar
IT,h0271,0.11559716793926879,scr2005,avaConv,solar
IT,h0272,0.222689060151031,scr2005,avaConv,solar
IT,h0273,0.32880609782701165,scr2005,avaConv,solar
IT,h0274,0.42753751814475655,scr2005,avaConv,solar
IT,h0275,0.5044529625885107,scr2005,avaConv,solar
IT,h0276,0.5452033156969097,scr2005,avaConv,solar
IT,h0277,0.607737253970286,scr2005,avaConv,solar
IT,h0278,0.6147101537889238,scr2005,avaConv,solar
IT,h0279,0.5614916252199993,scr2005,avaConv,solar
IT,h0280,0.37890317704072785,scr2005,avaConv,solar
IT,h0281,0.17896901830456707,scr2005,avaConv,solar
IT,h0282,0.059000520575873835,scr2005,avaConv,solar
IT,h0283,0.00855242745564385,scr2005,avaConv,solar
IT,h0284,0.006113743368146988,scr2005,avaConv,solar
IT,h0285,0.0001676712080256594,scr2005,avaConv,solar
IT,h0286,0.0,scr2005,avaConv,solar
IT,h0287,0.0,scr2005,avaConv,solar
IT,h0288,0.0,scr2005,avaConv,solar
LT,h0241,0.0,scr2005,avaConv,solar
LT,h0242,0.0,scr2005,avaConv,solar
LT,h0243,0.0,scr2005,avaConv,solar
LT,h0244,0.00451544157117189,scr2005,avaConv,solar
LT,h0245,0.032918710106233685,scr2005,avaConv,solar
LT,h0246,0.10778783027682735,scr2005,avaConv,solar
LT,h0247,0.14868833910998003,scr2005,avaConv,solar
LT,h0248,0.2033978042285085,scr2005,avaConv,solar
LT,h0249,0.25059256455899526,scr2005,avaConv,solar
LT,h0250,0.3929125659420684,scr2005,avaConv,solar
LT,h0251,0.504991959792966,scr2005,avaConv,solar
LT,h0252,0.5748022258819521,scr2005,avaConv,solar
LT,h0253,0.5048787729362872,scr2005,avaConv,solar
LT,h0254,0.3809004464911439,scr2005,avaConv,solar
LT,h0255,0.2330900278818213,scr2005,avaConv,solar
LT,h0256,0.13449340570973278,scr2005,avaConv,solar
LT,h0257,0.057859728532055364,scr2005,avaConv,solar
LT,h0258,0.018741727178663996,scr2005,avaConv,solar
LT,h0259,0.0032181440808637576,scr2005,avaConv,solar
LT,h0260,0.0016793689537474555,scr2005,avaConv,solar
LT,h0261,0.0,scr2005,avaConv,solar
LT,h0262,0.0,scr2005,avaConv,solar
LT,h0263,0.0,scr2005,avaConv,solar
LT,h0264,0.0,scr2005,avaConv,solar
LT,h0265,0.0,scr2005,avaConv,solar
LT,h0266,0.0,scr2005,avaConv,solar
LT,h0267,0.0,scr2005,avaConv,solar
LT,h0268,0.012185237926761504,scr2005,avaConv,solar
LT,h0269,0.05943169609508999,scr2005,avaConv,solar
LT,h0270,0.15727452830913183,scr2005,avaConv,solar
LT,h0271,0.2803647782804214,scr2005,avaConv,solar
LT,h0272,0.41248675026001985,scr2005,avaConv,solar
LT,h0273,0.5405444351993269,scr2005,avaConv,solar
LT,h0274,0.6515230264199717,scr2005,avaConv,solar
LT,h0275,0.7175071112255635,scr2005,avaConv,solar
LT,h0276,0.7252170666361016,scr2005,avaConv,solar
LT,h0277,0.649795883150496,scr2005,avaConv,solar
LT,h0278,0.5258071968026337,scr2005,avaConv,solar
LT,h0279,0.3776008150427258,scr2005,avaConv,solar
LT,h0280,0.23323971547119413,scr2005,avaConv,solar
LT,h0281,0.10252311352851665,scr2005,avaConv,solar
LT,h0282,0.029165242889743606,scr2005,avaConv,solar
LT,h0283,0.0033024242315123228,scr2005,avaConv,solar
LT,h0284,0.0022884402047457526,scr2005,avaConv,solar
LT,h0285,0.00014341057125275797,scr2005,avaConv,solar
LT,h0286,0.0,scr2005,avaConv,solar
LT,h0287,0.0,scr2005,avaConv,solar
LT,h0288,0.0,scr2005,avaConv,solar
LV,h0241,0.0,scr2005,avaConv,solar
LV,h0242,0.0,scr2005,avaConv,solar
LV,h0243,0.0,scr2005,avaConv,solar
LV,h0244,0.011419478176783196,scr2005,avaConv,solar
LV,h0245,0.05956439283536947,scr2005,avaConv,solar
LV,h0246,0.16106214147643041,scr2005,avaConv,solar
LV,h0247,0.18414139571742827,scr2005,avaConv,solar
LV,h0248,0.17784214280228713,scr2005,avaConv,solar
LV,h0249,0.14189227931104934,scr2005,avaConv,solar
LV,h0250,0.19593197314912528,scr2005,avaConv,solar
LV,h0251,0.2610376253349504,scr2005,avaConv,solar
LV,h0252,0.3240571061944664,scr2005,avaConv,solar
LV,h0253,0.2727302399641837,scr2005,avaConv,solar
LV,h0254,0.18351764467703155,scr2005,avaConv,solar
LV,h0255,0.08464470607992587,scr2005,avaConv,solar
LV,h0256,0.047651044603900905,scr2005,avaConv,solar
LV,h0257,0.02252804917719215,scr2005,avaConv,solar
LV,h0258,0.0063525103372910705,scr2005,avaConv,solar
LV,h0259,0.0016055752227824712,scr2005,avaConv,solar
LV,h0260,0.0004217153021706981,scr2005,avaConv,solar
LV,h0261,0.0,scr2005,avaConv,solar
LV,h0262,0.0,scr2005,avaConv,solar
LV,h0263,0.0,scr2005,avaConv,solar
LV,h0264,0.0,scr2005,avaConv,solar
LV,h0265,0.0,scr2005,avaConv,solar
LV,h0266,0.0,scr2005,avaConv,solar
LV,h0267,0.0005573149709724368,scr2005,avaConv,solar
LV,h0268,0.01658464645602762,scr2005,avaConv,solar
LV,h0269,0.06896809042716538,scr2005,avaConv,solar
LV,h0270,0.16935501231208136,scr2005,avaConv,solar
LV,h0271,0.2894522658058233,scr2005,avaConv,solar
LV,h0272,0.41960902136854333,scr2005,avaConv,solar
LV,h0273,0.545311874344449,scr2005,avaConv,solar
LV,h0274,0.6639990839174048,scr2005,avaConv,solar
LV,h0275,0.7454694735328917,scr2005,avaConv,solar
LV,h0276,0.7742673127312448,scr2005,avaConv,solar
LV,h0277,0.7104872948936938,scr2005,avaConv,solar
LV,h0278,0.5930342142684591,scr2005,avaConv,solar
LV,h0279,0.43786610531704856,scr2005,avaConv,solar
LV,h0280,0.27786030537089434,scr2005,avaConv,solar
LV,h0281,0.12281996615390393,scr2005,avaConv,solar
LV,h0282,0.03049691118197395,scr2005,avaConv,solar
LV,h0283,0.0016472187191307812,scr2005,avaConv,solar
LV,h0284,0.0005940917519849023,scr2005,avaConv,solar
LV,h0285,0.0005940917519849023,scr2005,avaConv,solar
LV,h0286,0.0,scr2005,avaConv,solar
LV,h0287,0.0,scr2005,avaConv,solar
LV,h0288,0.0,scr2005,avaConv,solar
ME,h0241,0.0,scr2005,avaConv,solar
ME,h0242,0.0,scr2005,avaConv,solar
ME,h0243,0.0,scr2005,avaConv,solar
ME,h0244,0.0,scr2005,avaConv,solar
ME,h0245,0.005567557502916987,scr2005,avaConv,solar
ME,h0246,0.030137758804420756,scr2005,avaConv,solar
ME,h0247,0.12873646640974085,scr2005,avaConv,solar
ME,h0248,0.27771190977504834,scr2005,avaConv,solar
ME,h0249,0.4553472238902894,scr2005,avaConv,solar
ME,h0250,0.5757772114329971,scr2005,avaConv,solar
ME,h0251,0.6660463527718714,scr2005,avaConv,solar
ME,h0252,0.714929359090641,scr2005,avaConv,solar
ME,h0253,0.678100281325231,scr2005,avaConv,solar
ME,h0254,0.5171317043146101,scr2005,avaConv,solar
ME,h0255,0.2937069733342956,scr2005,avaConv,solar
ME,h0256,0.12061951240503842,scr2005,avaConv,solar
ME,h0257,0.0342392128239231,scr2005,avaConv,solar
ME,h0258,0.008301029203492457,scr2005,avaConv,solar
ME,h0259,0.0003173235504774349,scr2005,avaConv,solar
ME,h0260,0.00011105974797172207,scr2005,avaConv,solar
ME,h0261,0.0,scr2005,avaConv,solar
ME,h0262,0.0,scr2005,avaConv,solar
ME,h0263,0.0,scr2005,avaConv,solar
ME,h0264,0.0,scr2005,avaConv,solar
ME,h0265,0.0,scr2005,avaConv,solar
ME,h0266,0.0,scr2005,avaConv,solar
ME,h0267,0.0,scr2005,avaConv,solar
ME,h0268,0.0,scr2005,avaConv,solar
ME,h0269,0.017933967157041698,scr2005,avaConv,solar
ME,h0270,0.07954238147870074,scr2005,avaConv,solar
ME,h0271,0.20641432043341296,scr2005,avaConv,solar
ME,h0272,0.36175949098975163,scr2005,avaConv,solar
ME,h0273,0.5260723996872573,scr2005,avaConv,solar
ME,h0274,0.6759793573008929,scr2005,avaConv,solar
ME,h0275,0.7917284758955916,scr2005,avaConv,solar
ME,h0276,0.8328199993438906,scr2005,avaConv,solar
ME,h0277,0.727721608793993,scr2005,avaConv,solar
ME,h0278,0.5446141913400007,scr2005,avaConv,solar
ME,h0279,0.3462151731150946,scr2005,avaConv,solar
ME,h0280,0.1948681558246261,scr2005,avaConv,solar
ME,h0281,0.07804756290411566,scr2005,avaConv,solar
ME,h0282,0.022357465781694258,scr2005,avaConv,solar
ME,h0283,0.0035785946830282985,scr2005,avaConv,solar
ME,h0284,0.0031625675881103315,scr2005,avaConv,solar
ME,h0285,0.0,scr2005,avaConv,solar
ME,h0286,0.0,scr2005,avaConv,solar
ME,h0287,0.0,scr2005,avaConv,solar
ME,h0288,0.0,scr2005,avaConv,solar
MK,h0241,0.0,scr2005,avaConv,solar
MK,h0242,0.0,scr2005,avaConv,solar
MK,h0243,0.0,scr2005,avaConv,solar
MK,h0244,0.0,scr2005,avaConv,solar
MK,h0245,0.009386476895100693,scr2005,avaConv,solar
MK,h0246,0.0501310893627825,scr2005,avaConv,solar
MK,h0247,0.16573161454395138,scr2005,avaConv,solar
MK,h0248,0.3241847419258438,scr2005,avaConv,solar
MK,h0249,0.4938677034598954,scr2005,avaConv,solar
MK,h0250,0.6145638711353817,scr2005,avaConv,solar
MK,h0251,0.6904963811117689,scr2005,avaConv,solar
MK,h0252,0.7129125500902406,scr2005,avaConv,solar
MK,h0253,0.6439950666414097,scr2005,avaConv,solar
MK,h0254,0.478495492717171,scr2005,avaConv,solar
MK,h0255,0.2742466906886734,scr2005,avaConv,solar
MK,h0256,0.11767184572792846,scr2005,avaConv,solar
MK,h0257,0.03635426936487547,scr2005,avaConv,solar
MK,h0258,0.008207546531666204,scr2005,avaConv,solar
MK,h0259,0.00014177780320077262,scr2005,avaConv,solar
MK,h0260,0.00014177780320077262,scr2005,avaConv,solar
MK,h0261,0.0,scr2005,avaConv,solar
MK,h0262,0.0,scr2005,avaConv,solar
MK,h0263,0.0,scr2005,avaConv,solar
MK,h0264,0.0,scr2005,avaConv,solar
MK,h0265,0.0,scr2005,avaConv,solar
MK,h0266,0.0,scr2005,avaConv,solar
MK,h0267,0.0,scr2005,avaConv,solar
MK,h0268,0.0,scr2005,avaConv,solar
MK,h0269,0.022752661048130708,scr2005,avaConv,solar
MK,h0270,0.09446022223918576,scr2005,avaConv,solar
MK,h0271,0.22643185104294436,scr2005,avaConv,solar
MK,h0272,0.378309203437437,scr2005,avaConv,solar
MK,h0273,0.5262924285474316,scr2005,avaConv,solar
MK,h0274,0.6648115172494516,scr2005,avaConv,solar
MK,h0275,0.7639846142589625,scr2005,avaConv,solar
MK,h0276,0.8042938486952491,scr2005,avaConv,solar
MK,h0277,0.6967718004284618,scr2005,avaConv,solar
MK,h0278,0.5284254202091695,scr2005,avaConv,solar
MK,h0279,0.33377211142595453,scr2005,avaConv,solar
MK,h0280,0.183335453114467,scr2005,avaConv,solar
MK,h0281,0.07009279652977204,scr2005,avaConv,solar
MK,h0282,0.016706225865463394,scr2005,avaConv,solar
MK,h0283,0.0033971372849181634,scr2005,avaConv,solar
MK,h0284,0.003019872577076979,scr2005,avaConv,solar
MK,h0285,0.0,scr2005,avaConv,solar
MK,h0286,0.0,scr2005,avaConv,solar
MK,h0287,0.0,scr2005,avaConv,solar
MK,h0288,0.0,scr2005,avaConv,solar
NL,h0241,0.0,scr2005,avaConv,solar
NL,h0242,0.0,scr2005,avaConv,solar
NL,h0243,0.0,scr2005,avaConv,solar
NL,h0244,0.0,scr2005,avaConv,solar
NL,h0245,0.0009293510129327109,scr2005,avaConv,solar
NL,h0246,0.022000023861543084,scr2005,avaConv,solar
NL,h0247,0.07951383030655605,scr2005,avaConv,solar
NL,h0248,0.18101272635531226,scr2005,avaConv,solar
NL,h0249,0.27538412559426784,scr2005,avaConv,solar
NL,h0250,0.31369695172025863,scr2005,avaConv,solar
NL,h0251,0.3098895703827185,scr2005,avaConv,solar
NL,h0252,0.28505500757043967,scr2005,avaConv,solar
NL,h0253,0.43558228293148893,scr2005,avaConv,solar
NL,h0254,0.5751299307482611,scr2005,avaConv,solar
NL,h0255,0.6442578702083867,scr2005,avaConv,solar
NL,h0256,0.481802263756392,scr2005,avaConv,solar
NL,h0257,0.2777276405537703,scr2005,avaConv,solar
NL,h0258,0.11085851634758362,scr2005,avaConv,solar
NL,h0259,0.03451776572349426,scr2005,avaConv,solar
NL,h0260,0.006812782958172928,scr2005,avaConv,solar
NL,h0261,0.006172757289979613,scr2005,avaConv,solar
NL,h0262,0.0,scr2005,avaConv,solar
NL,h0263,0.0,scr2005,avaConv,solar
NL,h0264,0.0,scr2005,avaConv,solar
NL,h0265,0.0,scr2005,avaConv,solar
NL,h0266,0.0,scr2005,avaConv,solar
NL,h0267,0.0,scr2005,avaConv,solar
NL,h0268,0.0,scr2005,avaConv,solar
NL,h0269,0.002865746645845504,scr2005,avaConv,solar
NL,h0270,0.0268404993379426,scr2005,avaConv,solar
NL,h0271,0.05726659622530109,scr2005,avaConv,solar
NL,h0272,0.09789404899386378,scr2005,avaConv,solar
NL,h0273,0.1206768683406099,scr2005,avaConv,solar
NL,h0274,0.16595036568877525,scr2005,avaConv,solar
NL,h0275,0.21748422166767598,scr2005,avaConv,solar
NL,h0276,0.27885664788841574,scr2005,avaConv,solar
NL,h0277,0.4162085882482239,scr2005,avaConv,solar
NL,h0278,0.5264945132254536,scr2005,avaConv,solar
NL,h0279,0.5683189071136814,scr2005,avaConv,solar
NL,h0280,0.4626144505546986,scr2005,avaConv,solar
NL,h0281,0.2908368039607496,scr2005,avaConv,solar
NL,h0282,0.12290925569527215,scr2005,avaConv,solar
NL,h0283,0.02533333054185597,scr2005,avaConv,solar
NL,h0284,0.00031469476157540215,scr2005,avaConv,solar
NL,h0285,0.0,scr2005,avaConv,solar
NL,h0286,0.0,scr2005,avaConv,solar
NL,h0287,0.0,scr2005,avaConv,solar
NL,h0288,0.0,scr2005,avaConv,solar
NO,h0241,0.0,scr2005,avaConv,solar
NO,h0242,0.0,scr2005,avaConv,solar
NO,h0243,0.0,scr2005,avaConv,solar
NO,h0244,0.0015799808745167814,scr2005,avaConv,solar
NO,h0245,0.011979883738336309,scr2005,avaConv,solar
NO,h0246,0.043246520167160546,scr2005,avaConv,solar
NO,h0247,0.10324717292159076,scr2005,avaConv,solar
NO,h0248,0.1802432731330854,scr2005,avaConv,solar
NO,h0249,0.2628500061443918,scr2005,avaConv,solar
NO,h0250,0.33620940321600995,scr2005,avaConv,solar
NO,h0251,0.3920620492365437,scr2005,avaConv,solar
NO,h0252,0.4209737115804651,scr2005,avaConv,solar
NO,h0253,0.4471463970085612,scr2005,avaConv,solar
NO,h0254,0.4427044418653546,scr2005,avaConv,solar
NO,h0255,0.4057305076983679,scr2005,avaConv,solar
NO,h0256,0.31310332193344637,scr2005,avaConv,solar
NO,h0257,0.19556072299020977,scr2005,avaConv,solar
NO,h0258,0.08691366508589671,scr2005,avaConv,solar
NO,h0259,0.021780765762691393,scr2005,avaConv,solar
NO,h0260,0.0029815932965451745,scr2005,avaConv,solar
NO,h0261,0.0009677780172746093,scr2005,avaConv,solar
NO,h0262,0.0008993424314020147,scr2005,avaConv,solar
NO,h0263,0.0,scr2005,avaConv,solar
NO,h0264,0.0,scr2005,avaConv,solar
NO,h0265,0.0,scr2005,avaConv,solar
NO,h0266,0.0,scr2005,avaConv,solar
NO,h0267,0.00047600246955749933,scr2005,avaConv,solar
NO,h0268,0.003947072555249,scr2005,avaConv,solar
NO,h0269,0.01816506334868356,scr2005,avaConv,solar
NO,h0270,0.05123985302410198,scr2005,avaConv,solar
NO,h0271,0.11087295672540413,scr2005,avaConv,solar
NO,h0272,0.19345989978826494,scr2005,avaConv,solar
NO,h0273,0.2968259768151547,scr2005,avaConv,solar
NO,h0274,0.41157790991051657,scr2005,avaConv,solar
NO,h0275,0.5263790875902045,scr2005,avaConv,solar
NO,h0276,0.6223531359221964,scr2005,avaConv,solar
NO,h0277,0.7020514859820934,scr2005,avaConv,solar
NO,h0278,0.7052131390178841,scr2005,avaConv,solar
NO,h0279,0.635521837336431,scr2005,avaConv,solar
NO,h0280,0.4805580873085311,scr2005,avaConv,solar
NO,h0281,0.299353035550762,scr2005,avaConv,solar
NO,h0282,0.13201983044768137,scr2005,avaConv,solar
NO,h0283,0.03598100600220061,scr2005,avaConv,solar
NO,h0284,0.005770996777762086,scr2005,avaConv,solar
NO,h0285,0.0031037127781367905,scr2005,avaConv,solar
NO,h0286,0.0017165946379725033,scr2005,avaConv,solar
NO,h0287,0.00010856958950508542,scr2005,avaConv,solar
NO,h0288,0.0,scr2005,avaConv,solar
PL,h0241,0.0,scr2005,avaConv,solar
PL,h0242,0.0,scr2005,avaConv,solar
PL,h0243,0.0,scr2005,avaConv,solar
PL,h0244,0.0002752902172495785,scr2005,avaConv,solar
PL,h0245,0.010748555720863856,scr2005,avaConv,solar
PL,h0246,0.04584923689577542,scr2005,avaConv,solar
PL,h0247,0.11297901294317181,scr2005,avaConv,solar
PL,h0248,0.1991317575624099,scr2005,avaConv,solar
PL,h0249,0.2950404845823833,scr2005,avaConv,solar
PL,h0250,0.39536462171252995,scr2005,avaConv,solar
PL,h0251,0.47342242003808155,scr2005,avaConv,solar
PL,h0252,0.5229862747279562,scr2005,avaConv,solar
PL,h0253,0.4827494990724188,scr2005,avaConv,solar
PL,h0254,0.4092471696044458,scr2005,avaConv,solar
PL,h0255,0.2918393831434038,scr2005,avaConv,solar
PL,h0256,0.1867633946802195,scr2005,avaConv,solar
PL,h0257,0.0791794293343663,scr2005,avaConv,solar
PL,h0258,0.02446908028431489,scr2005,avaConv,solar
PL,h0259,0.0034582330360239857,scr2005,avaConv,solar
PL,h0260,0.0024276692824466454,scr2005,avaConv,solar
PL,h0261,0.0,scr2005,avaConv,solar
PL,h0262,0.0,scr2005,avaConv,solar
PL,h0263,0.0,scr2005,avaConv,solar
PL,h0264,0.0,scr2005,avaConv,solar
PL,h0265,0.0,scr2005,avaConv,solar
PL,h0266,0.0,scr2005,avaConv,solar
PL,h0267,0.0,scr2005,avaConv,solar
PL,h0268,0.0025448537369941317,scr2005,avaConv,solar
PL,h0269,0.02337564969503075,scr2005,avaConv,solar
PL,h0270,0.08094438164208198,scr2005,avaConv,solar
PL,h0271,0.20068465713350273,scr2005,avaConv,solar
PL,h0272,0.35122656127626767,scr2005,avaConv,solar
PL,h0273,0.5027098593723951,scr2005,avaConv,solar
PL,h0274,0.5988993416593211,scr2005,avaConv,solar
PL,h0275,0.6707317501280139,scr2005,avaConv,solar
PL,h0276,0.7039671145954977,scr2005,avaConv,solar
PL,h0277,0.6476437355000596,scr2005,avaConv,solar
PL,h0278,0.5290040767084118,scr2005,avaConv,solar
PL,h0279,0.37354371543713294,scr2005,avaConv,solar
PL,h0280,0.23923035950028074,scr2005,avaConv,solar
PL,h0281,0.10480606249114892,scr2005,avaConv,solar
PL,h0282,0.03153216020357938,scr2005,avaConv,solar
PL,h0283,0.0038782845535503645,scr2005,avaConv,solar
PL,h0284,0.0024367061405031263,scr2005,avaConv,solar
PL,h0285,0.00021901289452633867,scr2005,avaConv,solar
PL,h0286,0.0,scr2005,avaConv,solar
PL,h0287,0.0,scr2005,avaConv,solar
PL,h0288,0.0,scr2005,avaConv,solar
PT,h0241,0.0,scr2005,avaConv,solar
PT,h0242,0.0,scr2005,avaConv,solar
PT,h0243,0.0,scr2005,avaConv,solar
PT,h0244,0.0,scr2005,avaConv,solar
PT,h0245,0.0,scr2005,avaConv,solar
PT,h0246,0.0,scr2005,avaConv,solar
PT,h0247,0.01696962504365146,scr2005,avaConv,solar
PT,h0248,0.077177182072029,scr2005,avaConv,solar
PT,h0249,0.1946953982931286,scr2005,avaConv,solar
PT,h0250,0.33901770666299896,scr2005,avaConv,solar
PT,h0251,0.4796078876797834,scr2005,avaConv,solar
PT,h0252,0.595408422458824,scr2005,avaConv,solar
PT,h0253,0.6906093037925419,scr2005,avaConv,solar
PT,h0254,0.7246371267617175,scr2005,avaConv,solar
PT,h0255,0.6887932118549486,scr2005,avaConv,solar
PT,h0256,0.5721744233210165,scr2005,avaConv,solar
PT,h0257,0.4075785531699055,scr2005,avaConv,solar
PT,h0258,0.20963295978971613,scr2005,avaConv,solar
PT,h0259,0.09543193737805503,scr2005,avaConv,solar
PT,h0260,0.024892273464604247,scr2005,avaConv,solar
PT,h0261,0.01884990596513579,scr2005,avaConv,solar
PT,h0262,0.0002660988463233892,scr2005,avaConv,solar
PT,h0263,0.0,scr2005,avaConv,solar
PT,h0264,0.0,scr2005,avaConv,solar
PT,h0265,0.0,scr2005,avaConv,solar
PT,h0266,0.0,scr2005,avaConv,solar
PT,h0267,0.0,scr2005,avaConv,solar
PT,h0268,0.0,scr2005,avaConv,solar
PT,h0269,0.0,scr2005,avaConv,solar
PT,h0270,0.0,scr2005,avaConv,solar
PT,h0271,0.02214153014800446,scr2005,avaConv,solar
PT,h0272,0.08797906519313405,scr2005,avaConv,solar
PT,h0273,0.20611509086157934,scr2005,avaConv,solar
PT,h0274,0.3361257528060336,scr2005,avaConv,solar
PT,h0275,0.45740837731055267,scr2005,avaConv,solar
PT,h0276,0.5498512635043403,scr2005,avaConv,solar
PT,h0277,0.5820197620163184,scr2005,avaConv,solar
PT,h0278,0.5529028177667048,scr2005,avaConv,solar
PT,h0279,0.4840096855032336,scr2005,avaConv,solar
PT,h0280,0.40867883400131144,scr2005,avaConv,solar
PT,h0281,0.3075294570121181,scr2005,avaConv,solar
PT,h0282,0.17289397245925595,scr2005,avaConv,solar
PT,h0283,0.06252586986132322,scr2005,avaConv,solar
PT,h0284,0.008627640348348288,scr2005,avaConv,solar
PT,h0285,0.0008204808183482139,scr2005,avaConv,solar
PT,h0286,0.0007196355552858482,scr2005,avaConv,solar
PT,h0287,0.0,scr2005,avaConv,solar
PT,h0288,0.0,scr2005,avaConv,solar
RO,h0241,0.0,scr2005,avaConv,solar
RO,h0242,0.0,scr2005,avaConv,solar
RO,h0243,0.0,scr2005,avaConv,solar
RO,h0244,0.0015572610136930893,scr2005,avaConv,solar
RO,h0245,0.018531001389250113,scr2005,avaConv,solar
RO,h0246,0.06097139509543438,scr2005,avaConv,solar
RO,h0247,0.18358295528370377,scr2005,avaConv,solar
RO,h0248,0.3353843632313121,scr2005,avaConv,solar
RO,h0249,0.5033285601778378,scr2005,avaConv,solar
RO,h0250,0.6065023122388696,scr2005,avaConv,solar
RO,h0251,0.668466794861791,scr2005,avaConv,solar
RO,h0252,0.6733353231781444,scr2005,avaConv,solar
RO,h0253,0.5981912299968863,scr2005,avaConv,solar
RO,h0254,0.4856911794827485,scr2005,avaConv,solar
RO,h0255,0.3360794522448533,scr2005,avaConv,solar
RO,h0256,0.18533568380822826,scr2005,avaConv,solar
RO,h0257,0.07657766234196248,scr2005,avaConv,solar
RO,h0258,0.016063843399912205,scr2005,avaConv,solar
RO,h0259,0.00794417448196026,scr2005,avaConv,solar
RO,h0260,0.0005193014693144159,scr2005,avaConv,solar
RO,h0261,0.0,scr2005,avaConv,solar
RO,h0262,0.0,scr2005,avaConv,solar
RO,h0263,0.0,scr2005,avaConv,solar
RO,h0264,0.0,scr2005,avaConv,solar
RO,h0265,0.0,scr2005,avaConv,solar
RO,h0266,0.0,scr2005,avaConv,solar
RO,h0267,0.0,scr2005,avaConv,solar
RO,h0268,0.0010989861060548118,scr2005,avaConv,solar
RO,h0269,0.011004151907613821,scr2005,avaConv,solar
RO,h0270,0.03746985959929197,scr2005,avaConv,solar
RO,h0271,0.16637947498830782,scr2005,avaConv,solar
RO,h0272,0.3396744627183843,scr2005,avaConv,solar
RO,h0273,0.5325529244411648,scr2005,avaConv,solar
RO,h0274,0.6335499191002751,scr2005,avaConv,solar
RO,h0275,0.7024315289350536,scr2005,avaConv,solar
RO,h0276,0.7267157873190578,scr2005,avaConv,solar
RO,h0277,0.6030830791528113,scr2005,avaConv,solar
RO,h0278,0.4311607944714365,scr2005,avaConv,solar
RO,h0279,0.24196972632519906,scr2005,avaConv,solar
RO,h0280,0.14116218417961243,scr2005,avaConv,solar
RO,h0281,0.06408247424025001,scr2005,avaConv,solar
RO,h0282,0.019328484209438484,scr2005,avaConv,solar
RO,h0283,0.004343703289165111,scr2005,avaConv,solar
RO,h0284,0.0006001303296924282,scr2005,avaConv,solar
RO,h0285,0.0,scr2005,avaConv,solar
RO,h0286,0.0,scr2005,avaConv,solar
RO,h0287,0.0,scr2005,avaConv,solar
RO,h0288,0.0,scr2005,avaConv,solar
RS,h0241,0.0,scr2005,avaConv,solar
RS,h0242,0.0,scr2005,avaConv,solar
RS,h0243,0.0,scr2005,avaConv,solar
RS,h0244,0.0,scr2005,avaConv,solar
RS,h0245,0.00491463414330557,scr2005,avaConv,solar
RS,h0246,0.025269075443263594,scr2005,avaConv,solar
RS,h0247,0.12654256479307122,scr2005,avaConv,solar
RS,h0248,0.2784020183628044,scr2005,avaConv,solar
RS,h0249,0.46290275649213797,scr2005,avaConv,solar
RS,h0250,0.5726268286990648,scr2005,avaConv,solar
RS,h0251,0.6421462896635397,scr2005,avaConv,solar
RS,h0252,0.660024872953815,scr2005,avaConv,solar
RS,h0253,0.5782472465903882,scr2005,avaConv,solar
RS,h0254,0.45565271503844285,scr2005,avaConv,solar
RS,h0255,0.3017603780287667,scr2005,avaConv,solar
RS,h0256,0.1646604913559149,scr2005,avaConv,solar
RS,h0257,0.05901726519381861,scr2005,avaConv,solar
RS,h0258,0.008600885690735503,scr2005,avaConv,solar
RS,h0259,0.0002893455079298412,scr2005,avaConv,solar
RS,h0260,0.00024069796595686024,scr2005,avaConv,solar
RS,h0261,0.0,scr2005,avaConv,solar
RS,h0262,0.0,scr2005,avaConv,solar
RS,h0263,0.0,scr2005,avaConv,solar
RS,h0264,0.0,scr2005,avaConv,solar
RS,h0265,0.0,scr2005,avaConv,solar
RS,h0266,0.0,scr2005,avaConv,solar
RS,h0267,0.0,scr2005,avaConv,solar
RS,h0268,0.0,scr2005,avaConv,solar
RS,h0269,0.009994400390070005,scr2005,avaConv,solar
RS,h0270,0.04245476380234901,scr2005,avaConv,solar
RS,h0271,0.15698831285968198,scr2005,avaConv,solar
RS,h0272,0.3150852979342189,scr2005,avaConv,solar
RS,h0273,0.5085986214444121,scr2005,avaConv,solar
RS,h0274,0.6392114086120714,scr2005,avaConv,solar
RS,h0275,0.7430591497636313,scr2005,avaConv,solar
RS,h0276,0.7849769550444244,scr2005,avaConv,solar
RS,h0277,0.6299615899523058,scr2005,avaConv,solar
RS,h0278,0.43545940236001723,scr2005,avaConv,solar
RS,h0279,0.2352727685216987,scr2005,avaConv,solar
RS,h0280,0.1406656027693187,scr2005,avaConv,solar
RS,h0281,0.05746978991137245,scr2005,avaConv,solar
RS,h0282,0.01365539479203212,scr2005,avaConv,solar
RS,h0283,0.0013755079454794992,scr2005,avaConv,solar
RS,h0284,0.0009238812138677983,scr2005,avaConv,solar
RS,h0285,0.0,scr2005,avaConv,solar
RS,h0286,0.0,scr2005,avaConv,solar
RS,h0287,0.0,scr2005,avaConv,solar
RS,h0288,0.0,scr2005,avaConv,solar
SE,h0241,0.0,scr2005,avaConv,solar
SE,h0242,0.0,scr2005,avaConv,solar
SE,h0243,0.00014914941825585883,scr2005,avaConv,solar
SE,h0244,0.0032774340368010415,scr2005,avaConv,solar
SE,h0245,0.020956116590886753,scr2005,avaConv,solar
SE,h0246,0.06545780825965367,scr2005,avaConv,solar
SE,h0247,0.11559450797844517,scr2005,avaConv,solar
SE,h0248,0.17887039560148513,scr2005,avaConv,solar
SE,h0249,0.24810915248516363,scr2005,avaConv,solar
SE,h0250,0.33958258158716154,scr2005,avaConv,solar
SE,h0251,0.40746903414657626,scr2005,avaConv,solar
SE,h0252,0.44115003907413736,scr2005,avaConv,solar
SE,h0253,0.5327958919170732,scr2005,avaConv,solar
SE,h0254,0.5676406097893133,scr2005,avaConv,solar
SE,h0255,0.5397079505843674,scr2005,avaConv,solar
SE,h0256,0.35991700907395247,scr2005,avaConv,solar
SE,h0257,0.1703049458090664,scr2005,avaConv,solar
SE,h0258,0.05065846532811214,scr2005,avaConv,solar
SE,h0259,0.0066388918424616795,scr2005,avaConv,solar
SE,h0260,0.0017774866256861969,scr2005,avaConv,solar
SE,h0261,0.0014768758622430251,scr2005,avaConv,solar
SE,h0262,0.00012686592130505724,scr2005,avaConv,solar
SE,h0263,0.0,scr2005,avaConv,solar
SE,h0264,0.0,scr2005,avaConv,solar
SE,h0265,0.0,scr2005,avaConv,solar
SE,h0266,0.0,scr2005,avaConv,solar
SE,h0267,0.00037690811515154446,scr2005,avaConv,solar
SE,h0268,0.0052754589946470394,scr2005,avaConv,solar
SE,h0269,0.028354468869982614,scr2005,avaConv,solar
SE,h0270,0.08505190772553119,scr2005,avaConv,solar
SE,h0271,0.16206576076022347,scr2005,avaConv,solar
SE,h0272,0.2593110790889748,scr2005,avaConv,solar
SE,h0273,0.3682468661933534,scr2005,avaConv,solar
SE,h0274,0.5027234428045839,scr2005,avaConv,solar
SE,h0275,0.6243420686028196,scr2005,avaConv,solar
SE,h0276,0.6941026726276072,scr2005,avaConv,solar
SE,h0277,0.6603557221664924,scr2005,avaConv,solar
SE,h0278,0.5595161200411533,scr2005,avaConv,solar
SE,h0279,0.426512599660216,scr2005,avaConv,solar
SE,h0280,0.2964986917694763,scr2005,avaConv,solar
SE,h0281,0.15599606395108215,scr2005,avaConv,solar
SE,h0282,0.0547474433271987,scr2005,avaConv,solar
SE,h0283,0.010881020507713685,scr2005,avaConv,solar
SE,h0284,0.0023016451466402626,scr2005,avaConv,solar
SE,h0285,0.0011137813788091016,scr2005,avaConv,solar
SE,h0286,0.00017045026003414824,scr2005,avaConv,solar
SE,h0287,0.0,scr2005,avaConv,solar
SE,h0288,0.0,scr2005,avaConv,solar
SI,h0241,0.0,scr2005,avaConv,solar
SI,h0242,0.0,scr2005,avaConv,solar
SI,h0243,0.0,scr2005,avaConv,solar
SI,h0244,0.0,scr2005,avaConv,solar
SI,h0245,0.00284149851354874,scr2005,avaConv,solar
SI,h0246,0.0230426659164069,scr2005,avaConv,solar
SI,h0247,0.09941444442901536,scr2005,avaConv,solar
SI,h0248,0.229527718018078,scr2005,avaConv,solar
SI,h0249,0.39419703691763935,scr2005,avaConv,solar
SI,h0250,0.5350035896663464,scr2005,avaConv,solar
SI,h0251,0.6461198585321974,scr2005,avaConv,solar
SI,h0252,0.6995520631267326,scr2005,avaConv,solar
SI,h0253,0.550880949601527,scr2005,avaConv,solar
SI,h0254,0.4159157715830697,scr2005,avaConv,solar
SI,h0255,0.2617746782546536,scr2005,avaConv,solar
SI,h0256,0.20545734747393488,scr2005,avaConv,solar
SI,h0257,0.09958364471356579,scr2005,avaConv,solar
SI,h0258,0.03139560138079848,scr2005,avaConv,solar
SI,h0259,0.004623885546164976,scr2005,avaConv,solar
SI,h0260,0.0010660460912074806,scr2005,avaConv,solar
SI,h0261,0.0,scr2005,avaConv,solar
SI,h0262,0.0,scr2005,avaConv,solar
SI,h0263,0.0,scr2005,avaConv,solar
SI,h0264,0.0,scr2005,avaConv,solar
SI,h0265,0.0,scr2005,avaConv,solar
SI,h0266,0.0,scr2005,avaConv,solar
SI,h0267,0.0,scr2005,avaConv,solar
SI,h0268,0.0,scr2005,avaConv,solar
SI,h0269,0.003047389000545159,scr2005,avaConv,solar
SI,h0270,0.01703895745202101,scr2005,avaConv,solar
SI,h0271,0.09514172353663393,scr2005,avaConv,solar
SI,h0272,0.24731228810975597,scr2005,avaConv,solar
SI,h0273,0.4461783493135207,scr2005,avaConv,solar
SI,h0274,0.5972515569127391,scr2005,avaConv,solar
SI,h0275,0.6859992196677002,scr2005,avaConv,solar
SI,h0276,0.6955874675304761,scr2005,avaConv,solar
SI,h0277,0.6128048397102064,scr2005,avaConv,solar
SI,h0278,0.49373879802683235,scr2005,avaConv,solar
SI,h0279,0.36270983659301254,scr2005,avaConv,solar
SI,h0280,0.2455855025139078,scr2005,avaConv,solar
SI,h0281,0.12561934739253833,scr2005,avaConv,solar
SI,h0282,0.04482554037895225,scr2005,avaConv,solar
SI,h0283,0.009107637908315577,scr2005,avaConv,solar
SI,h0284,0.0008594236418222487,scr2005,avaConv,solar
SI,h0285,0.0,scr2005,avaConv,solar
SI,h0286,0.0,scr2005,avaConv,solar
SI,h0287,0.0,scr2005,avaConv,solar
SI,h0288,0.0,scr2005,avaConv,solar
SK,h0241,0.0,scr2005,avaConv,solar
SK,h0242,0.0,scr2005,avaConv,solar
SK,h0243,0.0,scr2005,avaConv,solar
SK,h0244,0.0,scr2005,avaConv,solar
SK,h0245,0.006205207371493365,scr2005,avaConv,solar
SK,h0246,0.04113305982938759,scr2005,avaConv,solar
SK,h0247,0.13648640931442063,scr2005,avaConv,solar
SK,h0248,0.2794680843493173,scr2005,avaConv,solar
SK,h0249,0.43548303325924387,scr2005,avaConv,solar
SK,h0250,0.5625165832681985,scr2005,avaConv,solar
SK,h0251,0.6550027658950753,scr2005,avaConv,solar
SK,h0252,0.6984025530890735,scr2005,avaConv,solar
SK,h0253,0.612321529589671,scr2005,avaConv,solar
SK,h0254,0.4728081530983729,scr2005,avaConv,solar
SK,h0255,0.2910909239865138,scr2005,avaConv,solar
SK,h0256,0.1663526080832603,scr2005,avaConv,solar
SK,h0257,0.0640488386209496,scr2005,avaConv,solar
SK,h0258,0.01763582399353325,scr2005,avaConv,solar
SK,h0259,0.0019047857985585474,scr2005,avaConv,solar
SK,h0260,0.000898066119955164,scr2005,avaConv,solar
SK,h0261,0.0,scr2005,avaConv,solar
SK,h0262,0.0,scr2005,avaConv,solar
SK,h0263,0.0,scr2005,avaConv,solar
SK,h0264,0.0,scr2005,avaConv,solar
SK,h0265,0.0,scr2005,avaConv,solar
SK,h0266,0.0,scr2005,avaConv,solar
SK,h0267,0.0,scr2005,avaConv,solar
SK,h0268,0.00040290347005419113,scr2005,avaConv,solar
SK,h0269,0.013786113620884102,scr2005,avaConv,solar
SK,h0270,0.05916075599341326,scr2005,avaConv,solar
SK,h0271,0.17506916270469075,scr2005,avaConv,solar
SK,h0272,0.32719150576966427,scr2005,avaConv,solar
SK,h0273,0.47388385306935815,scr2005,avaConv,solar
SK,h0274,0.5647196966387876,scr2005,avaConv,solar
SK,h0275,0.6028277843370473,scr2005,avaConv,solar
SK,h0276,0.6052414317558519,scr2005,avaConv,solar
SK,h0277,0.529169734956802,scr2005,avaConv,solar
SK,h0278,0.42083175822116275,scr2005,avaConv,solar
SK,h0279,0.2955747954946721,scr2005,avaConv,solar
SK,h0280,0.1914212482144051,scr2005,avaConv,solar
SK,h0281,0.09271974860149167,scr2005,avaConv,solar
SK,h0282,0.03439326673965187,scr2005,avaConv,solar
SK,h0283,0.006465426606139672,scr2005,avaConv,solar
SK,h0284,0.003038668319152002,scr2005,avaConv,solar
SK,h0285,0.0,scr2005,avaConv,solar
SK,h0286,0.0,scr2005,avaConv,solar
SK,h0287,0.0,scr2005,avaConv,solar
SK,h0288,0.0,scr2005,avaConv,solar
UK,h0241,0.0,scr2005,avaConv,solar
UK,h0242,0.0,scr2005,avaConv,solar
UK,h0243,0.0,scr2005,avaConv,solar
UK,h0244,0.0,scr2005,avaConv,solar
UK,h0245,0.0,scr2005,avaConv,solar
UK,h0246,0.00947673647282281,scr2005,avaConv,solar
UK,h0247,0.030724240783373834,scr2005,avaConv,solar
UK,h0248,0.07733257073674019,scr2005,avaConv,solar
UK,h0249,0.1420528784525308,scr2005,avaConv,solar
UK,h0250,0.22246809451350746,scr2005,avaConv,solar
UK,h0251,0.3095803946519,scr2005,avaConv,solar
UK,h0252,0.37852867338700263,scr2005,avaConv,solar
UK,h0253,0.4102142566423616,scr2005,avaConv,solar
UK,h0254,0.3993987847645002,scr2005,avaConv,solar
UK,h0255,0.3528287941987214,scr2005,avaConv,solar
UK,h0256,0.2958631967159295,scr2005,avaConv,solar
UK,h0257,0.21618011530643194,scr2005,avaConv,solar
UK,h0258,0.12445508294519007,scr2005,avaConv,solar
UK,h0259,0.050121024800207546,scr2005,avaConv,solar
UK,h0260,0.013281549076679597,scr2005,avaConv,solar
UK,h0261,0.0025720920064780843,scr2005,avaConv,solar
UK,h0262,0.0011463177650684604,scr2005,avaConv,solar
UK,h0263,0.0,scr2005,avaConv,solar
UK,h0264,0.0,scr2005,avaConv,solar
UK,h0265,0.0,scr2005,avaConv,solar
UK,h0266,0.0,scr2005,avaConv,solar
UK,h0267,0.0,scr2005,avaConv,solar
UK,h0268,0.0,scr2005,avaConv,solar
UK,h0269,0.0006028048458901002,scr2005,avaConv,solar
UK,h0270,0.01468138407677613,scr2005,avaConv,solar
UK,h0271,0.05760711657383371,scr2005,avaConv,solar
UK,h0272,0.135684264545398,scr2005,avaConv,solar
UK,h0273,0.23215816685450372,scr2005,avaConv,solar
UK,h0274,0.33513108254694535,scr2005,avaConv,solar
UK,h0275,0.4392807921230899,scr2005,avaConv,solar
UK,h0276,0.5351105573702231,scr2005,avaConv,solar
UK,h0277,0.6543246330944579,scr2005,avaConv,solar
UK,h0278,0.7227092646986802,scr2005,avaConv,solar
UK,h0279,0.723416259603296,scr2005,avaConv,solar
UK,h0280,0.6150421471093936,scr2005,avaConv,solar
UK,h0281,0.4550954751538998,scr2005,avaConv,solar
UK,h0282,0.2523096662723953,scr2005,avaConv,solar
UK,h0283,0.0929228912893965,scr2005,avaConv,solar
UK,h0284,0.018590892696718687,scr2005,avaConv,solar
UK,h0285,0.004355888678963359,scr2005,avaConv,solar
UK,h0286,0.0031501071243058066,scr2005,avaConv,solar
UK,h0287,0.0,scr2005,avaConv,solar
UK,h0288,0.0,scr2005,avaConv,solar
