region_2,category,timestep_6,value,scenario_1,parameter,technology_3
AL,1,h0025,0.4130031359457677,scr2016,avaConv,onshore_a
AL,1,h0026,0.513127928297674,scr2016,avaConv,onshore_a
AL,1,h0027,0.5421043880462254,scr2016,avaConv,onshore_a
AL,1,h0028,0.6078324765603182,scr2016,avaConv,onshore_a
AL,1,h0029,0.5131495081066231,scr2016,avaConv,onshore_a
AL,1,h0030,0.4549232203130891,scr2016,avaConv,onshore_a
AL,1,h0031,0.1640609879576362,scr2016,avaConv,onshore_a
AL,1,h0032,0.17649729882774912,scr2016,avaConv,onshore_a
AL,1,h0033,0.3648616761275059,scr2016,avaConv,onshore_a
AL,1,h0034,0.4737510414041102,scr2016,avaConv,onshore_a
AL,1,h0035,0.5629390982035597,scr2016,avaConv,onshore_a
AL,1,h0036,0.45920675505043684,scr2016,avaConv,onshore_a
AL,1,h0037,0.6548746915372302,scr2016,avaConv,onshore_a
AL,1,h0038,0.7149050878717343,scr2016,avaConv,onshore_a
AL,1,h0039,0.7339226190518356,scr2016,avaConv,onshore_a
AL,1,h0040,0.5139504069215862,scr2016,avaConv,onshore_a
AL,1,h0041,0.3501022197634288,scr2016,avaConv,onshore_a
AL,1,h0042,0.27170518909088465,scr2016,avaConv,onshore_a
AL,1,h0043,0.23950218553118166,scr2016,avaConv,onshore_a
AL,1,h0044,0.5588967716925435,scr2016,avaConv,onshore_a
AL,1,h0045,0.7107294630116975,scr2016,avaConv,onshore_a
AL,1,h0046,0.6979898950178199,scr2016,avaConv,onshore_a
AL,1,h0047,0.6227173871992209,scr2016,avaConv,onshore_a
AL,1,h0048,0.5707904596364194,scr2016,avaConv,onshore_a
AT,1,h0025,0.3749180037162607,scr2016,avaConv,onshore_a
AT,1,h0026,0.31188584446166673,scr2016,avaConv,onshore_a
AT,1,h0027,0.24930909306180782,scr2016,avaConv,onshore_a
AT,1,h0028,0.40185073422226997,scr2016,avaConv,onshore_a
AT,1,h0029,0.44475967371739755,scr2016,avaConv,onshore_a
AT,1,h0030,0.40465825994598886,scr2016,avaConv,onshore_a
AT,1,h0031,0.3642145603692672,scr2016,avaConv,onshore_a
AT,1,h0032,0.3356523855163937,scr2016,avaConv,onshore_a
AT,1,h0033,0.5213394399233648,scr2016,avaConv,onshore_a
AT,1,h0034,0.34728093301186513,scr2016,avaConv,onshore_a
AT,1,h0035,0.5128839262356906,scr2016,avaConv,onshore_a
AT,1,h0036,0.39863285520254343,scr2016,avaConv,onshore_a
AT,1,h0037,0.35247147205677587,scr2016,avaConv,onshore_a
AT,1,h0038,0.5288371505587371,scr2016,avaConv,onshore_a
AT,1,h0039,0.4539416541347336,scr2016,avaConv,onshore_a
AT,1,h0040,0.4539130598744156,scr2016,avaConv,onshore_a
AT,1,h0041,0.27056203142977864,scr2016,avaConv,onshore_a
AT,1,h0042,0.23051931866521078,scr2016,avaConv,onshore_a
AT,1,h0043,0.3451790086921047,scr2016,avaConv,onshore_a
AT,1,h0044,0.3498207058402209,scr2016,avaConv,onshore_a
AT,1,h0045,0.5703669951606842,scr2016,avaConv,onshore_a
AT,1,h0046,0.5052264727421238,scr2016,avaConv,onshore_a
AT,1,h0047,0.36441353196597226,scr2016,avaConv,onshore_a
AT,1,h0048,0.4536752569688674,scr2016,avaConv,onshore_a
BA,1,h0025,0.2981121833511082,scr2016,avaConv,onshore_a
BA,1,h0026,0.2371865066280621,scr2016,avaConv,onshore_a
BA,1,h0027,0.4181006682804111,scr2016,avaConv,onshore_a
BA,1,h0028,0.6452875848993752,scr2016,avaConv,onshore_a
BA,1,h0029,0.7108604571339395,scr2016,avaConv,onshore_a
BA,1,h0030,0.6260192195464569,scr2016,avaConv,onshore_a
BA,1,h0031,0.38110625468872034,scr2016,avaConv,onshore_a
BA,1,h0032,0.3510858059184505,scr2016,avaConv,onshore_a
BA,1,h0033,0.24388001576253646,scr2016,avaConv,onshore_a
BA,1,h0034,0.19840283523685195,scr2016,avaConv,onshore_a
BA,1,h0035,0.3431101060496511,scr2016,avaConv,onshore_a
BA,1,h0036,0.6487355520595164,scr2016,avaConv,onshore_a
BA,1,h0037,0.6904438302733398,scr2016,avaConv,onshore_a
BA,1,h0038,0.5521450184610097,scr2016,avaConv,onshore_a
BA,1,h0039,0.5653327082979825,scr2016,avaConv,onshore_a
BA,1,h0040,0.5071208371313273,scr2016,avaConv,onshore_a
BA,1,h0041,0.6332769890784444,scr2016,avaConv,onshore_a
BA,1,h0042,0.3074680664258142,scr2016,avaConv,onshore_a
BA,1,h0043,0.3087359130679103,scr2016,avaConv,onshore_a
BA,1,h0044,0.20466277046674664,scr2016,avaConv,onshore_a
BA,1,h0045,0.32878516403398994,scr2016,avaConv,onshore_a
BA,1,h0046,0.38141626281740776,scr2016,avaConv,onshore_a
BA,1,h0047,0.4725909129512063,scr2016,avaConv,onshore_a
BA,1,h0048,0.5149308922330635,scr2016,avaConv,onshore_a
BE,1,h0025,0.24370534871869215,scr2016,avaConv,onshore_a
BE,1,h0026,0.17363920423636972,scr2016,avaConv,onshore_a
BE,1,h0027,0.15817599461388493,scr2016,avaConv,onshore_a
BE,1,h0028,0.07827405066099084,scr2016,avaConv,onshore_a
BE,1,h0029,0.3515101098552936,scr2016,avaConv,onshore_a
BE,1,h0030,0.40792355441089656,scr2016,avaConv,onshore_a
BE,1,h0031,0.39389093863987357,scr2016,avaConv,onshore_a
BE,1,h0032,0.1505111129659622,scr2016,avaConv,onshore_a
BE,1,h0033,0.04684271773362095,scr2016,avaConv,onshore_a
BE,1,h0034,0.11375332822483165,scr2016,avaConv,onshore_a
BE,1,h0035,0.07890297360202089,scr2016,avaConv,onshore_a
BE,1,h0036,0.08974719999004514,scr2016,avaConv,onshore_a
BE,1,h0037,0.19674609361396914,scr2016,avaConv,onshore_a
BE,1,h0038,0.2512532594396824,scr2016,avaConv,onshore_a
BE,1,h0039,0.546965355352613,scr2016,avaConv,onshore_a
BE,1,h0040,0.3432662096176118,scr2016,avaConv,onshore_a
BE,1,h0041,0.3483780468182581,scr2016,avaConv,onshore_a
BE,1,h0042,0.07937763514123682,scr2016,avaConv,onshore_a
BE,1,h0043,0.1277105794835248,scr2016,avaConv,onshore_a
BE,1,h0044,0.06398493374728864,scr2016,avaConv,onshore_a
BE,1,h0045,0.13075359447722418,scr2016,avaConv,onshore_a
BE,1,h0046,0.15021929567749215,scr2016,avaConv,onshore_a
BE,1,h0047,0.34576232052251404,scr2016,avaConv,onshore_a
BE,1,h0048,0.2751906480301429,scr2016,avaConv,onshore_a
BG,1,h0025,0.14288967856760942,scr2016,avaConv,onshore_a
BG,1,h0026,0.2790896945810606,scr2016,avaConv,onshore_a
BG,1,h0027,0.2743889093551686,scr2016,avaConv,onshore_a
BG,1,h0028,0.2132977437316675,scr2016,avaConv,onshore_a
BG,1,h0029,0.06885709693424255,scr2016,avaConv,onshore_a
BG,1,h0030,0.07831068054299499,scr2016,avaConv,onshore_a
BG,1,h0031,0.04845194274073979,scr2016,avaConv,onshore_a
BG,1,h0032,0.11579326216582751,scr2016,avaConv,onshore_a
BG,1,h0033,0.2854958660458117,scr2016,avaConv,onshore_a
BG,1,h0034,0.327533010739535,scr2016,avaConv,onshore_a
BG,1,h0035,0.3342402748246546,scr2016,avaConv,onshore_a
BG,1,h0036,0.28984841885894286,scr2016,avaConv,onshore_a
BG,1,h0037,0.4621055635432847,scr2016,avaConv,onshore_a
BG,1,h0038,0.46590605350963854,scr2016,avaConv,onshore_a
BG,1,h0039,0.35830079098728423,scr2016,avaConv,onshore_a
BG,1,h0040,0.0922836383705719,scr2016,avaConv,onshore_a
BG,1,h0041,0.35377732457017036,scr2016,avaConv,onshore_a
BG,1,h0042,0.4496166139796162,scr2016,avaConv,onshore_a
BG,1,h0043,0.5040914586370109,scr2016,avaConv,onshore_a
BG,1,h0044,0.20659004096732753,scr2016,avaConv,onshore_a
BG,1,h0045,0.08612137978928851,scr2016,avaConv,onshore_a
BG,1,h0046,0.10172244186266925,scr2016,avaConv,onshore_a
BG,1,h0047,0.10626939277120812,scr2016,avaConv,onshore_a
BG,1,h0048,0.3041356141184883,scr2016,avaConv,onshore_a
CH,1,h0025,0.20342543633511748,scr2016,avaConv,onshore_a
CH,1,h0026,0.17390713500919705,scr2016,avaConv,onshore_a
CH,1,h0027,0.1812568524981828,scr2016,avaConv,onshore_a
CH,1,h0028,0.18875584852730523,scr2016,avaConv,onshore_a
CH,1,h0029,0.44216850424618404,scr2016,avaConv,onshore_a
CH,1,h0030,0.46974285111623654,scr2016,avaConv,onshore_a
CH,1,h0031,0.434609138402449,scr2016,avaConv,onshore_a
CH,1,h0032,0.243983901440153,scr2016,avaConv,onshore_a
CH,1,h0033,0.33404887477938866,scr2016,avaConv,onshore_a
CH,1,h0034,0.3244527281792604,scr2016,avaConv,onshore_a
CH,1,h0035,0.2755979414821626,scr2016,avaConv,onshore_a
CH,1,h0036,0.07792832087726223,scr2016,avaConv,onshore_a
CH,1,h0037,0.19271384993370946,scr2016,avaConv,onshore_a
CH,1,h0038,0.2895108930804709,scr2016,avaConv,onshore_a
CH,1,h0039,0.4364400895566506,scr2016,avaConv,onshore_a
CH,1,h0040,0.3437855896658072,scr2016,avaConv,onshore_a
CH,1,h0041,0.29959959275698234,scr2016,avaConv,onshore_a
CH,1,h0042,0.13244319288180323,scr2016,avaConv,onshore_a
CH,1,h0043,0.14633826622387433,scr2016,avaConv,onshore_a
CH,1,h0044,0.19760225520781696,scr2016,avaConv,onshore_a
CH,1,h0045,0.37307950278536406,scr2016,avaConv,onshore_a
CH,1,h0046,0.5033265494454084,scr2016,avaConv,onshore_a
CH,1,h0047,0.43057116194757394,scr2016,avaConv,onshore_a
CH,1,h0048,0.30438373865293394,scr2016,avaConv,onshore_a
CZ,1,h0025,0.2781783452478767,scr2016,avaConv,onshore_a
CZ,1,h0026,0.27796601933896203,scr2016,avaConv,onshore_a
CZ,1,h0027,0.3411755276302216,scr2016,avaConv,onshore_a
CZ,1,h0028,0.38428052027244236,scr2016,avaConv,onshore_a
CZ,1,h0029,0.4529690681139347,scr2016,avaConv,onshore_a
CZ,1,h0030,0.4866654547968517,scr2016,avaConv,onshore_a
CZ,1,h0031,0.5157732153384827,scr2016,avaConv,onshore_a
CZ,1,h0032,0.44650927770976717,scr2016,avaConv,onshore_a
CZ,1,h0033,0.3114087639054202,scr2016,avaConv,onshore_a
CZ,1,h0034,0.22840918160998552,scr2016,avaConv,onshore_a
CZ,1,h0035,0.26590794122607414,scr2016,avaConv,onshore_a
CZ,1,h0036,0.24204390801959888,scr2016,avaConv,onshore_a
CZ,1,h0037,0.17362902672021854,scr2016,avaConv,onshore_a
CZ,1,h0038,0.4117238301732314,scr2016,avaConv,onshore_a
CZ,1,h0039,0.5039134111538558,scr2016,avaConv,onshore_a
CZ,1,h0040,0.5197801837637558,scr2016,avaConv,onshore_a
CZ,1,h0041,0.26195605488721313,scr2016,avaConv,onshore_a
CZ,1,h0042,0.13165099286312154,scr2016,avaConv,onshore_a
CZ,1,h0043,0.26263301724424476,scr2016,avaConv,onshore_a
CZ,1,h0044,0.4295490675957362,scr2016,avaConv,onshore_a
CZ,1,h0045,0.6430639237672915,scr2016,avaConv,onshore_a
CZ,1,h0046,0.5136037157144172,scr2016,avaConv,onshore_a
CZ,1,h0047,0.34221170723225586,scr2016,avaConv,onshore_a
CZ,1,h0048,0.15529932553453243,scr2016,avaConv,onshore_a
DE,1,h0025,0.15990080614096014,scr2016,avaConv,onshore_a
DE,1,h0026,0.18826790824659137,scr2016,avaConv,onshore_a
DE,1,h0027,0.25563417729019927,scr2016,avaConv,onshore_a
DE,1,h0028,0.2132465809871931,scr2016,avaConv,onshore_a
DE,1,h0029,0.390279226190207,scr2016,avaConv,onshore_a
DE,1,h0030,0.43636855872954344,scr2016,avaConv,onshore_a
DE,1,h0031,0.46454731307145625,scr2016,avaConv,onshore_a
DE,1,h0032,0.2644642643970765,scr2016,avaConv,onshore_a
DE,1,h0033,0.09511775635215305,scr2016,avaConv,onshore_a
DE,1,h0034,0.1762652788107813,scr2016,avaConv,onshore_a
DE,1,h0035,0.1253377795572431,scr2016,avaConv,onshore_a
DE,1,h0036,0.184650250920053,scr2016,avaConv,onshore_a
DE,1,h0037,0.1401042798970131,scr2016,avaConv,onshore_a
DE,1,h0038,0.26120290302926624,scr2016,avaConv,onshore_a
DE,1,h0039,0.41654931413471363,scr2016,avaConv,onshore_a
DE,1,h0040,0.37537737070311056,scr2016,avaConv,onshore_a
DE,1,h0041,0.3112702777998533,scr2016,avaConv,onshore_a
DE,1,h0042,0.13727868775566054,scr2016,avaConv,onshore_a
DE,1,h0043,0.29748717359779087,scr2016,avaConv,onshore_a
DE,1,h0044,0.4271223762719872,scr2016,avaConv,onshore_a
DE,1,h0045,0.6128680085230269,scr2016,avaConv,onshore_a
DE,1,h0046,0.4414659328318635,scr2016,avaConv,onshore_a
DE,1,h0047,0.34675177845862193,scr2016,avaConv,onshore_a
DE,1,h0048,0.11954849881023988,scr2016,avaConv,onshore_a
EE,1,h0025,0.07912712098062268,scr2016,avaConv,onshore_a
EE,1,h0026,0.251058389021944,scr2016,avaConv,onshore_a
EE,1,h0027,0.24706914906549812,scr2016,avaConv,onshore_a
EE,1,h0028,0.24181957108958102,scr2016,avaConv,onshore_a
EE,1,h0029,0.16367610224212725,scr2016,avaConv,onshore_a
EE,1,h0030,0.17083589327461357,scr2016,avaConv,onshore_a
EE,1,h0031,0.24091629432917955,scr2016,avaConv,onshore_a
EE,1,h0032,0.16778343780662092,scr2016,avaConv,onshore_a
EE,1,h0033,0.27518454405975146,scr2016,avaConv,onshore_a
EE,1,h0034,0.2464529595317532,scr2016,avaConv,onshore_a
EE,1,h0035,0.29834359104949093,scr2016,avaConv,onshore_a
EE,1,h0036,0.29512252909645215,scr2016,avaConv,onshore_a
EE,1,h0037,0.36471639888916574,scr2016,avaConv,onshore_a
EE,1,h0038,0.28234225482106473,scr2016,avaConv,onshore_a
EE,1,h0039,0.2258641234856505,scr2016,avaConv,onshore_a
EE,1,h0040,0.07543455596348793,scr2016,avaConv,onshore_a
EE,1,h0041,0.07445176364885446,scr2016,avaConv,onshore_a
EE,1,h0042,0.0005693318501414138,scr2016,avaConv,onshore_a
EE,1,h0043,0.0,scr2016,avaConv,onshore_a
EE,1,h0044,0.03625598402172844,scr2016,avaConv,onshore_a
EE,1,h0045,0.11275404067420051,scr2016,avaConv,onshore_a
EE,1,h0046,0.1275459543148015,scr2016,avaConv,onshore_a
EE,1,h0047,0.18644368129932315,scr2016,avaConv,onshore_a
EE,1,h0048,0.15711051717953498,scr2016,avaConv,onshore_a
ES,1,h0025,0.2817088401750414,scr2016,avaConv,onshore_a
ES,1,h0026,0.18528330393298834,scr2016,avaConv,onshore_a
ES,1,h0027,0.09967676178497811,scr2016,avaConv,onshore_a
ES,1,h0028,0.21780441620537894,scr2016,avaConv,onshore_a
ES,1,h0029,0.38526390946054667,scr2016,avaConv,onshore_a
ES,1,h0030,0.43119470403574334,scr2016,avaConv,onshore_a
ES,1,h0031,0.4150094453928982,scr2016,avaConv,onshore_a
ES,1,h0032,0.47331071952922954,scr2016,avaConv,onshore_a
ES,1,h0033,0.5734043055502054,scr2016,avaConv,onshore_a
ES,1,h0034,0.6480860117599803,scr2016,avaConv,onshore_a
ES,1,h0035,0.5144159672940938,scr2016,avaConv,onshore_a
ES,1,h0036,0.3445166039073193,scr2016,avaConv,onshore_a
ES,1,h0037,0.22825498907488664,scr2016,avaConv,onshore_a
ES,1,h0038,0.24372005845190642,scr2016,avaConv,onshore_a
ES,1,h0039,0.25906728791814926,scr2016,avaConv,onshore_a
ES,1,h0040,0.30477762771983563,scr2016,avaConv,onshore_a
ES,1,h0041,0.29438526872276477,scr2016,avaConv,onshore_a
ES,1,h0042,0.3528383019892895,scr2016,avaConv,onshore_a
ES,1,h0043,0.41665571414320723,scr2016,avaConv,onshore_a
ES,1,h0044,0.43374780750558506,scr2016,avaConv,onshore_a
ES,1,h0045,0.43825085515382173,scr2016,avaConv,onshore_a
ES,1,h0046,0.38162896516103956,scr2016,avaConv,onshore_a
ES,1,h0047,0.4096470057029391,scr2016,avaConv,onshore_a
ES,1,h0048,0.3765128605237679,scr2016,avaConv,onshore_a
FI,1,h0025,0.26044716322527545,scr2016,avaConv,onshore_a
FI,1,h0026,0.5325201841023627,scr2016,avaConv,onshore_a
FI,1,h0027,0.524778106112664,scr2016,avaConv,onshore_a
FI,1,h0028,0.5316810729175963,scr2016,avaConv,onshore_a
FI,1,h0029,0.5316502407261114,scr2016,avaConv,onshore_a
FI,1,h0030,0.5266674704305975,scr2016,avaConv,onshore_a
FI,1,h0031,0.39217126059729424,scr2016,avaConv,onshore_a
FI,1,h0032,0.11405127526132736,scr2016,avaConv,onshore_a
FI,1,h0033,0.29230945376835404,scr2016,avaConv,onshore_a
FI,1,h0034,0.347731126370645,scr2016,avaConv,onshore_a
FI,1,h0035,0.3467266077468929,scr2016,avaConv,onshore_a
FI,1,h0036,0.19304866618480027,scr2016,avaConv,onshore_a
FI,1,h0037,0.26124066599826967,scr2016,avaConv,onshore_a
FI,1,h0038,0.19876794770128678,scr2016,avaConv,onshore_a
FI,1,h0039,0.46162841306115926,scr2016,avaConv,onshore_a
FI,1,h0040,0.3420946931744473,scr2016,avaConv,onshore_a
FI,1,h0041,0.3277282115162241,scr2016,avaConv,onshore_a
FI,1,h0042,0.008875873158961359,scr2016,avaConv,onshore_a
FI,1,h0043,0.08091271502623082,scr2016,avaConv,onshore_a
FI,1,h0044,0.28751518454886976,scr2016,avaConv,onshore_a
FI,1,h0045,0.35883594787310547,scr2016,avaConv,onshore_a
FI,1,h0046,0.36255459361646136,scr2016,avaConv,onshore_a
FI,1,h0047,0.22350802345397572,scr2016,avaConv,onshore_a
FI,1,h0048,0.17366361013449472,scr2016,avaConv,onshore_a
FR,1,h0025,0.324366711318991,scr2016,avaConv,onshore_a
FR,1,h0026,0.23559334656268732,scr2016,avaConv,onshore_a
FR,1,h0027,0.23153272042054474,scr2016,avaConv,onshore_a
FR,1,h0028,0.15187562582797884,scr2016,avaConv,onshore_a
FR,1,h0029,0.4172047655242297,scr2016,avaConv,onshore_a
FR,1,h0030,0.405581515730733,scr2016,avaConv,onshore_a
FR,1,h0031,0.39568982485917986,scr2016,avaConv,onshore_a
FR,1,h0032,0.17187450773529508,scr2016,avaConv,onshore_a
FR,1,h0033,0.202433488743343,scr2016,avaConv,onshore_a
FR,1,h0034,0.19726294416568046,scr2016,avaConv,onshore_a
FR,1,h0035,0.22432513705050997,scr2016,avaConv,onshore_a
FR,1,h0036,0.1634840549459648,scr2016,avaConv,onshore_a
FR,1,h0037,0.33965349150885255,scr2016,avaConv,onshore_a
FR,1,h0038,0.38142317917751,scr2016,avaConv,onshore_a
FR,1,h0039,0.46705190311192885,scr2016,avaConv,onshore_a
FR,1,h0040,0.3049646414763904,scr2016,avaConv,onshore_a
FR,1,h0041,0.2528935672796767,scr2016,avaConv,onshore_a
FR,1,h0042,0.20095771812790894,scr2016,avaConv,onshore_a
FR,1,h0043,0.29732948570942197,scr2016,avaConv,onshore_a
FR,1,h0044,0.2474578727754643,scr2016,avaConv,onshore_a
FR,1,h0045,0.26195595653926507,scr2016,avaConv,onshore_a
FR,1,h0046,0.35019757399566454,scr2016,avaConv,onshore_a
FR,1,h0047,0.4766919145492928,scr2016,avaConv,onshore_a
FR,1,h0048,0.5174347897641093,scr2016,avaConv,onshore_a
GR,1,h0025,0.3052236287738926,scr2016,avaConv,onshore_a
GR,1,h0026,0.33852575781710603,scr2016,avaConv,onshore_a
GR,1,h0027,0.32593043400470867,scr2016,avaConv,onshore_a
GR,1,h0028,0.4301031866522535,scr2016,avaConv,onshore_a
GR,1,h0029,0.4278720347397972,scr2016,avaConv,onshore_a
GR,1,h0030,0.36377874886134254,scr2016,avaConv,onshore_a
GR,1,h0031,0.018890609785377863,scr2016,avaConv,onshore_a
GR,1,h0032,0.0023825406643571273,scr2016,avaConv,onshore_a
GR,1,h0033,0.3133314119241985,scr2016,avaConv,onshore_a
GR,1,h0034,0.46453661699417664,scr2016,avaConv,onshore_a
GR,1,h0035,0.6673083795787189,scr2016,avaConv,onshore_a
GR,1,h0036,0.42054758260073904,scr2016,avaConv,onshore_a
GR,1,h0037,0.6410388606860653,scr2016,avaConv,onshore_a
GR,1,h0038,0.6126820301939702,scr2016,avaConv,onshore_a
GR,1,h0039,0.6724282914823423,scr2016,avaConv,onshore_a
GR,1,h0040,0.44641532124482725,scr2016,avaConv,onshore_a
GR,1,h0041,0.42101146068598294,scr2016,avaConv,onshore_a
GR,1,h0042,0.49995427912113205,scr2016,avaConv,onshore_a
GR,1,h0043,0.3778919132726393,scr2016,avaConv,onshore_a
GR,1,h0044,0.4266081437734653,scr2016,avaConv,onshore_a
GR,1,h0045,0.6027718378339433,scr2016,avaConv,onshore_a
GR,1,h0046,0.5907036596938249,scr2016,avaConv,onshore_a
GR,1,h0047,0.5447508361545779,scr2016,avaConv,onshore_a
GR,1,h0048,0.5462545741252276,scr2016,avaConv,onshore_a
HR,1,h0025,0.42803624486222636,scr2016,avaConv,onshore_a
HR,1,h0026,0.29051986586025863,scr2016,avaConv,onshore_a
HR,1,h0027,0.35747575840368434,scr2016,avaConv,onshore_a
HR,1,h0028,0.5237971794638876,scr2016,avaConv,onshore_a
HR,1,h0029,0.5343845553105128,scr2016,avaConv,onshore_a
HR,1,h0030,0.6289708719405228,scr2016,avaConv,onshore_a
HR,1,h0031,0.3264140933619399,scr2016,avaConv,onshore_a
HR,1,h0032,0.3546556886238058,scr2016,avaConv,onshore_a
HR,1,h0033,0.14736742472678763,scr2016,avaConv,onshore_a
HR,1,h0034,0.16743692357229498,scr2016,avaConv,onshore_a
HR,1,h0035,0.17446185996583793,scr2016,avaConv,onshore_a
HR,1,h0036,0.4918902301150232,scr2016,avaConv,onshore_a
HR,1,h0037,0.5097374411039252,scr2016,avaConv,onshore_a
HR,1,h0038,0.4796411429525094,scr2016,avaConv,onshore_a
HR,1,h0039,0.44062073921026834,scr2016,avaConv,onshore_a
HR,1,h0040,0.41343176371571766,scr2016,avaConv,onshore_a
HR,1,h0041,0.655889570073016,scr2016,avaConv,onshore_a
HR,1,h0042,0.3401681644490744,scr2016,avaConv,onshore_a
HR,1,h0043,0.3480633533551937,scr2016,avaConv,onshore_a
HR,1,h0044,0.07014530594177883,scr2016,avaConv,onshore_a
HR,1,h0045,0.2623155947601279,scr2016,avaConv,onshore_a
HR,1,h0046,0.24813278193520932,scr2016,avaConv,onshore_a
HR,1,h0047,0.35277825853902817,scr2016,avaConv,onshore_a
HR,1,h0048,0.16023275701504938,scr2016,avaConv,onshore_a
HU,1,h0025,0.31890826824539614,scr2016,avaConv,onshore_a
HU,1,h0026,0.3012999988086028,scr2016,avaConv,onshore_a
HU,1,h0027,0.1589797924576631,scr2016,avaConv,onshore_a
HU,1,h0028,0.2516906703112551,scr2016,avaConv,onshore_a
HU,1,h0029,0.2319523690764443,scr2016,avaConv,onshore_a
HU,1,h0030,0.3182133093491369,scr2016,avaConv,onshore_a
HU,1,h0031,0.16841409924775425,scr2016,avaConv,onshore_a
HU,1,h0032,0.21682526350581846,scr2016,avaConv,onshore_a
HU,1,h0033,0.38074826875508233,scr2016,avaConv,onshore_a
HU,1,h0034,0.2889971850964584,scr2016,avaConv,onshore_a
HU,1,h0035,0.4467044136002075,scr2016,avaConv,onshore_a
HU,1,h0036,0.366038565366106,scr2016,avaConv,onshore_a
HU,1,h0037,0.3499133160413333,scr2016,avaConv,onshore_a
HU,1,h0038,0.4365333025057705,scr2016,avaConv,onshore_a
HU,1,h0039,0.3192511890939082,scr2016,avaConv,onshore_a
HU,1,h0040,0.3049657288841368,scr2016,avaConv,onshore_a
HU,1,h0041,0.19368366092046368,scr2016,avaConv,onshore_a
HU,1,h0042,0.11341417229829233,scr2016,avaConv,onshore_a
HU,1,h0043,0.14060011831209776,scr2016,avaConv,onshore_a
HU,1,h0044,0.06682683295816148,scr2016,avaConv,onshore_a
HU,1,h0045,0.26566408325072016,scr2016,avaConv,onshore_a
HU,1,h0046,0.2663029455441628,scr2016,avaConv,onshore_a
HU,1,h0047,0.188979532039472,scr2016,avaConv,onshore_a
HU,1,h0048,0.31626826711283224,scr2016,avaConv,onshore_a
IE,1,h0025,0.40630948893399527,scr2016,avaConv,onshore_a
IE,1,h0026,0.32673657764387676,scr2016,avaConv,onshore_a
IE,1,h0027,0.15539955525965504,scr2016,avaConv,onshore_a
IE,1,h0028,0.2741926638013835,scr2016,avaConv,onshore_a
IE,1,h0029,0.566323290925638,scr2016,avaConv,onshore_a
IE,1,h0030,0.6155423621129275,scr2016,avaConv,onshore_a
IE,1,h0031,0.38346830819461053,scr2016,avaConv,onshore_a
IE,1,h0032,0.2054852864422265,scr2016,avaConv,onshore_a
IE,1,h0033,0.34302191858691833,scr2016,avaConv,onshore_a
IE,1,h0034,0.3441256198583628,scr2016,avaConv,onshore_a
IE,1,h0035,0.3187897598371733,scr2016,avaConv,onshore_a
IE,1,h0036,0.22186464332440012,scr2016,avaConv,onshore_a
IE,1,h0037,0.2615663590651285,scr2016,avaConv,onshore_a
IE,1,h0038,0.2352419617966514,scr2016,avaConv,onshore_a
IE,1,h0039,0.22194141969046688,scr2016,avaConv,onshore_a
IE,1,h0040,0.17501764847731813,scr2016,avaConv,onshore_a
IE,1,h0041,0.22799253747703124,scr2016,avaConv,onshore_a
IE,1,h0042,0.18389603340145155,scr2016,avaConv,onshore_a
IE,1,h0043,0.305180373989842,scr2016,avaConv,onshore_a
IE,1,h0044,0.2961294146999475,scr2016,avaConv,onshore_a
IE,1,h0045,0.2538991506460554,scr2016,avaConv,onshore_a
IE,1,h0046,0.1964546602692609,scr2016,avaConv,onshore_a
IE,1,h0047,0.09790771395808176,scr2016,avaConv,onshore_a
IE,1,h0048,0.22052819132877785,scr2016,avaConv,onshore_a
LT,1,h0025,0.3431897565170631,scr2016,avaConv,onshore_a
LT,1,h0026,0.4648725043594574,scr2016,avaConv,onshore_a
LT,1,h0027,0.5232420459020891,scr2016,avaConv,onshore_a
LT,1,h0028,0.3867878515196485,scr2016,avaConv,onshore_a
LT,1,h0029,0.24718780123149514,scr2016,avaConv,onshore_a
LT,1,h0030,0.24651957957384937,scr2016,avaConv,onshore_a
LT,1,h0031,0.36468021184370153,scr2016,avaConv,onshore_a
LT,1,h0032,0.3945819777251636,scr2016,avaConv,onshore_a
LT,1,h0033,0.30096423208717216,scr2016,avaConv,onshore_a
LT,1,h0034,0.33033992632166864,scr2016,avaConv,onshore_a
LT,1,h0035,0.38759392909862167,scr2016,avaConv,onshore_a
LT,1,h0036,0.6286669902032854,scr2016,avaConv,onshore_a
LT,1,h0037,0.7176497661879913,scr2016,avaConv,onshore_a
LT,1,h0038,0.6438272175936753,scr2016,avaConv,onshore_a
LT,1,h0039,0.5581713368751651,scr2016,avaConv,onshore_a
LT,1,h0040,0.3098202098581696,scr2016,avaConv,onshore_a
LT,1,h0041,0.23052883391359666,scr2016,avaConv,onshore_a
LT,1,h0042,0.06192624633710673,scr2016,avaConv,onshore_a
LT,1,h0043,0.038496740598363194,scr2016,avaConv,onshore_a
LT,1,h0044,0.09075677921222335,scr2016,avaConv,onshore_a
LT,1,h0045,0.22803988896758218,scr2016,avaConv,onshore_a
LT,1,h0046,0.2266707294851957,scr2016,avaConv,onshore_a
LT,1,h0047,0.26693739613757905,scr2016,avaConv,onshore_a
LT,1,h0048,0.23127494881094665,scr2016,avaConv,onshore_a
LU,1,h0025,0.31600500051246005,scr2016,avaConv,onshore_a
LU,1,h0026,0.26991312232582554,scr2016,avaConv,onshore_a
LU,1,h0027,0.24300673672618656,scr2016,avaConv,onshore_a
LU,1,h0028,0.04158586736023201,scr2016,avaConv,onshore_a
LU,1,h0029,0.38895016761892376,scr2016,avaConv,onshore_a
LU,1,h0030,0.37098223897688404,scr2016,avaConv,onshore_a
LU,1,h0031,0.37718961251397803,scr2016,avaConv,onshore_a
LU,1,h0032,0.07503972120608213,scr2016,avaConv,onshore_a
LU,1,h0033,0.002387689682036385,scr2016,avaConv,onshore_a
LU,1,h0034,0.23080347905710122,scr2016,avaConv,onshore_a
LU,1,h0035,0.21351012103531022,scr2016,avaConv,onshore_a
LU,1,h0036,0.3145930663874546,scr2016,avaConv,onshore_a
LU,1,h0037,0.3999475586797575,scr2016,avaConv,onshore_a
LU,1,h0038,0.46405347406846903,scr2016,avaConv,onshore_a
LU,1,h0039,0.7023037126360345,scr2016,avaConv,onshore_a
LU,1,h0040,0.46414268293314914,scr2016,avaConv,onshore_a
LU,1,h0041,0.5603338943436637,scr2016,avaConv,onshore_a
LU,1,h0042,0.25565014397275765,scr2016,avaConv,onshore_a
LU,1,h0043,0.2687898463264396,scr2016,avaConv,onshore_a
LU,1,h0044,0.050528506275707,scr2016,avaConv,onshore_a
LU,1,h0045,0.20885295927909778,scr2016,avaConv,onshore_a
LU,1,h0046,0.2681711519009732,scr2016,avaConv,onshore_a
LU,1,h0047,0.39720747677276225,scr2016,avaConv,onshore_a
LU,1,h0048,0.2226521220797776,scr2016,avaConv,onshore_a
LV,1,h0025,0.13039433337952452,scr2016,avaConv,onshore_a
LV,1,h0026,0.32738772669855,scr2016,avaConv,onshore_a
LV,1,h0027,0.3839289116036118,scr2016,avaConv,onshore_a
LV,1,h0028,0.3289108658566411,scr2016,avaConv,onshore_a
LV,1,h0029,0.13448359643386917,scr2016,avaConv,onshore_a
LV,1,h0030,0.09165549587744572,scr2016,avaConv,onshore_a
LV,1,h0031,0.2396001179640744,scr2016,avaConv,onshore_a
LV,1,h0032,0.2084215768027107,scr2016,avaConv,onshore_a
LV,1,h0033,0.23104384186491222,scr2016,avaConv,onshore_a
LV,1,h0034,0.18215665218967103,scr2016,avaConv,onshore_a
LV,1,h0035,0.2608999607657494,scr2016,avaConv,onshore_a
LV,1,h0036,0.48276218970498513,scr2016,avaConv,onshore_a
LV,1,h0037,0.5516469897701896,scr2016,avaConv,onshore_a
LV,1,h0038,0.4675538525722947,scr2016,avaConv,onshore_a
LV,1,h0039,0.24440055231442262,scr2016,avaConv,onshore_a
LV,1,h0040,0.06923883614698335,scr2016,avaConv,onshore_a
LV,1,h0041,0.030247835434896536,scr2016,avaConv,onshore_a
LV,1,h0042,0.0038156332398908564,scr2016,avaConv,onshore_a
LV,1,h0043,0.0,scr2016,avaConv,onshore_a
LV,1,h0044,0.04746069925249566,scr2016,avaConv,onshore_a
LV,1,h0045,0.13131967479490567,scr2016,avaConv,onshore_a
LV,1,h0046,0.14317737649298679,scr2016,avaConv,onshore_a
LV,1,h0047,0.1793142483888117,scr2016,avaConv,onshore_a
LV,1,h0048,0.1447352880764899,scr2016,avaConv,onshore_a
ME,1,h0025,0.11507965172630057,scr2016,avaConv,onshore_a
ME,1,h0026,0.10163160384672913,scr2016,avaConv,onshore_a
ME,1,h0027,0.20363075748731535,scr2016,avaConv,onshore_a
ME,1,h0028,0.5187557675643212,scr2016,avaConv,onshore_a
ME,1,h0029,0.5470384051412559,scr2016,avaConv,onshore_a
ME,1,h0030,0.5005569582303083,scr2016,avaConv,onshore_a
ME,1,h0031,0.13613805652770122,scr2016,avaConv,onshore_a
ME,1,h0032,0.09633758243682086,scr2016,avaConv,onshore_a
ME,1,h0033,0.23174275405041606,scr2016,avaConv,onshore_a
ME,1,h0034,0.25201708715079807,scr2016,avaConv,onshore_a
ME,1,h0035,0.32658237375121846,scr2016,avaConv,onshore_a
ME,1,h0036,0.383983784649632,scr2016,avaConv,onshore_a
ME,1,h0037,0.571520325717839,scr2016,avaConv,onshore_a
ME,1,h0038,0.532900457682416,scr2016,avaConv,onshore_a
ME,1,h0039,0.5236069988682595,scr2016,avaConv,onshore_a
ME,1,h0040,0.30101815598402404,scr2016,avaConv,onshore_a
ME,1,h0041,0.3467139205984797,scr2016,avaConv,onshore_a
ME,1,h0042,0.2026686972483081,scr2016,avaConv,onshore_a
ME,1,h0043,0.21962427657444084,scr2016,avaConv,onshore_a
ME,1,h0044,0.3933542598065704,scr2016,avaConv,onshore_a
ME,1,h0045,0.44195590532176987,scr2016,avaConv,onshore_a
ME,1,h0046,0.44149710456077923,scr2016,avaConv,onshore_a
ME,1,h0047,0.5340916640792794,scr2016,avaConv,onshore_a
ME,1,h0048,0.4963716231110013,scr2016,avaConv,onshore_a
MK,1,h0025,0.01742552273455191,scr2016,avaConv,onshore_a
MK,1,h0026,0.017240649953424655,scr2016,avaConv,onshore_a
MK,1,h0027,0.026695692335354314,scr2016,avaConv,onshore_a
MK,1,h0028,0.22294533984739454,scr2016,avaConv,onshore_a
MK,1,h0029,0.24549240570701963,scr2016,avaConv,onshore_a
MK,1,h0030,0.22851910667194159,scr2016,avaConv,onshore_a
MK,1,h0031,0.01703348376216605,scr2016,avaConv,onshore_a
MK,1,h0032,0.011842823571694529,scr2016,avaConv,onshore_a
MK,1,h0033,0.2898311725805641,scr2016,avaConv,onshore_a
MK,1,h0034,0.37129333595746267,scr2016,avaConv,onshore_a
MK,1,h0035,0.6741583976002277,scr2016,avaConv,onshore_a
MK,1,h0036,0.38427070841234245,scr2016,avaConv,onshore_a
MK,1,h0037,0.5274326668982909,scr2016,avaConv,onshore_a
MK,1,h0038,0.28867010863680387,scr2016,avaConv,onshore_a
MK,1,h0039,0.19173827302148008,scr2016,avaConv,onshore_a
MK,1,h0040,0.0532279898272472,scr2016,avaConv,onshore_a
MK,1,h0041,0.02844610388509495,scr2016,avaConv,onshore_a
MK,1,h0042,0.09483487469929126,scr2016,avaConv,onshore_a
MK,1,h0043,0.06972917887593873,scr2016,avaConv,onshore_a
MK,1,h0044,0.23517445274179014,scr2016,avaConv,onshore_a
MK,1,h0045,0.21206786741505163,scr2016,avaConv,onshore_a
MK,1,h0046,0.20679640532033733,scr2016,avaConv,onshore_a
MK,1,h0047,0.12653552305839907,scr2016,avaConv,onshore_a
MK,1,h0048,0.1657050414750454,scr2016,avaConv,onshore_a
NL,1,h0025,0.11443465792352162,scr2016,avaConv,onshore_a
NL,1,h0026,0.06705411091285769,scr2016,avaConv,onshore_a
NL,1,h0027,0.18781870845750914,scr2016,avaConv,onshore_a
NL,1,h0028,0.18386373888306295,scr2016,avaConv,onshore_a
NL,1,h0029,0.4112451725534018,scr2016,avaConv,onshore_a
NL,1,h0030,0.46769149287737244,scr2016,avaConv,onshore_a
NL,1,h0031,0.4476945083506853,scr2016,avaConv,onshore_a
NL,1,h0032,0.22038068736483415,scr2016,avaConv,onshore_a
NL,1,h0033,0.031888585759782866,scr2016,avaConv,onshore_a
NL,1,h0034,0.19750879039484337,scr2016,avaConv,onshore_a
NL,1,h0035,0.1628447749438239,scr2016,avaConv,onshore_a
NL,1,h0036,0.1800573457780087,scr2016,avaConv,onshore_a
NL,1,h0037,0.06768700437145629,scr2016,avaConv,onshore_a
NL,1,h0038,0.15640673178033143,scr2016,avaConv,onshore_a
NL,1,h0039,0.24035092953853646,scr2016,avaConv,onshore_a
NL,1,h0040,0.22050448250844717,scr2016,avaConv,onshore_a
NL,1,h0041,0.2501941550049045,scr2016,avaConv,onshore_a
NL,1,h0042,0.1797683149895983,scr2016,avaConv,onshore_a
NL,1,h0043,0.4128537575149353,scr2016,avaConv,onshore_a
NL,1,h0044,0.4850302848954604,scr2016,avaConv,onshore_a
NL,1,h0045,0.6702622247900011,scr2016,avaConv,onshore_a
NL,1,h0046,0.37217036917117874,scr2016,avaConv,onshore_a
NL,1,h0047,0.23834673750982913,scr2016,avaConv,onshore_a
NL,1,h0048,0.05927112957114799,scr2016,avaConv,onshore_a
PL,1,h0025,0.22795700381340525,scr2016,avaConv,onshore_a
PL,1,h0026,0.3864478112424893,scr2016,avaConv,onshore_a
PL,1,h0027,0.4633510570393327,scr2016,avaConv,onshore_a
PL,1,h0028,0.32847691050635014,scr2016,avaConv,onshore_a
PL,1,h0029,0.31399789528433275,scr2016,avaConv,onshore_a
PL,1,h0030,0.278106523374275,scr2016,avaConv,onshore_a
PL,1,h0031,0.30675660542442285,scr2016,avaConv,onshore_a
PL,1,h0032,0.1500343246304719,scr2016,avaConv,onshore_a
PL,1,h0033,0.04930782496449413,scr2016,avaConv,onshore_a
PL,1,h0034,0.13231298873927014,scr2016,avaConv,onshore_a
PL,1,h0035,0.1921274752277067,scr2016,avaConv,onshore_a
PL,1,h0036,0.3421920247783942,scr2016,avaConv,onshore_a
PL,1,h0037,0.3249178992288029,scr2016,avaConv,onshore_a
PL,1,h0038,0.35494483275809124,scr2016,avaConv,onshore_a
PL,1,h0039,0.3440914222531445,scr2016,avaConv,onshore_a
PL,1,h0040,0.34888721743876433,scr2016,avaConv,onshore_a
PL,1,h0041,0.2505558568339745,scr2016,avaConv,onshore_a
PL,1,h0042,0.10408169931024437,scr2016,avaConv,onshore_a
PL,1,h0043,0.06263427284281824,scr2016,avaConv,onshore_a
PL,1,h0044,0.18348220608630483,scr2016,avaConv,onshore_a
PL,1,h0045,0.40936929776022785,scr2016,avaConv,onshore_a
PL,1,h0046,0.34750178617833805,scr2016,avaConv,onshore_a
PL,1,h0047,0.24099698126435337,scr2016,avaConv,onshore_a
PL,1,h0048,0.07054507595938357,scr2016,avaConv,onshore_a
PT,1,h0025,0.25432724088168557,scr2016,avaConv,onshore_a
PT,1,h0026,0.11479582252635566,scr2016,avaConv,onshore_a
PT,1,h0027,0.10642345938531177,scr2016,avaConv,onshore_a
PT,1,h0028,0.19823944682591174,scr2016,avaConv,onshore_a
PT,1,h0029,0.29529716798739264,scr2016,avaConv,onshore_a
PT,1,h0030,0.31795032627382913,scr2016,avaConv,onshore_a
PT,1,h0031,0.3622038580696532,scr2016,avaConv,onshore_a
PT,1,h0032,0.4496350756221432,scr2016,avaConv,onshore_a
PT,1,h0033,0.5838130740735646,scr2016,avaConv,onshore_a
PT,1,h0034,0.7064112846559062,scr2016,avaConv,onshore_a
PT,1,h0035,0.6009160362056919,scr2016,avaConv,onshore_a
PT,1,h0036,0.3804801069537187,scr2016,avaConv,onshore_a
PT,1,h0037,0.16084075591068586,scr2016,avaConv,onshore_a
PT,1,h0038,0.15480959838536046,scr2016,avaConv,onshore_a
PT,1,h0039,0.17915865083787938,scr2016,avaConv,onshore_a
PT,1,h0040,0.29154005116686355,scr2016,avaConv,onshore_a
PT,1,h0041,0.3434934627673443,scr2016,avaConv,onshore_a
PT,1,h0042,0.4050109821361517,scr2016,avaConv,onshore_a
PT,1,h0043,0.4959596722729467,scr2016,avaConv,onshore_a
PT,1,h0044,0.4756414457405952,scr2016,avaConv,onshore_a
PT,1,h0045,0.44927690821438165,scr2016,avaConv,onshore_a
PT,1,h0046,0.44396679456496707,scr2016,avaConv,onshore_a
PT,1,h0047,0.4632778414733798,scr2016,avaConv,onshore_a
PT,1,h0048,0.48300102783293547,scr2016,avaConv,onshore_a
RO,1,h0025,0.2024328163901964,scr2016,avaConv,onshore_a
RO,1,h0026,0.3259149312968763,scr2016,avaConv,onshore_a
RO,1,h0027,0.2819580157125271,scr2016,avaConv,onshore_a
RO,1,h0028,0.38661604203647626,scr2016,avaConv,onshore_a
RO,1,h0029,0.24875552172305404,scr2016,avaConv,onshore_a
RO,1,h0030,0.14648068109337417,scr2016,avaConv,onshore_a
RO,1,h0031,0.09951006103627856,scr2016,avaConv,onshore_a
RO,1,h0032,0.15271719640961612,scr2016,avaConv,onshore_a
RO,1,h0033,0.44516909989436687,scr2016,avaConv,onshore_a
RO,1,h0034,0.37096420996602225,scr2016,avaConv,onshore_a
RO,1,h0035,0.5809318373631844,scr2016,avaConv,onshore_a
RO,1,h0036,0.578770407552724,scr2016,avaConv,onshore_a
RO,1,h0037,0.9387329741135297,scr2016,avaConv,onshore_a
RO,1,h0038,0.7557709817022553,scr2016,avaConv,onshore_a
RO,1,h0039,0.49690997835425227,scr2016,avaConv,onshore_a
RO,1,h0040,0.12107741153668825,scr2016,avaConv,onshore_a
RO,1,h0041,0.4904594956037261,scr2016,avaConv,onshore_a
RO,1,h0042,0.5557382480055135,scr2016,avaConv,onshore_a
RO,1,h0043,0.6664187255702864,scr2016,avaConv,onshore_a
RO,1,h0044,0.20046468416888072,scr2016,avaConv,onshore_a
RO,1,h0045,0.09279787044624246,scr2016,avaConv,onshore_a
RO,1,h0046,0.04661972306819416,scr2016,avaConv,onshore_a
RO,1,h0047,0.00882899268252408,scr2016,avaConv,onshore_a
RO,1,h0048,0.12937951836332756,scr2016,avaConv,onshore_a
RS,1,h0025,0.1489241682861998,scr2016,avaConv,onshore_a
RS,1,h0026,0.02736418826353586,scr2016,avaConv,onshore_a
RS,1,h0027,0.20594888819388807,scr2016,avaConv,onshore_a
RS,1,h0028,0.4890022692999793,scr2016,avaConv,onshore_a
RS,1,h0029,0.48686594862316807,scr2016,avaConv,onshore_a
RS,1,h0030,0.38306780472743734,scr2016,avaConv,onshore_a
RS,1,h0031,0.10895374210283165,scr2016,avaConv,onshore_a
RS,1,h0032,0.12455975258113505,scr2016,avaConv,onshore_a
RS,1,h0033,0.1975111105607757,scr2016,avaConv,onshore_a
RS,1,h0034,0.20614321884459305,scr2016,avaConv,onshore_a
RS,1,h0035,0.5586880683493738,scr2016,avaConv,onshore_a
RS,1,h0036,0.566160661129695,scr2016,avaConv,onshore_a
RS,1,h0037,0.6212166097043602,scr2016,avaConv,onshore_a
RS,1,h0038,0.3017988436804155,scr2016,avaConv,onshore_a
RS,1,h0039,0.35569790434027315,scr2016,avaConv,onshore_a
RS,1,h0040,0.22562894854587384,scr2016,avaConv,onshore_a
RS,1,h0041,0.3115916757820875,scr2016,avaConv,onshore_a
RS,1,h0042,0.21153683580904847,scr2016,avaConv,onshore_a
RS,1,h0043,0.2052957092692094,scr2016,avaConv,onshore_a
RS,1,h0044,0.2184943280149775,scr2016,avaConv,onshore_a
RS,1,h0045,0.4203528544396804,scr2016,avaConv,onshore_a
RS,1,h0046,0.43838704515083377,scr2016,avaConv,onshore_a
RS,1,h0047,0.41560192121128403,scr2016,avaConv,onshore_a
RS,1,h0048,0.4445263728770362,scr2016,avaConv,onshore_a
SI,1,h0025,0.22723551858814645,scr2016,avaConv,onshore_a
SI,1,h0026,0.11628924257505519,scr2016,avaConv,onshore_a
SI,1,h0027,0.054145537368726016,scr2016,avaConv,onshore_a
SI,1,h0028,0.08222427249375175,scr2016,avaConv,onshore_a
SI,1,h0029,0.07534389800682693,scr2016,avaConv,onshore_a
SI,1,h0030,0.49521079910673416,scr2016,avaConv,onshore_a
SI,1,h0031,0.4536540231964343,scr2016,avaConv,onshore_a
SI,1,h0032,0.9499462770285327,scr2016,avaConv,onshore_a
SI,1,h0033,0.4340196910433834,scr2016,avaConv,onshore_a
SI,1,h0034,0.5298999069265411,scr2016,avaConv,onshore_a
SI,1,h0035,0.15415685667232057,scr2016,avaConv,onshore_a
SI,1,h0036,0.3775226938721592,scr2016,avaConv,onshore_a
SI,1,h0037,0.2365362654431387,scr2016,avaConv,onshore_a
SI,1,h0038,0.3755919306571587,scr2016,avaConv,onshore_a
SI,1,h0039,0.41635565146344206,scr2016,avaConv,onshore_a
SI,1,h0040,0.42702410171741684,scr2016,avaConv,onshore_a
SI,1,h0041,0.5368642129765597,scr2016,avaConv,onshore_a
SI,1,h0042,0.1625298914195633,scr2016,avaConv,onshore_a
SI,1,h0043,0.2281288539694093,scr2016,avaConv,onshore_a
SI,1,h0044,0.08933792257747333,scr2016,avaConv,onshore_a
SI,1,h0045,0.18017378411755605,scr2016,avaConv,onshore_a
SI,1,h0046,0.24852907228558807,scr2016,avaConv,onshore_a
SI,1,h0047,0.19938531774706433,scr2016,avaConv,onshore_a
SI,1,h0048,0.17664981935130614,scr2016,avaConv,onshore_a
SK,1,h0025,0.19244075191875787,scr2016,avaConv,onshore_a
SK,1,h0026,0.19104363348677403,scr2016,avaConv,onshore_a
SK,1,h0027,0.11080135162583175,scr2016,avaConv,onshore_a
SK,1,h0028,0.251318574242884,scr2016,avaConv,onshore_a
SK,1,h0029,0.23532248533342234,scr2016,avaConv,onshore_a
SK,1,h0030,0.2878144300260387,scr2016,avaConv,onshore_a
SK,1,h0031,0.1340430569801549,scr2016,avaConv,onshore_a
SK,1,h0032,0.17510526168998827,scr2016,avaConv,onshore_a
SK,1,h0033,0.2934206236163626,scr2016,avaConv,onshore_a
SK,1,h0034,0.2886489184426136,scr2016,avaConv,onshore_a
SK,1,h0035,0.4931208102324354,scr2016,avaConv,onshore_a
SK,1,h0036,0.41270182176499653,scr2016,avaConv,onshore_a
SK,1,h0037,0.40291011559460366,scr2016,avaConv,onshore_a
SK,1,h0038,0.28065113492281607,scr2016,avaConv,onshore_a
SK,1,h0039,0.26391278803507856,scr2016,avaConv,onshore_a
SK,1,h0040,0.22841420086177266,scr2016,avaConv,onshore_a
SK,1,h0041,0.14448879634205244,scr2016,avaConv,onshore_a
SK,1,h0042,0.053271650834774024,scr2016,avaConv,onshore_a
SK,1,h0043,0.057847285958852045,scr2016,avaConv,onshore_a
SK,1,h0044,0.08237385140421806,scr2016,avaConv,onshore_a
SK,1,h0045,0.20949516202552446,scr2016,avaConv,onshore_a
SK,1,h0046,0.20489425644058235,scr2016,avaConv,onshore_a
SK,1,h0047,0.14152389262669343,scr2016,avaConv,onshore_a
SK,1,h0048,0.15422850912863909,scr2016,avaConv,onshore_a
UK,1,h0025,0.2211654956717095,scr2016,avaConv,onshore_a
UK,1,h0026,0.17576265420956658,scr2016,avaConv,onshore_a
UK,1,h0027,0.13034493999225663,scr2016,avaConv,onshore_a
UK,1,h0028,0.24975708969467006,scr2016,avaConv,onshore_a
UK,1,h0029,0.5119997798487655,scr2016,avaConv,onshore_a
UK,1,h0030,0.4122776879005326,scr2016,avaConv,onshore_a
UK,1,h0031,0.27694144790314446,scr2016,avaConv,onshore_a
UK,1,h0032,0.11167721832748756,scr2016,avaConv,onshore_a
UK,1,h0033,0.17861357419489202,scr2016,avaConv,onshore_a
UK,1,h0034,0.3220213516296966,scr2016,avaConv,onshore_a
UK,1,h0035,0.24281524835621343,scr2016,avaConv,onshore_a
UK,1,h0036,0.3809098981445567,scr2016,avaConv,onshore_a
UK,1,h0037,0.23717878819816646,scr2016,avaConv,onshore_a
UK,1,h0038,0.27745071477609773,scr2016,avaConv,onshore_a
UK,1,h0039,0.13296553075287582,scr2016,avaConv,onshore_a
UK,1,h0040,0.14689189919094392,scr2016,avaConv,onshore_a
UK,1,h0041,0.32305505097481874,scr2016,avaConv,onshore_a
UK,1,h0042,0.24006057595214914,scr2016,avaConv,onshore_a
UK,1,h0043,0.33080458838145527,scr2016,avaConv,onshore_a
UK,1,h0044,0.20390739942674557,scr2016,avaConv,onshore_a
UK,1,h0045,0.24777987862308268,scr2016,avaConv,onshore_a
UK,1,h0046,0.20909474132871644,scr2016,avaConv,onshore_a
UK,1,h0047,0.14520971496845683,scr2016,avaConv,onshore_a
UK,1,h0048,0.168425990138039,scr2016,avaConv,onshore_a
AL,2,h0025,0.14254192140853963,scr2016,avaConv,onshore_b
AL,2,h0026,0.2336962070433624,scr2016,avaConv,onshore_b
AL,2,h0027,0.26484243884738073,scr2016,avaConv,onshore_b
AL,2,h0028,0.3437032221584272,scr2016,avaConv,onshore_b
AL,2,h0029,0.23371859175551865,scr2016,avaConv,onshore_b
AL,2,h0030,0.17764975744303457,scr2016,avaConv,onshore_b
AL,2,h0031,0.017408724807814593,scr2016,avaConv,onshore_b
AL,2,h0032,0.020560779913042167,scr2016,avaConv,onshore_b
AL,2,h0033,0.10748645138771913,scr2016,avaConv,onshore_b
AL,2,h0034,0.19483942551347344,scr2016,avaConv,onshore_b
AL,2,h0035,0.2885959718952702,scr2016,avaConv,onshore_b
AL,2,h0036,0.1814824290032453,scr2016,avaConv,onshore_b
AL,2,h0037,0.40730282235098797,scr2016,avaConv,onshore_b
AL,2,h0038,0.4973583068050052,scr2016,avaConv,onshore_b
AL,2,h0039,0.5280045171646579,scr2016,avaConv,onshore_b
AL,2,h0040,0.23455021392463413,scr2016,avaConv,onshore_b
AL,2,h0041,0.09783848136120638,scr2016,avaConv,onshore_b
AL,2,h0042,0.054923651872574704,scr2016,avaConv,onshore_b
AL,2,h0043,0.04120751728261643,scr2016,avaConv,onshore_b
AL,2,h0044,0.28389777529358634,scr2016,avaConv,onshore_b
AL,2,h0045,0.49076677688724746,scr2016,avaConv,onshore_b
AL,2,h0046,0.4709606797458475,scr2016,avaConv,onshore_b
AL,2,h0047,0.36317332050800843,scr2016,avaConv,onshore_b
AL,2,h0048,0.2978450189999065,scr2016,avaConv,onshore_b
AT,2,h0025,0.16255975629248556,scr2016,avaConv,onshore_b
AT,2,h0026,0.11399117615826646,scr2016,avaConv,onshore_b
AT,2,h0027,0.07412701551352584,scr2016,avaConv,onshore_b
AT,2,h0028,0.18586742887121732,scr2016,avaConv,onshore_b
AT,2,h0029,0.2261424140755638,scr2016,avaConv,onshore_b
AT,2,h0030,0.18838474381093054,scr2016,avaConv,onshore_b
AT,2,h0031,0.15372070346248418,scr2016,avaConv,onshore_b
AT,2,h0032,0.13131698474194883,scr2016,avaConv,onshore_b
AT,2,h0033,0.30755839653464784,scr2016,avaConv,onshore_b
AT,2,h0034,0.14023019206651482,scr2016,avaConv,onshore_b
AT,2,h0035,0.29797094986820943,scr2016,avaConv,onshore_b
AT,2,h0036,0.18300251643680793,scr2016,avaConv,onshore_b
AT,2,h0037,0.14430099346708014,scr2016,avaConv,onshore_b
AT,2,h0038,0.3161836292539472,scr2016,avaConv,onshore_b
AT,2,h0039,0.2352605281337196,scr2016,avaConv,onshore_b
AT,2,h0040,0.23523185983473383,scr2016,avaConv,onshore_b
AT,2,h0041,0.08672717663342916,scr2016,avaConv,onshore_b
AT,2,h0042,0.06379574115904965,scr2016,avaConv,onshore_b
AT,2,h0043,0.13859790494182417,scr2016,avaConv,onshore_b
AT,2,h0044,0.14221495627363248,scr2016,avaConv,onshore_b
AT,2,h0045,0.36606249668787616,scr2016,avaConv,onshore_b
AT,2,h0046,0.2894162120409912,scr2016,avaConv,onshore_b
AT,2,h0047,0.1538828146976189,scr2016,avaConv,onshore_b
AT,2,h0048,0.23499350722732076,scr2016,avaConv,onshore_b
BA,2,h0025,0.07276821574172203,scr2016,avaConv,onshore_b
BA,2,h0026,0.04378449184737059,scr2016,avaConv,onshore_b
BA,2,h0027,0.15429627908880664,scr2016,avaConv,onshore_b
BA,2,h0028,0.4047067652741501,scr2016,avaConv,onshore_b
BA,2,h0029,0.5018030301975447,scr2016,avaConv,onshore_b
BA,2,h0030,0.37834365913854695,scr2016,avaConv,onshore_b
BA,2,h0031,0.12558967137157553,scr2016,avaConv,onshore_b
BA,2,h0032,0.10465933646578016,scr2016,avaConv,onshore_b
BA,2,h0033,0.046577468447673014,scr2016,avaConv,onshore_b
BA,2,h0034,0.02944571288553398,scr2016,avaConv,onshore_b
BA,2,h0035,0.09944958778479186,scr2016,avaConv,onshore_b
BA,2,h0036,0.409527460157924,scr2016,avaConv,onshore_b
BA,2,h0037,0.4703397582963948,scr2016,avaConv,onshore_b
BA,2,h0038,0.28622726711807644,scr2016,avaConv,onshore_b
BA,2,h0039,0.301639758055155,scr2016,avaConv,onshore_b
BA,2,h0040,0.23693362080018626,scr2016,avaConv,onshore_b
BA,2,h0041,0.38815918048508447,scr2016,avaConv,onshore_b
BA,2,h0042,0.07794020776092864,scr2016,avaConv,onshore_b
BA,2,h0043,0.07865612804499911,scr2016,avaConv,onshore_b
BA,2,h0044,0.03154997096848599,scr2016,avaConv,onshore_b
BA,2,h0045,0.09045836615791235,scr2016,avaConv,onshore_b
BA,2,h0046,0.12581678332696725,scr2016,avaConv,onshore_b
BA,2,h0047,0.20257024174123445,scr2016,avaConv,onshore_b
BA,2,h0048,0.24511798086800296,scr2016,avaConv,onshore_b
BE,2,h0025,0.1837226023962565,scr2016,avaConv,onshore_b
BE,2,h0026,0.12164011409081754,scr2016,avaConv,onshore_b
BE,2,h0027,0.1085927689578593,scr2016,avaConv,onshore_b
BE,2,h0028,0.04614672200482598,scr2016,avaConv,onshore_b
BE,2,h0029,0.2868601560685471,scr2016,avaConv,onshore_b
BE,2,h0030,0.34379866490241323,scr2016,avaConv,onshore_b
BE,2,h0031,0.32946585014528434,scr2016,avaConv,onshore_b
BE,2,h0032,0.10222547882662666,scr2016,avaConv,onshore_b
BE,2,h0033,0.02471138078011622,scr2016,avaConv,onshore_b
BE,2,h0034,0.0727161161468592,scr2016,avaConv,onshore_b
BE,2,h0035,0.046598161475424796,scr2016,avaConv,onshore_b
BE,2,h0036,0.054500827293154315,scr2016,avaConv,onshore_b
BE,2,h0037,0.14160565212133153,scr2016,avaConv,onshore_b
BE,2,h0038,0.19066754134787103,scr2016,avaConv,onshore_b
BE,2,h0039,0.49120153658982735,scr2016,avaConv,onshore_b
BE,2,h0040,0.2786970250399401,scr2016,avaConv,onshore_b
BE,2,h0041,0.28375384326466985,scr2016,avaConv,onshore_b
BE,2,h0042,0.04693938896014483,scr2016,avaConv,onshore_b
BE,2,h0043,0.08370934532408641,scr2016,avaConv,onshore_b
BE,2,h0044,0.03611193407050063,scr2016,avaConv,onshore_b
BE,2,h0045,0.08614191444069857,scr2016,avaConv,onshore_b
BE,2,h0046,0.10198442572937894,scr2016,avaConv,onshore_b
BE,2,h0047,0.28116424855008315,scr2016,avaConv,onshore_b
BE,2,h0048,0.212987518124501,scr2016,avaConv,onshore_b
BG,2,h0025,0.029731330048764933,scr2016,avaConv,onshore_b
BG,2,h0026,0.10231492752511988,scr2016,avaConv,onshore_b
BG,2,h0027,0.09915628984465344,scr2016,avaConv,onshore_b
BG,2,h0028,0.06228726846273297,scr2016,avaConv,onshore_b
BG,2,h0029,0.007725412543834071,scr2016,avaConv,onshore_b
BG,2,h0030,0.009796353819483938,scr2016,avaConv,onshore_b
BG,2,h0031,0.004037810233859159,scr2016,avaConv,onshore_b
BG,2,h0032,0.020166844973147063,scr2016,avaConv,onshore_b
BG,2,h0033,0.10669244505521341,scr2016,avaConv,onshore_b
BG,2,h0034,0.13748647348395107,scr2016,avaConv,onshore_b
BG,2,h0035,0.14272892888191033,scr2016,avaConv,onshore_b
BG,2,h0036,0.10971455298264941,scr2016,avaConv,onshore_b
BG,2,h0037,0.25954826695805405,scr2016,avaConv,onshore_b
BG,2,h0038,0.26350253932368023,scr2016,avaConv,onshore_b
BG,2,h0039,0.1622714985834513,scr2016,avaConv,onshore_b
BG,2,h0040,0.013264605787798794,scr2016,avaConv,onshore_b
BG,2,h0041,0.15850982495178978,scr2016,avaConv,onshore_b
BG,2,h0042,0.24674725082239937,scr2016,avaConv,onshore_b
BG,2,h0043,0.30474727891630077,scr2016,avaConv,onshore_b
BG,2,h0044,0.05871944418973463,scr2016,avaConv,onshore_b
BG,2,h0045,0.01167582672330753,scr2016,avaConv,onshore_b
BG,2,h0046,0.015876962713599743,scr2016,avaConv,onshore_b
BG,2,h0047,0.01721180637460187,scr2016,avaConv,onshore_b
BG,2,h0048,0.11990570190674477,scr2016,avaConv,onshore_b
CH,2,h0025,0.0501342479771579,scr2016,avaConv,onshore_b
CH,2,h0026,0.0370319397631675,scr2016,avaConv,onshore_b
CH,2,h0027,0.040110060763574845,scr2016,avaConv,onshore_b
CH,2,h0028,0.04337667600530564,scr2016,avaConv,onshore_b
CH,2,h0029,0.227814773341504,scr2016,avaConv,onshore_b
CH,2,h0030,0.2564887177826736,scr2016,avaConv,onshore_b
CH,2,h0031,0.2202471844506293,scr2016,avaConv,onshore_b
CH,2,h0032,0.07134120331129337,scr2016,avaConv,onshore_b
CH,2,h0033,0.13161655106756562,scr2016,avaConv,onshore_b
CH,2,h0034,0.1243325463718398,scr2016,avaConv,onshore_b
CH,2,h0035,0.09043316263422087,scr2016,avaConv,onshore_b
CH,2,h0036,0.008128169858484371,scr2016,avaConv,onshore_b
CH,2,h0037,0.04515206499918907,scr2016,avaConv,onshore_b
CH,2,h0038,0.09954431197432466,scr2016,avaConv,onshore_b
CH,2,h0039,0.22206853962703174,scr2016,avaConv,onshore_b
CH,2,h0040,0.139216744064938,scr2016,avaConv,onshore_b
CH,2,h0041,0.10642163721827816,scr2016,avaConv,onshore_b
CH,2,h0042,0.02196318987694445,scr2016,avaConv,onshore_b
CH,2,h0043,0.02657737519275943,scr2016,avaConv,onshore_b
CH,2,h0044,0.04739363546805483,scr2016,avaConv,onshore_b
CH,2,h0045,0.16335352893307734,scr2016,avaConv,onshore_b
CH,2,h0046,0.2936762631136797,scr2016,avaConv,onshore_b
CH,2,h0047,0.2162565595194275,scr2016,avaConv,onshore_b
CH,2,h0048,0.1097623546266494,scr2016,avaConv,onshore_b
CZ,2,h0025,0.18619786293243248,scr2016,avaConv,onshore_b
CZ,2,h0026,0.1860078294469755,scr2016,avaConv,onshore_b
CZ,2,h0027,0.2446432297267329,scr2016,avaConv,onshore_b
CZ,2,h0028,0.2868353089913565,scr2016,avaConv,onshore_b
CZ,2,h0029,0.3573908575755902,scr2016,avaConv,onshore_b
CZ,2,h0030,0.39338393327763754,scr2016,avaConv,onshore_b
CZ,2,h0031,0.42516215395198426,scr2016,avaConv,onshore_b
CZ,2,h0032,0.3505913748397878,scr2016,avaConv,onshore_b
CZ,2,h0033,0.2165274025392091,scr2016,avaConv,onshore_b
CZ,2,h0034,0.14305004806773391,scr2016,avaConv,onshore_b
CZ,2,h0035,0.1752968544325421,scr2016,avaConv,onshore_b
CZ,2,h0036,0.15458318216569764,scr2016,avaConv,onshore_b
CZ,2,h0037,0.09913483025876722,scr2016,avaConv,onshore_b
CZ,2,h0038,0.3145540041304694,scr2016,avaConv,onshore_b
CZ,2,h0039,0.4121392196926663,scr2016,avaConv,onshore_b
CZ,2,h0040,0.42958509461623406,scr2016,avaConv,onshore_b
CZ,2,h0041,0.1718216095597651,scr2016,avaConv,onshore_b
CZ,2,h0042,0.06846745300430236,scr2016,avaConv,onshore_b
CZ,2,h0043,0.17241567554622356,scr2016,avaConv,onshore_b
CZ,2,h0044,0.3328976744011496,scr2016,avaConv,onshore_b
CZ,2,h0045,0.5710347975833144,scr2016,avaConv,onshore_b
CZ,2,h0046,0.4227722602120877,scr2016,avaConv,onshore_b
CZ,2,h0047,0.24563736230162164,scr2016,avaConv,onshore_b
CZ,2,h0048,0.08539451285681408,scr2016,avaConv,onshore_b
DE,2,h0025,0.07055795199833585,scr2016,avaConv,onshore_b
DE,2,h0026,0.08948698018502593,scr2016,avaConv,onshore_b
DE,2,h0027,0.14027607560976468,scr2016,avaConv,onshore_b
DE,2,h0028,0.10740114723685194,scr2016,avaConv,onshore_b
DE,2,h0029,0.262937578834001,scr2016,avaConv,onshore_b
DE,2,h0030,0.31061145008947033,scr2016,avaConv,onshore_b
DE,2,h0031,0.34106524722527926,scr2016,avaConv,onshore_b
DE,2,h0032,0.1474960577288943,scr2016,avaConv,onshore_b
DE,2,h0033,0.03368707753720242,scr2016,avaConv,onshore_b
DE,2,h0034,0.08128809050455058,scr2016,avaConv,onshore_b
DE,2,h0035,0.04970529117276019,scr2016,avaConv,onshore_b
DE,2,h0036,0.08698715102906057,scr2016,avaConv,onshore_b
DE,2,h0037,0.058301855366626264,scr2016,avaConv,onshore_b
DE,2,h0038,0.14481492370235288,scr2016,avaConv,onshore_b
DE,2,h0039,0.28977989720646646,scr2016,avaConv,onshore_b
DE,2,h0040,0.24811072938527576,scr2016,avaConv,onshore_b
DE,2,h0041,0.18778043535315922,scr2016,avaConv,onshore_b
DE,2,h0042,0.056619897889515367,scr2016,avaConv,onshore_b
DE,2,h0043,0.17557428512741796,scr2016,avaConv,onshore_b
DE,2,h0044,0.30083174852831723,scr2016,avaConv,onshore_b
DE,2,h0045,0.516509127604897,scr2016,avaConv,onshore_b
DE,2,h0046,0.3160483322736805,scr2016,avaConv,onshore_b
DE,2,h0047,0.22046514369839693,scr2016,avaConv,onshore_b
DE,2,h0048,0.04646831461369681,scr2016,avaConv,onshore_b
EE,2,h0025,0.05497442882990695,scr2016,avaConv,onshore_b
EE,2,h0026,0.20715055644900204,scr2016,avaConv,onshore_b
EE,2,h0027,0.2033733131038262,scr2016,avaConv,onshore_b
EE,2,h0028,0.19841655273016734,scr2016,avaConv,onshore_b
EE,2,h0029,0.126715229064529,scr2016,avaConv,onshore_b
EE,2,h0030,0.13310417061163313,scr2016,avaConv,onshore_b
EE,2,h0031,0.1975652652099879,scr2016,avaConv,onshore_b
EE,2,h0032,0.13037537726398615,scr2016,avaConv,onshore_b
EE,2,h0033,0.23018116039058656,scr2016,avaConv,onshore_b
EE,2,h0034,0.20279067489694305,scr2016,avaConv,onshore_b
EE,2,h0035,0.2525738957012012,scr2016,avaConv,onshore_b
EE,2,h0036,0.24944341960042,scr2016,avaConv,onshore_b
EE,2,h0037,0.31814026519126803,scr2016,avaConv,onshore_b
EE,2,h0038,0.2370731399657711,scr2016,avaConv,onshore_b
EE,2,h0039,0.18345057736604,scr2016,avaConv,onshore_b
EE,2,h0040,0.05203731195473471,scr2016,avaConv,onshore_b
EE,2,h0041,0.05125914443320528,scr2016,avaConv,onshore_b
EE,2,h0042,0.0001897014077450291,scr2016,avaConv,onshore_b
EE,2,h0043,0.0,scr2016,avaConv,onshore_b
EE,2,h0044,0.022425346308228032,scr2016,avaConv,onshore_b
EE,2,h0045,0.08257953392409478,scr2016,avaConv,onshore_b
EE,2,h0046,0.0951435576907124,scr2016,avaConv,onshore_b
EE,2,h0047,0.14716837636993774,scr2016,avaConv,onshore_b
EE,2,h0048,0.12089295442703647,scr2016,avaConv,onshore_b
ES,2,h0025,0.12360397525090407,scr2016,avaConv,onshore_b
ES,2,h0026,0.06348955449224206,scr2016,avaConv,onshore_b
ES,2,h0027,0.026364495490589,scr2016,avaConv,onshore_b
ES,2,h0028,0.08167220531474408,scr2016,avaConv,onshore_b
ES,2,h0029,0.2082641327470916,scr2016,avaConv,onshore_b
ES,2,h0030,0.25218140314403875,scr2016,avaConv,onshore_b
ES,2,h0031,0.23626846820552608,scr2016,avaConv,onshore_b
ES,2,h0032,0.29579152879658094,scr2016,avaConv,onshore_b
ES,2,h0033,0.41195377150151746,scr2016,avaConv,onshore_b
ES,2,h0034,0.5098256546033186,scr2016,avaConv,onshore_b
ES,2,h0035,0.3413845577966742,scr2016,avaConv,onshore_b
ES,2,h0036,0.17254466822855943,scr2016,avaConv,onshore_b
ES,2,h0037,0.08797324346948701,scr2016,avaConv,onshore_b
ES,2,h0038,0.09770036980611536,scr2016,avaConv,onshore_b
ES,2,h0039,0.1078237737327581,scr2016,avaConv,onshore_b
ES,2,h0040,0.14070489776786413,scr2016,avaConv,onshore_b
ES,2,h0041,0.13287414454269153,scr2016,avaConv,onshore_b
ES,2,h0042,0.17958885848489,scr2016,avaConv,onshore_b
ES,2,h0043,0.2378653994353027,scr2016,avaConv,onshore_b
ES,2,h0044,0.25473469696176493,scr2016,avaConv,onshore_b
ES,2,h0045,0.259266645541709,scr2016,avaConv,onshore_b
ES,2,h0046,0.20495295665523164,scr2016,avaConv,onshore_b
ES,2,h0047,0.23110081809148286,scr2016,avaConv,onshore_b
ES,2,h0048,0.20033374177343188,scr2016,avaConv,onshore_b
FI,2,h0025,0.17128333680461322,scr2016,avaConv,onshore_b
FI,2,h0026,0.44263891107444187,scr2016,avaConv,onshore_b
FI,2,h0027,0.43409565869455946,scr2016,avaConv,onshore_b
FI,2,h0028,0.44171093683633517,scr2016,avaConv,onshore_b
FI,2,h0029,0.44167684884216535,scr2016,avaConv,onshore_b
FI,2,h0030,0.43617665836759,scr2016,avaConv,onshore_b
FI,2,h0031,0.29471180530616176,scr2016,avaConv,onshore_b
FI,2,h0032,0.05787278848268467,scr2016,avaConv,onshore_b
FI,2,h0033,0.19956153504900168,scr2016,avaConv,onshore_b
FI,2,h0034,0.25121903550487856,scr2016,avaConv,onshore_b
FI,2,h0035,0.25025649338118283,scr2016,avaConv,onshore_b
FI,2,h0036,0.11534138298860006,scr2016,avaConv,onshore_b
FI,2,h0037,0.17197414747307177,scr2016,avaConv,onshore_b
FI,2,h0038,0.11986561127242551,scr2016,avaConv,onshore_b
FI,2,h0039,0.36602766678412524,scr2016,avaConv,onshore_b
FI,2,h0040,0.245830261744177,scr2016,avaConv,onshore_b
FI,2,h0041,0.23223015205439557,scr2016,avaConv,onshore_b
FI,2,h0042,0.0030241676303865627,scr2016,avaConv,onshore_b
FI,2,h0043,0.037116380002638276,scr2016,avaConv,onshore_b
FI,2,h0044,0.1952373151625182,scr2016,avaConv,onshore_b
FI,2,h0045,0.2619216148009131,scr2016,avaConv,onshore_b
FI,2,h0046,0.26553064911212043,scr2016,avaConv,onshore_b
FI,2,h0047,0.13992991192204737,scr2016,avaConv,onshore_b
FI,2,h0048,0.10034385876240445,scr2016,avaConv,onshore_b
FR,2,h0025,0.1700822907265495,scr2016,avaConv,onshore_b
FR,2,h0026,0.10124880482356428,scr2016,avaConv,onshore_b
FR,2,h0027,0.09845443304920677,scr2016,avaConv,onshore_b
FR,2,h0028,0.050429388328041634,scr2016,avaConv,onshore_b
FR,2,h0029,0.2568766432914338,scr2016,avaConv,onshore_b
FR,2,h0030,0.2452250277725567,scr2016,avaConv,onshore_b
FR,2,h0031,0.23548261316689484,scr2016,avaConv,onshore_b
FR,2,h0032,0.061228094550893265,scr2016,avaConv,onshore_b
FR,2,h0033,0.07938574120412778,scr2016,avaConv,onshore_b
FR,2,h0034,0.07617651065565424,scr2016,avaConv,onshore_b
FR,2,h0035,0.09357407799237952,scr2016,avaConv,onshore_b
FR,2,h0036,0.056590514271159464,scr2016,avaConv,onshore_b
FR,2,h0037,0.1833687088395137,scr2016,avaConv,onshore_b
FR,2,h0038,0.22171486897275736,scr2016,avaConv,onshore_b
FR,2,h0039,0.3092965713139434,scr2016,avaConv,onshore_b
FR,2,h0040,0.15381025189671474,scr2016,avaConv,onshore_b
FR,2,h0041,0.11351179764482183,scr2016,avaConv,onshore_b
FR,2,h0042,0.07846416937433594,scr2016,avaConv,onshore_b
FR,2,h0043,0.14759081526969675,scr2016,avaConv,onshore_b
FR,2,h0044,0.10959682425149685,scr2016,avaConv,onshore_b
FR,2,h0045,0.12016363894407016,scr2016,avaConv,onshore_b
FR,2,h0046,0.19276871365201473,scr2016,avaConv,onshore_b
FR,2,h0047,0.3198848686795803,scr2016,avaConv,onshore_b
FR,2,h0048,0.3662117876433808,scr2016,avaConv,onshore_b
GR,2,h0025,0.07039664123389945,scr2016,avaConv,onshore_b
GR,2,h0026,0.08937659709843399,scr2016,avaConv,onshore_b
GR,2,h0027,0.0818441034435176,scr2016,avaConv,onshore_b
GR,2,h0028,0.15824614277467122,scr2016,avaConv,onshore_b
GR,2,h0029,0.15625409111177307,scr2016,avaConv,onshore_b
GR,2,h0030,0.10583075087466512,scr2016,avaConv,onshore_b
GR,2,h0031,0.0028545066875942924,scr2016,avaConv,onshore_b
GR,2,h0032,0.002382540664357123,scr2016,avaConv,onshore_b
GR,2,h0033,0.0747427792065484,scr2016,avaConv,onshore_b
GR,2,h0034,0.19112955495458564,scr2016,avaConv,onshore_b
GR,2,h0035,0.476931941253162,scr2016,avaConv,onshore_b
GR,2,h0036,0.1498303057413521,scr2016,avaConv,onshore_b
GR,2,h0037,0.43013211507844235,scr2016,avaConv,onshore_b
GR,2,h0038,0.38308518241977696,scr2016,avaConv,onshore_b
GR,2,h0039,0.48642188879143056,scr2016,avaConv,onshore_b
GR,2,h0040,0.17331778663293979,scr2016,avaConv,onshore_b
GR,2,h0041,0.15023190632827008,scr2016,avaConv,onshore_b
GR,2,h0042,0.22931298645518283,scr2016,avaConv,onshore_b
GR,2,h0043,0.1158402591276675,scr2016,avaConv,onshore_b
GR,2,h0044,0.15513297482246383,scr2016,avaConv,onshore_b
GR,2,h0045,0.367471213524654,scr2016,avaConv,onshore_b
GR,2,h0046,0.3490244418386719,scr2016,avaConv,onshore_b
GR,2,h0047,0.28432191943046115,scr2016,avaConv,onshore_b
GR,2,h0048,0.28630378491927355,scr2016,avaConv,onshore_b
HR,2,h0025,0.21624916698168897,scr2016,avaConv,onshore_b
HR,2,h0026,0.10400789844823499,scr2016,avaConv,onshore_b
HR,2,h0027,0.153882368814074,scr2016,avaConv,onshore_b
HR,2,h0028,0.31664040163729407,scr2016,avaConv,onshore_b
HR,2,h0029,0.32883732099552854,scr2016,avaConv,onshore_b
HR,2,h0030,0.4473645486569309,scr2016,avaConv,onshore_b
HR,2,h0031,0.12960589567513586,scr2016,avaConv,onshore_b
HR,2,h0032,0.1515975354211155,scr2016,avaConv,onshore_b
HR,2,h0033,0.028860691403867402,scr2016,avaConv,onshore_b
HR,2,h0034,0.03673146813956151,scr2016,avaConv,onshore_b
HR,2,h0035,0.03969642141427854,scr2016,avaConv,onshore_b
HR,2,h0036,0.28119821053783506,scr2016,avaConv,onshore_b
HR,2,h0037,0.30077899379582423,scr2016,avaConv,onshore_b
HR,2,h0038,0.26811877873291556,scr2016,avaConv,onshore_b
HR,2,h0039,0.22841435963094103,scr2016,avaConv,onshore_b
HR,2,h0040,0.20252474000433288,scr2016,avaConv,onshore_b
HR,2,h0041,0.4842141295495562,scr2016,avaConv,onshore_b
HR,2,h0042,0.1401136459702595,scr2016,avaConv,onshore_b
HR,2,h0043,0.1463191904354593,scr2016,avaConv,onshore_b
HR,2,h0044,0.0071017161477027685,scr2016,avaConv,onshore_b
HR,2,h0045,0.08576227957764782,scr2016,avaConv,onshore_b
HR,2,h0046,0.07721498350842285,scr2016,avaConv,onshore_b
HR,2,h0047,0.15008535375837573,scr2016,avaConv,onshore_b
HR,2,h0048,0.033803603460265993,scr2016,avaConv,onshore_b
HU,2,h0025,0.23431859884426992,scr2016,avaConv,onshore_b
HU,2,h0026,0.21779894148745269,scr2016,avaConv,onshore_b
HU,2,h0027,0.09564327586552461,scr2016,avaConv,onshore_b
HU,2,h0028,0.17277621891756617,scr2016,avaConv,onshore_b
HU,2,h0029,0.15553532459475386,scr2016,avaConv,onshore_b
HU,2,h0030,0.23366152933865555,scr2016,avaConv,onshore_b
HU,2,h0031,0.10301051063718397,scr2016,avaConv,onshore_b
HU,2,h0032,0.1426028572571223,scr2016,avaConv,onshore_b
HU,2,h0033,0.2943646075805877,scr2016,avaConv,onshore_b
HU,2,h0034,0.20641928988601743,scr2016,avaConv,onshore_b
HU,2,h0035,0.36157195608125475,scr2016,avaConv,onshore_b
HU,2,h0036,0.2798080042444025,scr2016,avaConv,onshore_b
HU,2,h0037,0.26404273844746246,scr2016,avaConv,onshore_b
HU,2,h0038,0.3510096200806313,scr2016,avaConv,onshore_b
HU,2,h0039,0.2346429751470612,scr2016,avaConv,onshore_b
HU,2,h0040,0.22121574690602316,scr2016,avaConv,onshore_b
HU,2,h0041,0.12331999709846402,scr2016,avaConv,onshore_b
HU,2,h0042,0.06192334216084206,scr2016,avaConv,onshore_b
HU,2,h0043,0.08165336836200433,scr2016,avaConv,onshore_b
HU,2,h0044,0.031344588663338065,scr2016,avaConv,onshore_b
HU,2,h0045,0.18522053317345533,scr2016,avaConv,onshore_b
HU,2,h0046,0.18579406908274593,scr2016,avaConv,onshore_b
HU,2,h0047,0.11947814434093634,scr2016,avaConv,onshore_b
HU,2,h0048,0.2318247237385794,scr2016,avaConv,onshore_b
IE,2,h0025,0.36973834715330195,scr2016,avaConv,onshore_b
IE,2,h0026,0.28993978037166634,scr2016,avaConv,onshore_b
IE,2,h0027,0.12658363777704967,scr2016,avaConv,onshore_b
IE,2,h0028,0.23844153738216253,scr2016,avaConv,onshore_b
IE,2,h0029,0.5355023660781739,scr2016,avaConv,onshore_b
IE,2,h0030,0.5876760260596785,scr2016,avaConv,onshore_b
IE,2,h0031,0.34662955162662856,scr2016,avaConv,onshore_b
IE,2,h0032,0.17284992587873652,scr2016,avaConv,onshore_b
IE,2,h0033,0.3061045938849161,scr2016,avaConv,onshore_b
IE,2,h0034,0.30720339305592964,scr2016,avaConv,onshore_b
IE,2,h0035,0.28208529441443553,scr2016,avaConv,onshore_b
IE,2,h0036,0.18828387910465397,scr2016,avaConv,onshore_b
IE,2,h0037,0.2262283735110083,scr2016,avaConv,onshore_b
IE,2,h0038,0.2009877956117326,scr2016,avaConv,onshore_b
IE,2,h0039,0.18835654290384407,scr2016,avaConv,onshore_b
IE,2,h0040,0.1445264826629602,scr2016,avaConv,onshore_b
IE,2,h0041,0.1940926089801449,scr2016,avaConv,onshore_b
IE,2,h0042,0.15272524293008255,scr2016,avaConv,onshore_b
IE,2,h0043,0.26868688549343017,scr2016,avaConv,onshore_b
IE,2,h0044,0.2598142732451329,scr2016,avaConv,onshore_b
IE,2,h0045,0.21884507313570906,scr2016,avaConv,onshore_b
IE,2,h0046,0.16440056292769292,scr2016,avaConv,onshore_b
IE,2,h0047,0.07563611885938167,scr2016,avaConv,onshore_b
IE,2,h0048,0.187019481919976,scr2016,avaConv,onshore_b
LT,2,h0025,0.26001080542444266,scr2016,avaConv,onshore_b
LT,2,h0026,0.38310129828219497,scr2016,avaConv,onshore_b
LT,2,h0027,0.44558592780230794,scr2016,avaConv,onshore_b
LT,2,h0028,0.3029111919104066,scr2016,avaConv,onshore_b
LT,2,h0029,0.17103146412529804,scr2016,avaConv,onshore_b
LT,2,h0030,0.1704416597074654,scr2016,avaConv,onshore_b
LT,2,h0031,0.28097901287410953,scr2016,avaConv,onshore_b
LT,2,h0032,0.3107280730289264,scr2016,avaConv,onshore_b
LT,2,h0033,0.21988321476790204,scr2016,avaConv,onshore_b
LT,2,h0034,0.24764530590978662,scr2016,avaConv,onshore_b
LT,2,h0035,0.30371760706767187,scr2016,avaConv,onshore_b
LT,2,h0036,0.5633453501528506,scr2016,avaConv,onshore_b
LT,2,h0037,0.6671614818695849,scr2016,avaConv,onshore_b
LT,2,h0038,0.5807598258091785,scr2016,avaConv,onshore_b
LT,2,h0039,0.48393161787054795,scr2016,avaConv,onshore_b
LT,2,h0040,0.2281766766381682,scr2016,avaConv,onshore_b
LT,2,h0041,0.15646214161673178,scr2016,avaConv,onshore_b
LT,2,h0042,0.029379697747145894,scr2016,avaConv,onshore_b
LT,2,h0043,0.01612410430512184,scr2016,avaConv,onshore_b
LT,2,h0044,0.04771747546074555,scr2016,avaConv,onshore_b
LT,2,h0045,0.15430995076895293,scr2016,avaConv,onshore_b
LT,2,h0046,0.15312881747981102,scr2016,avaConv,onshore_b
LT,2,h0047,0.18866019396452793,scr2016,avaConv,onshore_b
LT,2,h0048,0.1571085709301996,scr2016,avaConv,onshore_b
LU,2,h0025,0.2377782254451448,scr2016,avaConv,onshore_b
LU,2,h0026,0.1949887838468111,scr2016,avaConv,onshore_b
LU,2,h0027,0.17085178873935244,scr2016,avaConv,onshore_b
LU,2,h0028,0.018528504985507482,scr2016,avaConv,onshore_b
LU,2,h0029,0.3088016307459184,scr2016,avaConv,onshore_b
LU,2,h0030,0.29095848601551805,scr2016,avaConv,onshore_b
LU,2,h0031,0.2970980535465386,scr2016,avaConv,onshore_b
LU,2,h0032,0.03894260148112991,scr2016,avaConv,onshore_b
LU,2,h0033,0.0005084040038828855,scr2016,avaConv,onshore_b
LU,2,h0034,0.16012592998527145,scr2016,avaConv,onshore_b
LU,2,h0035,0.14517698040899854,scr2016,avaConv,onshore_b
LU,2,h0036,0.23644206225859743,scr2016,avaConv,onshore_b
LU,2,h0037,0.319828849190153,scr2016,avaConv,onshore_b
LU,2,h0038,0.3856257894163816,scr2016,avaConv,onshore_b
LU,2,h0039,0.6495663319300293,scr2016,avaConv,onshore_b
LU,2,h0040,0.3857190793612843,scr2016,avaConv,onshore_b
LU,2,h0041,0.4888799937725045,scr2016,avaConv,onshore_b
LU,2,h0042,0.18211225735100428,scr2016,avaConv,onshore_b
LU,2,h0043,0.19396818213252884,scr2016,avaConv,onshore_b
LU,2,h0044,0.023674953539154022,scr2016,avaConv,onshore_b
LU,2,h0045,0.1412033607024024,scr2016,avaConv,onshore_b
LU,2,h0046,0.19340651037177475,scr2016,avaConv,onshore_b
LU,2,h0047,0.31707391718447264,scr2016,avaConv,onshore_b
LU,2,h0048,0.15304217767818798,scr2016,avaConv,onshore_b
LV,2,h0025,0.09157300290025737,scr2016,avaConv,onshore_b
LV,2,h0026,0.2710862047413321,scr2016,avaConv,onshore_b
LV,2,h0027,0.32709629428776466,scr2016,avaConv,onshore_b
LV,2,h0028,0.2725736896975898,scr2016,avaConv,onshore_b
LV,2,h0029,0.09496806530557382,scr2016,avaConv,onshore_b
LV,2,h0030,0.06043287468730043,scr2016,avaConv,onshore_b
LV,2,h0031,0.18761767468080467,scr2016,avaConv,onshore_b
LV,2,h0032,0.15918285398118193,scr2016,avaConv,onshore_b
LV,2,h0033,0.1797443992693738,scr2016,avaConv,onshore_b
LV,2,h0034,0.1358099997371053,scr2016,avaConv,onshore_b
LV,2,h0035,0.2074334366253079,scr2016,avaConv,onshore_b
LV,2,h0036,0.4285073743249248,scr2016,avaConv,onshore_b
LV,2,h0037,0.5014772980959542,scr2016,avaConv,onshore_b
LV,2,h0038,0.4126380734806952,scr2016,avaConv,onshore_b
LV,2,h0039,0.1920571153901413,scr2016,avaConv,onshore_b
LV,2,h0040,0.04341796254240178,scr2016,avaConv,onshore_b
LV,2,h0041,0.016355407093519278,scr2016,avaConv,onshore_b
LV,2,h0042,0.0014244725449779408,scr2016,avaConv,onshore_b
LV,2,h0043,0.0,scr2016,avaConv,onshore_b
LV,2,h0044,0.027816772424192403,scr2016,avaConv,onshore_b
LV,2,h0045,0.09233961085546483,scr2016,avaConv,onshore_b
LV,2,h0046,0.1022469689226079,scr2016,avaConv,onshore_b
LV,2,h0047,0.1333151140598347,scr2016,avaConv,onshore_b
LV,2,h0048,0.10355985680077219,scr2016,avaConv,onshore_b
ME,2,h0025,0.010573461746861607,scr2016,avaConv,onshore_b
ME,2,h0026,0.008113526968061566,scr2016,avaConv,onshore_b
ME,2,h0027,0.035675097108778545,scr2016,avaConv,onshore_b
ME,2,h0028,0.2616920761278947,scr2016,avaConv,onshore_b
ME,2,h0029,0.29303510224361856,scr2016,avaConv,onshore_b
ME,2,h0030,0.24251608744841838,scr2016,avaConv,onshore_b
ME,2,h0031,0.015126448122040535,scr2016,avaConv,onshore_b
ME,2,h0032,0.007239373185220034,scr2016,avaConv,onshore_b
ME,2,h0033,0.0469943813407441,scr2016,avaConv,onshore_b
ME,2,h0034,0.05619060731663681,scr2016,avaConv,onshore_b
ME,2,h0035,0.09761817684498472,scr2016,avaConv,onshore_b
ME,2,h0036,0.1378415841267741,scr2016,avaConv,onshore_b
ME,2,h0037,0.3216899322887151,scr2016,avaConv,onshore_b
ME,2,h0038,0.277132164365552,scr2016,avaConv,onshore_b
ME,2,h0039,0.26693467779621555,scr2016,avaConv,onshore_b
ME,2,h0040,0.0820530115319074,scr2016,avaConv,onshore_b
ME,2,h0041,0.11088938436594808,scr2016,avaConv,onshore_b
ME,2,h0042,0.03531688670262717,scr2016,avaConv,onshore_b
ME,2,h0043,0.041912107340345436,scr2016,avaConv,onshore_b
ME,2,h0044,0.14510871701187253,scr2016,avaConv,onshore_b
ME,2,h0045,0.1859986146878532,scr2016,avaConv,onshore_b
ME,2,h0046,0.18558739336830282,scr2016,avaConv,onshore_b
ME,2,h0047,0.27845392331815333,scr2016,avaConv,onshore_b
ME,2,h0048,0.23821542378608965,scr2016,avaConv,onshore_b
MK,2,h0025,0.00030182840462929586,scr2016,avaConv,onshore_b
MK,2,h0026,0.0002954127901100254,scr2016,avaConv,onshore_b
MK,2,h0027,0.0007127356495058873,scr2016,avaConv,onshore_b
MK,2,h0028,0.05124673466984402,scr2016,avaConv,onshore_b
MK,2,h0029,0.06222225486188142,scr2016,avaConv,onshore_b
MK,2,h0030,0.053860239637690724,scr2016,avaConv,onshore_b
MK,2,h0031,0.00028830599314374003,scr2016,avaConv,onshore_b
MK,2,h0032,0.00013864134944989773,scr2016,avaConv,onshore_b
MK,2,h0033,0.08693491599155696,scr2016,avaConv,onshore_b
MK,2,h0034,0.14317973741135895,scr2016,avaConv,onshore_b
MK,2,h0035,0.4760881161254029,scr2016,avaConv,onshore_b
MK,2,h0036,0.15343903375442197,scr2016,avaConv,onshore_b
MK,2,h0037,0.29038107527212603,scr2016,avaConv,onshore_b
MK,2,h0038,0.08623482248847271,scr2016,avaConv,onshore_b
MK,2,h0039,0.03782226440064644,scr2016,avaConv,onshore_b
MK,2,h0040,0.002861710121296801,scr2016,avaConv,onshore_b
MK,2,h0041,0.0008100043795664421,scr2016,avaConv,onshore_b
MK,2,h0042,0.00915967308593093,scr2016,avaConv,onshore_b
MK,2,h0043,0.004930114449441518,scr2016,avaConv,onshore_b
MK,2,h0044,0.05706665116145763,scr2016,avaConv,onshore_b
MK,2,h0045,0.04633482194597709,scr2016,avaConv,onshore_b
MK,2,h0046,0.04404401530012951,scr2016,avaConv,onshore_b
MK,2,h0047,0.016374403115626882,scr2016,avaConv,onshore_b
MK,2,h0048,0.028189814155585795,scr2016,avaConv,onshore_b
NL,2,h0025,0.07863406363944564,scr2016,avaConv,onshore_b
NL,2,h0026,0.04194124713075306,scr2016,avaConv,onshore_b
NL,2,h0027,0.14090610473231424,scr2016,avaConv,onshore_b
NL,2,h0028,0.13741847679715383,scr2016,avaConv,onshore_b
NL,2,h0029,0.3547343363382438,scr2016,avaConv,onshore_b
NL,2,h0030,0.4127896401359332,scr2016,avaConv,onshore_b
NL,2,h0031,0.3920707476505332,scr2016,avaConv,onshore_b
NL,2,h0032,0.17010125899936876,scr2016,avaConv,onshore_b
NL,2,h0033,0.017542776893805366,scr2016,avaConv,onshore_b
NL,2,h0034,0.14950632203352823,scr2016,avaConv,onshore_b
NL,2,h0035,0.11911397997611253,scr2016,avaConv,onshore_b
NL,2,h0036,0.1340745132913457,scr2016,avaConv,onshore_b
NL,2,h0037,0.042406755495666984,scr2016,avaConv,onshore_b
NL,2,h0038,0.11358904872449628,scr2016,avaConv,onshore_b
NL,2,h0039,0.1884005788473737,scr2016,avaConv,onshore_b
NL,2,h0040,0.17021381141628206,scr2016,avaConv,onshore_b
NL,2,h0041,0.19752227335462028,scr2016,avaConv,onshore_b
NL,2,h0042,0.1338211089293021,scr2016,avaConv,onshore_b
NL,2,h0043,0.35636998092524363,scr2016,avaConv,onshore_b
NL,2,h0044,0.4308833832256695,scr2016,avaConv,onshore_b
NL,2,h0045,0.6308384794917316,scr2016,avaConv,onshore_b
NL,2,h0046,0.3153628369964445,scr2016,avaConv,onshore_b
NL,2,h0047,0.1865513854478817,scr2016,avaConv,onshore_b
NL,2,h0048,0.036282802929559266,scr2016,avaConv,onshore_b
PL,2,h0025,0.14771156607225167,scr2016,avaConv,onshore_b
PL,2,h0026,0.2925254597371528,scr2016,avaConv,onshore_b
PL,2,h0027,0.3703301059755753,scr2016,avaConv,onshore_b
PL,2,h0028,0.23690979631063233,scr2016,avaConv,onshore_b
PL,2,h0029,0.22346533675618965,scr2016,avaConv,onshore_b
PL,2,h0030,0.19096856985083427,scr2016,avaConv,onshore_b
PL,2,h0031,0.2168121183467814,scr2016,avaConv,onshore_b
PL,2,h0032,0.08633256477546428,scr2016,avaConv,onshore_b
PL,2,h0033,0.02163695271840514,scr2016,avaConv,onshore_b
PL,2,h0034,0.0735510058698711,scr2016,avaConv,onshore_b
PL,2,h0035,0.11852233065156835,scr2016,avaConv,onshore_b
PL,2,h0036,0.2498143472094813,scr2016,avaConv,onshore_b
PL,2,h0037,0.23358785005509844,scr2016,avaConv,onshore_b
PL,2,h0038,0.26195724103900725,scr2016,avaConv,onshore_b
PL,2,h0039,0.25161421528053957,scr2016,avaConv,onshore_b
PL,2,h0040,0.25617229616324444,scr2016,avaConv,onshore_b
PL,2,h0041,0.16687710366440353,scr2016,avaConv,onshore_b
PL,2,h0042,0.05427441142653834,scr2016,avaConv,onshore_b
PL,2,h0043,0.02888151832331487,scr2016,avaConv,onshore_b
PL,2,h0044,0.11171557166612452,scr2016,avaConv,onshore_b
PL,2,h0045,0.315257795517755,scr2016,avaConv,onshore_b
PL,2,h0046,0.2548535444939418,scr2016,avaConv,onshore_b
PL,2,h0047,0.15870265914956652,scr2016,avaConv,onshore_b
PL,2,h0048,0.033416825614937855,scr2016,avaConv,onshore_b
PT,2,h0025,0.1195741228861247,scr2016,avaConv,onshore_b
PT,2,h0026,0.03501389145880967,scr2016,avaConv,onshore_b
PT,2,h0027,0.03125402810390516,scr2016,avaConv,onshore_b
PT,2,h0028,0.08096152893102311,scr2016,avaConv,onshore_b
PT,2,h0029,0.15129761755704957,scr2016,avaConv,onshore_b
PT,2,h0030,0.17004179522044996,scr2016,avaConv,onshore_b
PT,2,h0031,0.20902294406757535,scr2016,avaConv,onshore_b
PT,2,h0032,0.2947342200535822,scr2016,avaConv,onshore_b
PT,2,h0033,0.4470062453601928,scr2016,avaConv,onshore_b
PT,2,h0034,0.6062958918780806,scr2016,avaConv,onshore_b
PT,2,h0035,0.46811084576392437,scr2016,avaConv,onshore_b
PT,2,h0036,0.2260052533320932,scr2016,avaConv,onshore_b
PT,2,h0037,0.05855340579294429,scr2016,avaConv,onshore_b
PT,2,h0038,0.05520681616773378,scr2016,avaConv,onshore_b
PT,2,h0039,0.06917882749025477,scr2016,avaConv,onshore_b
PT,2,h0040,0.14827032523624334,scr2016,avaConv,onshore_b
PT,2,h0041,0.1921672397483165,scr2016,avaConv,onshore_b
PT,2,h0042,0.24958681387986525,scr2016,avaConv,onshore_b
PT,2,h0043,0.34457089791569295,scr2016,avaConv,onshore_b
PT,2,h0044,0.32234726076787085,scr2016,avaConv,onshore_b
PT,2,h0045,0.2943605316505266,scr2016,avaConv,onshore_b
PT,2,h0046,0.2888415538954226,scr2016,avaConv,onshore_b
PT,2,h0047,0.30910228554783264,scr2016,avaConv,onshore_b
PT,2,h0048,0.3303317268891235,scr2016,avaConv,onshore_b
RO,2,h0025,0.04808322474918953,scr2016,avaConv,onshore_b
RO,2,h0026,0.12051569380769052,scr2016,avaConv,onshore_b
RO,2,h0027,0.09110108153475453,scr2016,avaConv,onshore_b
RO,2,h0028,0.16764847874429606,scr2016,avaConv,onshore_b
RO,2,h0029,0.07153385644556084,scr2016,avaConv,onshore_b
RO,2,h0030,0.02581353445279759,scr2016,avaConv,onshore_b
RO,2,h0031,0.012327391695525837,scr2016,avaConv,onshore_b
RO,2,h0032,0.027964140482286383,scr2016,avaConv,onshore_b
RO,2,h0033,0.22020570410370666,scr2016,avaConv,onshore_b
RO,2,h0034,0.1547762037621717,scr2016,avaConv,onshore_b
RO,2,h0035,0.36853698084906666,scr2016,avaConv,onshore_b
RO,2,h0036,0.36588800779785435,scr2016,avaConv,onshore_b
RO,2,h0037,0.9331865766900548,scr2016,avaConv,onshore_b
RO,2,h0038,0.6132839532503701,scr2016,avaConv,onshore_b
RO,2,h0039,0.2723952734410052,scr2016,avaConv,onshore_b
RO,2,h0040,0.017922416839916168,scr2016,avaConv,onshore_b
RO,2,h0041,0.26559603077775423,scr2016,avaConv,onshore_b
RO,2,h0042,0.338235755696426,scr2016,avaConv,onshore_b
RO,2,h0043,0.4807052363704459,scr2016,avaConv,onshore_b
RO,2,h0044,0.04718688320206574,scr2016,avaConv,onshore_b
RO,2,h0045,0.010795072063132722,scr2016,avaConv,onshore_b
RO,2,h0046,0.0029888087690448256,scr2016,avaConv,onshore_b
RO,2,h0047,0.0002738499006011793,scr2016,avaConv,onshore_b
RO,2,h0048,0.020347300840435883,scr2016,avaConv,onshore_b
RS,2,h0025,0.03927411675161116,scr2016,avaConv,onshore_b
RS,2,h0026,0.002120785975081443,scr2016,avaConv,onshore_b
RS,2,h0027,0.06865424942094212,scr2016,avaConv,onshore_b
RS,2,h0028,0.3045573588760058,scr2016,avaConv,onshore_b
RS,2,h0029,0.3022687364687071,scr2016,avaConv,onshore_b
RS,2,h0030,0.1999821082557888,scr2016,avaConv,onshore_b
RS,2,h0031,0.022923566051375573,scr2016,avaConv,onshore_b
RS,2,h0032,0.02886944443894881,scr2016,avaConv,onshore_b
RS,2,h0033,0.06388040311196028,scr2016,avaConv,onshore_b
RS,2,h0034,0.0687658928923597,scr2016,avaConv,onshore_b
RS,2,h0035,0.3831316398004394,scr2016,avaConv,onshore_b
RS,2,h0036,0.39200274265329155,scr2016,avaConv,onshore_b
RS,2,h0037,0.4599640941031739,scr2016,avaConv,onshore_b
RS,2,h0038,0.13261138650932075,scr2016,avaConv,onshore_b
RS,2,h0039,0.17600563737127398,scr2016,avaConv,onshore_b
RS,2,h0040,0.08034362315908687,scr2016,avaConv,onshore_b
RS,2,h0041,0.14011129363445352,scr2016,avaConv,onshore_b
RS,2,h0042,0.07189483634799479,scr2016,avaConv,onshore_b
RS,2,h0043,0.06827955441536396,scr2016,avaConv,onshore_b
RS,2,h0044,0.07601692110089467,scr2016,avaConv,onshore_b
RS,2,h0045,0.23468548466237024,scr2016,avaConv,onshore_b
RS,2,h0046,0.25229960820599506,scr2016,avaConv,onshore_b
RS,2,h0047,0.23013447556786,scr2016,avaConv,onshore_b
RS,2,h0048,0.2584175503668739,scr2016,avaConv,onshore_b
SI,2,h0025,0.06454654586743423,scr2016,avaConv,onshore_b
SI,2,h0026,0.018320874151175736,scr2016,avaConv,onshore_b
SI,2,h0027,0.004353801411938884,scr2016,avaConv,onshore_b
SI,2,h0028,0.009548817394190064,scr2016,avaConv,onshore_b
SI,2,h0029,0.00810222624870609,scr2016,avaConv,onshore_b
SI,2,h0030,0.27916658337359374,scr2016,avaConv,onshore_b
SI,2,h0031,0.23675821542877756,scr2016,avaConv,onshore_b
SI,2,h0032,0.9499462770285327,scr2016,avaConv,onshore_b
SI,2,h0033,0.21786250132961893,scr2016,avaConv,onshore_b
SI,2,h0034,0.31705821210341995,scr2016,avaConv,onshore_b
SI,2,h0035,0.03112344350418305,scr2016,avaConv,onshore_b
SI,2,h0036,0.16761960588568534,scr2016,avaConv,onshore_b
SI,2,h0037,0.06960227258514266,scr2016,avaConv,onshore_b
SI,2,h0038,0.16601169100422056,scr2016,avaConv,onshore_b
SI,2,h0039,0.20149304494617867,scr2016,avaConv,onshore_b
SI,2,h0040,0.211308062318069,scr2016,avaConv,onshore_b
SI,2,h0041,0.3249369438205222,scr2016,avaConv,onshore_b
SI,2,h0042,0.0343771046791795,scr2016,avaConv,onshore_b
SI,2,h0043,0.06502439680228664,scr2016,avaConv,onshore_b
SI,2,h0044,0.011160732084832918,scr2016,avaConv,onshore_b
SI,2,h0045,0.041726288120135985,scr2016,avaConv,onshore_b
SI,2,h0046,0.0763839812206647,scr2016,avaConv,onshore_b
SI,2,h0047,0.050480953686011375,scr2016,avaConv,onshore_b
SI,2,h0048,0.04020530514302911,scr2016,avaConv,onshore_b
SK,2,h0025,0.06681315440850384,scr2016,avaConv,onshore_b
SK,2,h0026,0.06600864403972381,scr2016,avaConv,onshore_b
SK,2,h0027,0.026684393093911147,scr2016,avaConv,onshore_b
SK,2,h0028,0.10413571896648496,scr2016,avaConv,onshore_b
SK,2,h0029,0.0933500959419284,scr2016,avaConv,onshore_b
SK,2,h0030,0.13046834375371597,scr2016,avaConv,onshore_b
SK,2,h0031,0.03662272970833327,scr2016,avaConv,onshore_b
SK,2,h0032,0.05710842080515644,scr2016,avaConv,onshore_b
SK,2,h0033,0.13472068618900826,scr2016,avaConv,onshore_b
SK,2,h0034,0.13109786422254935,scr2016,avaConv,onshore_b
SK,2,h0035,0.31936106905713785,scr2016,avaConv,onshore_b
SK,2,h0036,0.23754017978788203,scr2016,avaConv,onshore_b
SK,2,h0037,0.22824403455663028,scr2016,avaConv,onshore_b
SK,2,h0038,0.12511432760159424,scr2016,avaConv,onshore_b
SK,2,h0039,0.11295509343342347,scr2016,avaConv,onshore_b
SK,2,h0040,0.08883836598875423,scr2016,avaConv,onshore_b
SK,2,h0041,0.04148906454846471,scr2016,avaConv,onshore_b
SK,2,h0042,0.007897297867475351,scr2016,avaConv,onshore_b
SK,2,h0043,0.009056839274446829,scr2016,avaConv,onshore_b
SK,2,h0044,0.016300160799294132,scr2016,avaConv,onshore_b
SK,2,h0045,0.07694360327063497,scr2016,avaConv,onshore_b
SK,2,h0046,0.07415464034699537,scr2016,avaConv,onshore_b
SK,2,h0047,0.04008327309048738,scr2016,avaConv,onshore_b
SK,2,h0048,0.04624183748018789,scr2016,avaConv,onshore_b
UK,2,h0025,0.17846204484755404,scr2016,avaConv,onshore_b
UK,2,h0026,0.13712884520173266,scr2016,avaConv,onshore_b
UK,2,h0027,0.09742991972223253,scr2016,avaConv,onshore_b
UK,2,h0028,0.20519918252683814,scr2016,avaConv,onshore_b
UK,2,h0029,0.4688471813412276,scr2016,avaConv,onshore_b
UK,2,h0030,0.36526787833403157,scr2016,avaConv,onshore_b
UK,2,h0031,0.2310684819673404,scr2016,avaConv,onshore_b
UK,2,h0032,0.08169301025620615,scr2016,avaConv,onshore_b
UK,2,h0033,0.1396795014924016,scr2016,avaConv,onshore_b
UK,2,h0034,0.27483356847733265,scr2016,avaConv,onshore_b
UK,2,h0035,0.19866144200967067,scr2016,avaConv,onshore_b
UK,2,h0036,0.333448171219853,scr2016,avaConv,onshore_b
UK,2,h0037,0.1933744512793039,scr2016,avaConv,onshore_b
UK,2,h0038,0.2315570293994002,scr2016,avaConv,onshore_b
UK,2,h0039,0.09966853688522304,scr2016,avaConv,onshore_b
UK,2,h0040,0.11167778231360927,scr2016,avaConv,onshore_b
UK,2,h0041,0.2758489217757373,scr2016,avaConv,onshore_b
UK,2,h0042,0.19607514526896283,scr2016,avaConv,onshore_b
UK,2,h0043,0.28347697269824457,scr2016,avaConv,onshore_b
UK,2,h0044,0.16257824207140292,scr2016,avaConv,onshore_b
UK,2,h0045,0.2033341482762185,scr2016,avaConv,onshore_b
UK,2,h0046,0.16733127416834237,scr2016,avaConv,onshore_b
UK,2,h0047,0.11021738955274837,scr2016,avaConv,onshore_b
UK,2,h0048,0.13059470476337043,scr2016,avaConv,onshore_b
