technology_3,region_4,mode,parameter,value
impH2Ship,,,costOprConv,503.7
impH2Ship,,base,effConv,1
impH2Ship,,base,varCostGen,0
impH2Ship,,flex,effConv,1.05
impH2Ship,,flex,varCostGen,2.619047619
impH2Pipe,,,costOprConv,729.708
impH2Pipe,,base,effConv,1
impH2Pipe,,base,varCostGen,0
impH2Pipe,,flex,effConv,1.05
impH2Pipe,,flex,varCostGen,4.17452
impMethane,,,costOprConv,910.164
impMethane,,base,effConv,1
impMethane,,base,varCostGen,0
impMethane,,flex,effConv,1.05
impMethane,,flex,varCostGen,5.206874286
impMethanol,,,costOprConv,935.568
impMethanol,,base,effConv,1
impMethanol,,base,varCostGen,0
impMethanol,,flex,effConv,1.05
impMethanol,,flex,varCostGen,5.352205714
impGas,,,costOprConv,230.4756
impGas,,base,effConv,1
impGas,,base,varCostGen,0
impGas,,flex,effConv,1.05
impGas,,flex,varCostGen,1.318506857
impOil,,,costOprConv,426.612
impOil,,base,effConv,1
impOil,,base,varCostGen,0
impOil,,flex,effConv,1.05
impOil,,flex,varCostGen,2.440565714
impH2Pipe,01ES,,capaConvFix,0
impH2Pipe,02ES,,capaConvFix,0
impH2Pipe,03ES,,capaConvFix,0
impH2Pipe,04ES,,capaConvFix,0
impH2Pipe,05ES,,capaConvFix,0
impH2Pipe,06ES,,capaConvFix,0
impH2Pipe,07ES,,capaConvFix,0
impH2Pipe,08ES,,capaConvFix,0
impH2Pipe,10ES,,capaConvFix,0
impH2Pipe,11ES,,capaConvFix,0
impH2Pipe,12PT,,capaConvFix,0
impH2Pipe,13PT,,capaConvFix,0
impH2Pipe,14FR,,capaConvFix,0
impH2Pipe,15FR,,capaConvFix,0
impH2Pipe,16FR,,capaConvFix,0
impH2Pipe,17FR,,capaConvFix,0
impH2Pipe,18FR,,capaConvFix,0
impH2Pipe,19FR,,capaConvFix,0
impH2Pipe,20FR,,capaConvFix,0
impH2Pipe,21FR,,capaConvFix,0
impH2Pipe,22FR,,capaConvFix,0
impH2Pipe,23FR,,capaConvFix,0
impH2Pipe,24FR,,capaConvFix,0
impH2Pipe,25FR,,capaConvFix,0
impH2Pipe,26FR,,capaConvFix,0
impH2Pipe,27FR,,capaConvFix,0
impH2Pipe,28BE,,capaConvFix,0
impH2Pipe,29LU,,capaConvFix,0
impH2Pipe,30NL,,capaConvFix,0
impH2Pipe,31DE,,capaConvFix,0
impH2Pipe,32DE,,capaConvFix,0
impH2Pipe,33DE,,capaConvFix,0
impH2Pipe,34DE,,capaConvFix,0
impH2Pipe,35DE,,capaConvFix,0
impH2Pipe,36DE,,capaConvFix,0
impH2Pipe,37DE,,capaConvFix,0
impH2Pipe,38DK,,capaConvFix,0
impH2Pipe,39CZ,,capaConvFix,0
impH2Pipe,40CZ,,capaConvFix,0
impH2Pipe,41PL,,capaConvFix,0
impH2Pipe,42PL,,capaConvFix,0
impH2Pipe,43PL,,capaConvFix,0
impH2Pipe,44PL,,capaConvFix,0
impH2Pipe,45PL,,capaConvFix,0
impH2Pipe,46SK,,capaConvFix,0
impH2Pipe,47CH,,capaConvFix,0
impH2Pipe,48CH,,capaConvFix,0
impH2Pipe,49AT,,capaConvFix,0
impH2Pipe,50AT,,capaConvFix,0
impH2Pipe,51AT,,capaConvFix,0
impH2Pipe,52IT,,capaConvFix,0
impH2Pipe,53IT,,capaConvFix,0
impH2Pipe,54IT,,capaConvFix,0
impH2Pipe,55IT,,capaConvFix,0
impH2Pipe,57SI,,capaConvFix,0
impH2Pipe,58HU,,capaConvFix,0
impH2Pipe,59RO,,capaConvFix,0
impH2Pipe,60RO,,capaConvFix,0
impH2Pipe,61RO,,capaConvFix,0
impH2Pipe,62HR,,capaConvFix,0
impH2Pipe,63BA,,capaConvFix,0
impH2Pipe,64ME,,capaConvFix,0
impH2Pipe,65RS,,capaConvFix,0
impH2Pipe,66BG,,capaConvFix,0
impH2Pipe,67MK,,capaConvFix,0
impH2Pipe,68GR,,capaConvFix,0
impH2Pipe,69GR,,capaConvFix,0
impH2Pipe,70AL,,capaConvFix,0
impH2Pipe,72DK,,capaConvFix,0
impH2Pipe,73EE,,capaConvFix,0
impH2Pipe,74FI,,capaConvFix,0
impH2Pipe,75FI,,capaConvFix,0
impH2Pipe,77LT,,capaConvFix,0
impH2Pipe,78LV,,capaConvFix,0
impH2Pipe,79NO,,capaConvFix,0
impH2Pipe,80NO,,capaConvFix,0
impH2Pipe,81NO,,capaConvFix,0
impH2Pipe,82NO,,capaConvFix,0
impH2Pipe,83NO,,capaConvFix,0
impH2Pipe,84NO,,capaConvFix,0
impH2Pipe,85NO,,capaConvFix,0
impH2Pipe,86SE,,capaConvFix,0
impH2Pipe,87SE,,capaConvFix,0
impH2Pipe,88SE,,capaConvFix,0
impH2Pipe,89SE,,capaConvFix,0
impH2Pipe,90UK,,capaConvFix,0
impH2Pipe,91UK,,capaConvFix,0
impH2Pipe,92UK,,capaConvFix,0
impH2Pipe,93UK,,capaConvFix,0
impH2Pipe,94UK,,capaConvFix,0
impH2Pipe,95UK,,capaConvFix,0
impH2Pipe,96IE,,capaConvFix,0
impH2Pipe,98IT,,capaConvFix,0
impH2Pipe,99FR,,capaConvFix,0
impH2Ship,01ES,,capaConvFix,0
impH2Ship,02ES,,capaConvFix,0
impH2Ship,03ES,,capaConvFix,0
impH2Ship,04ES,,capaConvFix,0
impH2Ship,05ES,,capaConvFix,0
impH2Ship,07ES,,capaConvFix,0
impH2Ship,08ES,,capaConvFix,0
impH2Ship,09ES,,capaConvFix,0
impH2Ship,10ES,,capaConvFix,0
impH2Ship,12PT,,capaConvFix,0
impH2Ship,13PT,,capaConvFix,0
impH2Ship,14FR,,capaConvFix,0
impH2Ship,15FR,,capaConvFix,0
impH2Ship,16FR,,capaConvFix,0
impH2Ship,17FR,,capaConvFix,0
impH2Ship,18FR,,capaConvFix,0
impH2Ship,19FR,,capaConvFix,0
impH2Ship,20FR,,capaConvFix,0
impH2Ship,21FR,,capaConvFix,0
impH2Ship,22FR,,capaConvFix,0
impH2Ship,23FR,,capaConvFix,0
impH2Ship,24FR,,capaConvFix,0
impH2Ship,25FR,,capaConvFix,0
impH2Ship,26FR,,capaConvFix,0
impH2Ship,27FR,,capaConvFix,0
impH2Ship,28BE,,capaConvFix,0
impH2Ship,29LU,,capaConvFix,0
impH2Ship,32DE,,capaConvFix,0
impH2Ship,33DE,,capaConvFix,0
impH2Ship,34DE,,capaConvFix,0
impH2Ship,35DE,,capaConvFix,0
impH2Ship,36DE,,capaConvFix,0
impH2Ship,37DE,,capaConvFix,0
impH2Ship,38DK,,capaConvFix,0
impH2Ship,39CZ,,capaConvFix,0
impH2Ship,40CZ,,capaConvFix,0
impH2Ship,41PL,,capaConvFix,0
impH2Ship,42PL,,capaConvFix,0
impH2Ship,43PL,,capaConvFix,0
impH2Ship,44PL,,capaConvFix,0
impH2Ship,45PL,,capaConvFix,0
impH2Ship,46SK,,capaConvFix,0
impH2Ship,47CH,,capaConvFix,0
impH2Ship,48CH,,capaConvFix,0
impH2Ship,49AT,,capaConvFix,0
impH2Ship,50AT,,capaConvFix,0
impH2Ship,51AT,,capaConvFix,0
impH2Ship,52IT,,capaConvFix,0
impH2Ship,53IT,,capaConvFix,0
impH2Ship,54IT,,capaConvFix,0
impH2Ship,55IT,,capaConvFix,0
impH2Ship,56IT,,capaConvFix,0
impH2Ship,57SI,,capaConvFix,0
impH2Ship,58HU,,capaConvFix,0
impH2Ship,59RO,,capaConvFix,0
impH2Ship,60RO,,capaConvFix,0
impH2Ship,61RO,,capaConvFix,0
impH2Ship,62HR,,capaConvFix,0
impH2Ship,63BA,,capaConvFix,0
impH2Ship,64ME,,capaConvFix,0
impH2Ship,65RS,,capaConvFix,0
impH2Ship,66BG,,capaConvFix,0
impH2Ship,67MK,,capaConvFix,0
impH2Ship,68GR,,capaConvFix,0
impH2Ship,70AL,,capaConvFix,0
impH2Ship,72DK,,capaConvFix,0
impH2Ship,73EE,,capaConvFix,0
impH2Ship,74FI,,capaConvFix,0
impH2Ship,75FI,,capaConvFix,0
impH2Ship,77LT,,capaConvFix,0
impH2Ship,78LV,,capaConvFix,0
impH2Ship,79NO,,capaConvFix,0
impH2Ship,80NO,,capaConvFix,0
impH2Ship,81NO,,capaConvFix,0
impH2Ship,82NO,,capaConvFix,0
impH2Ship,83NO,,capaConvFix,0
impH2Ship,84NO,,capaConvFix,0
impH2Ship,85NO,,capaConvFix,0
impH2Ship,86SE,,capaConvFix,0
impH2Ship,87SE,,capaConvFix,0
impH2Ship,88SE,,capaConvFix,0
impH2Ship,89SE,,capaConvFix,0
impH2Ship,91UK,,capaConvFix,0
impH2Ship,92UK,,capaConvFix,0
impH2Ship,93UK,,capaConvFix,0
impH2Ship,94UK,,capaConvFix,0
impH2Ship,95UK,,capaConvFix,0
impH2Ship,96IE,,capaConvFix,0
impH2Ship,98IT,,capaConvFix,0
impH2Ship,99FR,,capaConvFix,0
methaneToGas,all,,capaConvResi,1
methanolToOil,all,,capaConvResi,1
